ERROR,Remarks/Rebuttal,Invalid/Valid?,QAE FEEDBACK
73 - Build: Opacity was at 30% on hero images. Images should be at 40% minimum.,"Can you please point me to what document and where in that document it gives this rule? People are confused on if it's 30%, 35% or 40%. Thank you.",Updated,"This is a long-standing best practice. Not sure if it's written anywhere nowadays, but we can ask about it. "
"66. Build did create a home page gallery and gallery page. However the PBN 6 also has galleries on the CAT pages. https://hibu-one-showcase.hibuwebsites.com/home-services For the CAT pages where there are images, please add a gallery. Add Gallery Anchors: Also, best practice is to use the gallery anchors for the gallery page and showcase the images by category ie. Tree Services, Hardscaping Services, Landscaping Services, Snow Removal. Leaving up to artist to determine the categories. Gallery page: The third image is missing at the time of QA, perhaps it is just loading very slowly? Please check. https://snipboard.io/74hZbR.jpg","66. Build received this website with no gallery widgets in place on CAT pages.
https://my.websites.hibu.com/preview/ba5b19b3b2f1804047b6f1cfbbbc536c?device=desktop",Updated,Q:  Wouldn't Build add them based on image quantity?
Pool Services and Pool Store should populate Hero REQ form vs sub-navs for Pool Services only. Pool Store was not in services. fields for Request Service tab were not matched to external site form for which we have a CRF to use.,Non-Build process. Request Service page form and Hero form are CW/QA process.,Updated,Agreed.  Contact & Custom are the only Build options. 
Pool Services and Pool Store should populate Hero REQ form vs sub-navs for Pool Services only. Pool Store was not in services.  fields for Request Service tab were not matched to external site form for which we have a CRF to use.,Invalid - Pool Services and Pool Store have hero request forms and CWs do not edit the fields on request service page. ,Updated,"Agreed, it is realllly hard for a CW to get a QAE error. "
23: Email not on Contact page. https://snipboard.io/uy7mGq.jpg https://snipboard.io/qWRBxr.jpg Emails weren’t added to site: https://snipboard.io/5umnXs.jpg ,"Invalid: Client chose not to display email: https://snipboard.io/97FjAp.jpg
https://hibu--c.vf.force.com/apex/HibuVFPageContentOutput?id=500VN00000lOYgiYAG&ObjectType=case",Updated,Fair
Hid view more projects buttons under galleries on CAT pages as there’s no gallery page.  ,Invalid — These buttons are now Build's responsibility. CW doesn't know if there's going to be a gallery page or not.,Updated,Agreed - Build Error
Assistant number was listed as main number.,Invalid — This is the correct procedure when there is no Listings number. ,Updated,"Agree, weird hit, will work on."
" 2. CAT pages: single copyblock shouldn't span page, should be three blocks wide or balance with image https://snipboard.io/d5pKZz.jpg https://snipboard.io/12c57i.jpg ",Invalid: This is Build's responsibility. Post-CW backup looks as it should.,Updated,Fair
  https://snipboard.io/qtxEoP.jpg Link is not set on the Request button.,"Invalid: On post-CW backup, Request Service buttons are properly linked on all location pages: https://my.websites.hibu.com/preview/7c14970c3bd7c89977aeef74a2336678?device=desktop",Updated,Agreed
" Build: Swimming Pool SAP image, main focus obscured by form https://snipboard.io/Z7PrwE.jpg","Yes the hero form covers part of the pool, but you can clearly tell that it's a pool. Sure there could have been another photo chosen, but this doesn't seem like a ""wrong"" photo to me.",Updated,"A flip is a really good idea and would play well on Friday, but form or no form, the concept that a pool is there doesn't blow my mind.  Great feedback though, and good for consideration. "
Home gallery button to gallery page missing .https://snipboard.io/D0FlOR.jpg ,Invalid — CW cannot know if Build is going to use the Gallery or not.,,"There is another error for this section, so it won't affect the score. "
"All Gallery headlines read ""Recent Projects"". They are presenting their fleet of limo options vs asking you to view jobs like landscaping, etc.",Invalid — Gallery is not present in CW backup. Build added Gallery.,Updated,
"Wellness CAT services pages, Related Services links missing .https://snipboard.io/d5y0Qs.jpg",Invalid — Related Services are present in CW backup. https://snipboard.io/3eK7BW.jpg,Updated,Agreed - this happened during build
HCG page inconsistent capitalization .https://snipboard.io/JnSbGq.jpg ,Invalid — H1 is correct in CW backup. Error is introduced in Local Ranking backups. https://snipboard.io/xDjLRP.jpg,Updated,Updated and moved error to LR section
patients forms incorrectly ordered .https://snipboard.io/klnELI.jpg ,Invalid — Patient forms are correctly ordered in the CW backup. https://snipboard.io/U57mu6.jpg,Updated,Agreed - this happened during build
Blog pages should be hidden .https://snipboard.io/GPRiTW.jpg,Invalid — Blog pages are hidden in CW backup. https://snipboard.io/u6Hngo.jpg,Updated,
Single-zone mini-split page had the wrong H1. ,Invalid — This is correct in the CW backup. Probably a Local Ranking error. https://snipboard.io/MNZCBa.jpg,Updated,Not an error. It was part of the LR information. 
.https://snipboard.io/WfbAiI.jpg .https://snipboard.io/s0kRJj.jpg .https://snipboard.io/6yU8AR.jpg space missing between punctuation and linked text on multiple pages ,Invalid — This is a platform error that occurs when someone touches the text box.,Updated,
https://snipboard.io/60kH1Y.jpg https://snipboard.io/qFBdlL.jpg The LR links have to be in a straight line in the footer.,Can we get an FYI on this? Paul orginally said ok to move those links and then changed his mind. My team didn't find out until 2/6. ,Updated,
"1. https://snipboard.io/PxQgTW.jpg  I did see your assumption, however I confirmed with AM Anderson that we can only use part of the logo as the icons on callouts and coupons 2. https://snipboard.io/rtbV6s.jpg   The LR links have to be in a straight line under the footer. 3. https://snipboard.io/PFAMqh.jpg   https://snipboard.io/hSpDFV.jpg   Linked text can not be red.  ","1. I get that this is not preferable, but is this and actual rule written down in the rules somewhere and was this communicated to build? I do not recall hearing anything about this rule in any of our website meetings. 2. Can we get an FYI on this? Paul orginally said ok to move those links and then changed his mind. My team didn't find out until 2/6. 3. Paul said we could use red hyperlinks if it's part of the brand colors as a last resort",Updated ,"Per Paul, the icons are fine...until he changes his mind. :) However, since there are other image errors, the score won't change.

Updated other errors"
1. https://snipboard.io/r6JEXF.jpg The last letter of the headline should be on the same line as the rest of the headline. ,"1. When I preview this in 1366 px, I do not see the same issue, ""AC Services"" is all on the same line, see my screenshot- https://snipboard.io/atQrsf.jpg",n/a,"Since there are other errors in the font design section, updating this won't change the score. "
MOBILE/TABLET: section not removed: .https://snipboard.io/H3UW0I.jpg,"Invalid — CW doesn't check tablet or mobile. Even if valid, this seems like an excessively punitive category for template text.",Updated,It was made visible during build
1. https://snipboard.io/q59bHY.jpg Some of the icons are filled in and some are not. They have to be the same style for the whole site. 2.  https://snipboard.io/ErPpBV.jpg The leak detection page is under the Gas CAT. This image is of pipes that would apply for water leak detection.,"1. There are only two different Hydro Jetting icons and the one chosen looks the best of the two and doesn't look out of place here. 2. Agreed, but most people don't know this because this is a more recent type of water line that most houses don't have, can we get an FYI for this, the designer added this image after a search for gas lines. Now they know these are water lines, not gas lines.",Updated,Agreed 
.https://snipboard.io/CO9cFA.jpg I saw your assumption however since they have different types of catering we should have the services list. ,"Invalid — Assumption was made. QA can disagree with assumption and request changes, but it's not an error.",Valid,"An assumption isn't always exception from error. There are a variety of catering options in the pages. CW could have included Weddings, Reunions, Corporate Functions, etc in the drop down. This would give the business a heads up of what kind of event the request is for. https://snipboard.io/eOAZ4k.jpg"
.https://snipboard.io/j7yeRE.jpg Since this is an add on we should not make changes to any element on the site other than the add on pages.,Invalid — This should never have gotten this far with a location-based footer. CW changed it on my instruction.,Updated,"I talked to Cordell about this one. In the future, an assumption as to why the footer was changed and that the AM asked them to do it would help avoid us thinking the change was made without reason."
"Intro paragraph missing on the About page.
https://snipboard.io/f8itMz.jpg
","Invalid: Site written on 2/2/26 before instruction was given to put the About intro on the main About page. Previous to this update on 2/10, it was only required to be on the Additional Location pages. ",,Unable to locate this error on the form for this account. 
First paragraphs on CAT pages weren’t linked.,Invalid: I checked the first two CAT pages' first paragraphs and they were linked correctly on CW backup. ,Valid,There is no link in the intro paragraph on the CW backup. https://snipboard.io/FmJjDR.jpg
"The address in the footer, location landing page and location page are for the Springville location. 
https://snipboard.io/E2TCFA.jpg ","Invalid: This was linked correctly on CW backup - one address is for Springville, UT and the other is for South Salt Lake, UT.",Updated,
"The header reviews aren't showing the reviews widget, but a button to the reviews page. There isn't anything on the Q about having something like this, nor are there assumptions as to why this was done by CW. https://snipboard.io/idbhJk.jpg ","Invalid: The Reviews widget was used in the hero, but because the client doesn't have 3+ Hibu Reviews, the star average rating doesn't show in the header. This is by intention and not something the CW adjusts. Confirmed with Kim and Greg during Hibu One call.",Valid,CW replaced the Reviews widget with a button. https://snipboard.io/a0BW7H.jpg
"The location page does not show the phone number. https://snipboard.io/OlMan7.jpg 
https://snipboard.io/67pBtc.jpg 

I saw your assumption about using the same yext info on both location pages, however I did confirm with AM Anderson that if the additional locations Yext info is not filled out that we have to hide that section on that locations page. https://snipboard.io/W4VJft.jpg","Invalid: At the template level, the location landing page only comes in with the address and the call/text button with the location details button under the address. CWs weren't instructed to add the phone number manually here.

nvalid: This is opposite direction from what Maggie McCarty has told CW to leave it be. QAE can hide when it gets to them, but this isn't a CW error. ",Updated,Can you send that Yext info from Maggie to us? I don't think we got that update. We've always thought that CW hides/doesn't connect the content if it isn't available. 
"Since this is a multilocation, we want the geo in the H1 to be the two cities they have locations in. https://snipboard.io/NPehgb.jpg https://snipboard.io/GVm2tz.jpg ","Invalid: Even though they have two locations, this business is primarily service-area driven. They're more likely to come to their customers, since they tint windows for buildings, not cars. CW used the service area on the questionnaire which was, ""Serving Milkwaukee, Madison, and southern Wisconsin.""",Updated,
"They do not have the RCF set up for texting
https://snipboard.io/ChK9oG.jpg https://snipboard.io/4uJisn.jpg
","Invalid: On CW, I don't see the call/text popup anywhere. Was this added later, by build? CW backup has links to the request quote page only. ",Updated,
They do not want to display a mobile number. https://snipboard.io/3ReAKZ.jpg https://snipboard.io/20KZn8.jpg,"Invalid: On CW backup, the mobile number does not appear - only the main and alternate",Updated,Agreed - Happened during build
About page does not have the intro paragraph. https://snipboard.io/yf6mt4.jpg, Invalid: This site was written before the dispatch rolled out that all about pages need the intro paragraph. ,Updated,
"Are all links for buttons, images and text linked correctly?",Invalid: No feedback/comments for this deduction,Valid,"The firdst line I see is ""Home page - Learn More button under Plumbing Services was not linked to appropriate page"", let us know if you see different, please."
"Stanford, CT changed to Stamford, CT throughout site as that is the correct spelling per Google search https://snipboard.io/alTySI.jpg","Invalid: CWs follow the spelling on the questionnaire. Unless you're from the area, there's no reason to suspect that Stanford, CT is misspelled",Updated,"Fair, did that myself until I visited. DSC ERROR.  Note:  Was 1-4 before."
Serving area info missing from the footer.  https://snipboard.io/ivN1nA.jpg ,Invalid - CW backup has the service area displayed properly: https://snipboard.io/PuDm2M.jpg,Updated,Agreed - Happened during build
CW: The Marine Care Management folder should be a CAT as there are multiple tier 1 pages on the site. ,Invalid - instructions were unclear at time of site build since the rules did not explicitly say that having additional T1 pages means the CAT should not be a folder.,Updated ,"Agreed - Per the 12/11 dispatch. Instead of having a single Cat on the Home page, the Cat page can be turned into a folder instead. "
Blog should be hidden at this point https://snipboard.io/vH1Z7g.jpg ,Invalid - blog was not visible on CW backup.,Updated ,Agreed - Happened during build
"1. Pool Upgrades CAT page, Pool Repairs copyblock missing https://snipboard.io/nrkbFZ.jpg 

2. Start of Year Checklist page template text where FAQs should be so i guess the FAQs are missing https://snipboard.io/TXynhD.jpg ",Invalid - these pages were added by Vendor Opt.,Updated ,Agreed
Video widget: image URL is mistakenly in the video description place https://snipboard.io/Nd32f6.jpg,Invalid - not a error made by CW; CWs do not add image URLs.,Updated ,Updated to Build error
FWR to CW: I believe there should be a content section for the pricing page on the homepage. ,Invalid - pricing page is a T2 so it doesn't belong on the home page.,Updated ,Agreed
home and some CAT pages: single copyblock should not span the whole page. it should either be half the page and balanced by an image or incorporated to make a row of three blocks https://snipboard.io/as4zeD.jpg https://snipboard.io/qMZurt.jpg https://snipboard.io/bHfhuT.jpg,Invalid - this is a build error; the copy blocks do not span the whole page on CW backup: https://snipboard.io/AF4nI9.jpg https://snipboard.io/OKepMT.jpg https://snipboard.io/tYZODL.jpg,Updated ,Agreed. This is a build error
The geo in the header and the hero have to be in Yext to keep Google from flagging the site. ,Invalid - The geo in the header and hero match on CW backup. https://snipboard.io/0ARQbc.jpg,Valid,The error is that it doesn't match what's in Yext. https://snipboard.io/5wHaVU.jpg https://snipboard.io/txU9CD.jpg
Page not in a CAT should not have the related services block.  https://snipboard.io/wNlCKX.jpg ,Invalid - CW backup does not have a related services widget https://snipboard.io/dVgM7C.jpg,Updated ,
Coupons: Are the coupons aligned and set-up correctly in the desktop and mobile view?,Invalid - no error found for this category.,,This is marked as a build error. https://snipboard.io/gWFbmY.jpg
About page - missing introductory paragraph section https://snipboard.io/5kQDTo.jpg,Invalid - site was created on 2/2; before the 2/10 rule change.,Updated ,
"Fence Installation CAT page - Design of intro section and Why Choose doesn't match the Home page PBN#4 design https://snipboard.io/BiELlF.jpg 

Gate Automation CAT page - design of introductory section and Why Choose doesn't match the chosen PBN#4 design https://snipboard.io/rGU3dn.jpg  

Gates CAT page - design of introductory section and Why Choose doesn't match the chosen PBN#4 design https://snipboard.io/1OnR9W.jpg ",Can this be marked as feedback only? This was a weird content generator issue; Andrew Webber said the only reason it could have happened is if an error occured and a failsafe kicked in.,Updated ,We'll update it. Please remind the Lauren than an assumption for this issue would avoid the error being marked.
The About intro can only be one paragraph long.  https://snipboard.io/I05cmQ.jpg,"Invalid - I can't find a rule in HOFO that says it can only be one paragraph, just that an intro paragraph is required. The example photos on page 135 of HOFO also show more than one paragraph.",Updated ,"We can mark this as feedback, but the screenshot in the HOFO is much shorter than this site.  https://snipboard.io/lPkG61.jpg"
About intro section can only be one paragraph long.  https://snipboard.io/DiqZjt.jpg ,"Invalid - I can't find a rule in HOFO that says it can only be one paragraph, just that an intro paragraph is required. The example photos on page 135 of HOFO also show more than one paragraph.",Updated ,"We can mark this as feedback, but the screenshot in the HOFO is much shorter than this site.  https://snipboard.io/lPkG61.jpg"
27: There should not be social links shown on the site as the client did not provide any ,"Invalid: I'm not seeing any socials on the post-CW backup. https://my.websites.hibu.com/preview/6fa445e23ba4e7b285ecc61ea1efe047?device=desktop
Also not seeing any history of CW adding social links in Yext entity history",Updated ,
"1. Holiday Lighting page shouldn't have Related Services menu https://snipboard.io/sCncFH.jpg 
2. Contact: page imbalance due to contact form removal https://snipboard.io/KSTEG7.jpg
","1: Invalid - the related services widget does not appear on CW backup. 

2: Invalid - The form was not removed on CW backup.",1. Updated,"1. Agreed
2. This is marked as a build error https://snipboard.io/dutTqk.jpg"
KG: missing alt number,"
Invalid - this account does not have an RCF and no alternate phone number was provided on the Q.",Updated ,
VIDEO: has voiceover. Summary s/b removed.,Invalid - CW copied over the existing video script and did not create a new script.,Valid,"Correct. If there is a V/O, we don't use the summary anymore. "
The intro About paragraph should only be one paragraph long.   https://snipboard.io/rF5Bl9.jpg ,Invalid - there is not a rule that says the about page intro can only be one paragraph.,Updated ,"We can mark this as feedback, but the screenshot in the HOFO is much shorter than this site.  https://snipboard.io/lPkG61.jpg"
Skin conditions page links led to 404 page.,Invalid - Skin Condition page link works on CW backup.,Updated ,
Please cease using power words in the H1 work. “Professonal Pool Services” does not properly identify what this client does. They have advised onQ214437 that they are “Swimming Pool Contractors”,"Q214437 refers to the local business category, and while that works as a homepage H1 in this case, there's no rule saying that's what the H1 always has to be, nor is there always a local business category available that accurately describes each business. There is in this case, however, the business offers a full range of ""[professional] pool services"" - so the CW's H1 is also valid and accurate. ",Valid,We haven't used power words in H1s for months. It's part of the reason the number of words required was reduced. For the Home page you can use any combination of services. Pool Maintenance and Installation covers it. The error doesn't say that you have to use that Q214437 as the H1. It merely gives an example of what can be used. 
"Contact page - ""and surrounding areas"" was not linked to Serving Area page per process https://snipboard.io/RoNbgm.jpg","Per the HOFO, only the footer ""and surrounding areas"" text is supposed to link to the PSAP page. ",Updated,Fair  
"Contractor page should not have most of menu in Related Services https://snipboard.io/JiWz2p.jpg 
3. Emergency Electric page should not have most of menu in Related Services https://snipboard.io/aEtyMF.jpg ","Invalid: On post-CW backup, neither page has the related services menu (correct as these are both standalone T1 pages) https://my.websites.hibu.com/preview/f63e32d61ee44159542d5eb4952e0836?device=desktop",Updated,Agreed - Happened during build
54: One of the motivating factors was not connected to content so did not appear in the motivating factors section https://snipboard.io/irGvCL.jpg ,This appears to be a Build error. All the motivating factors are filled out on the post-CW backup: https://my.websites.hibu.com/preview/8ddc5047139fb9d943e660391c799841?device=desktop,Updated,Agreed - Happened during build
https://snipboard.io/q9FNae.jpg Use universal line break or text editing to remove widow in callout CTA,"Invalid: Upon reviewing the post?build backup, we confirmed that there was no widow text present in the CTA https://snipboard.io/rjRHKL.jpg",,This is a Peer Review entry. https://snipboard.io/MOmtRb.jpg
"https://snipboard.io/BqA8uG.jpg https://snipboard.io/bHzK8l.jpg The EM texting should be their mobile number instead of the RCF. 
","Invalid : In the questioner There is a Call or Text request for RCF, and texting is also enabled in the RCF view. Based on this, the designer retained the same RCF number for both Call Us and Text Us.  https://snipboard.io/y4ovf8.jpg, https://snipboard.io/qyelu6.jpg",NA,This was completed on 1/30. https://snipboard.io/hGfPHb.jpg
1. All headers: inconsistent button color https://snipboard.io/3vYbsS.jpg 2. Home: unbalanced copyblock row https://snipboard.io/GToPZX.jpg 3. Linked text needs to be a contrasting color ,"1. Build Backup shows the review section originally had star ratings and a numeric score. The button displayed after QA added the customer ID.
2. Can this be treated as Feedback? The designer added the image to maintain design consistency with the other CBs. now informed to add images to the entire column to balance. 
3. Valid",Updated ,
na,"There is no error description 
for the below question they have marked as build error:
Are the hero images clear and appropriate for the business ",,Please provide the question for this error
"
-Additional hours text isn’t linked on locations pages.  -Placeholder social media icons were left on site.
-Header needs to be adjusted to match best practices for multilocations.


-Hero section and callouts need to be updated as locations have two different numbers but the current buttons only reflect one location. These need to be replaced with contact us buttons.

-Hid request CTA page and added forms to locations pages.

-Locations page still just has the template/placeholder page.   -The regular/linked section of the about page needs to be removed to follow best practices for multilocations, as the locations pages already have these sections.  -The open/closed widget should be added as both locations seem to have the same hours. -The reviews page should be hidden as the reviews are on the locations pages.  -Locations buttons in footer led to contact page.  -Both get directions buttons on location pages led to NJ address.  -Send us a message button on Cedar Rapids page led to form on Marion page.
","Header updates (per multilocation best practices) and CTA button changes are CW tasks; the request form is not a build responsibility. Error details are unclear, and the build score is at 93.55%.",Valid,"Contact/Location page is marked as CW and Build Error: 
-Both get directions buttons on location pages led to NJ address. 
"
"
75: Directions should not have been displayed on the EM as the client's address is not visible on the site https://snipboard.io/FfGnav.jpg 

41: The Blog page should have been shown in the nav bar as it has been built https://snipboard.io/h0iAlb.jpg  47: Multiple of the CAT page buttons on the Home page were linked to unrelated service pages https://snipboard.io/YReKDx.jpg 
","Since the questionnaire specifies a requirement for a pinpoint map and directions, the designer has followed best practices and added the ‘Get Directions’ button within the Engagement menu. https://snipboard.io/Cg02Wl.jpg",Valid,"There is a CW assumption indicating that they did not use the address on the site. 
https://snipboard.io/3onHCY.jpg"
"
ICONS: missing: https://snipboard.io/i2Wybt.jpg ENG MENU: does not get shown on multi-location sites. INSTAGRAM GALLERIES: hibu sites do not support these. Section should not have been created.
","1. Valid 
2. Valid
3. Invalid: As per the recent update we have restarted the addition of Instagram gallery to the site upon request.",,
"
74 - Build: The Reviews section was hidden from tablet and mobile views on all 3 location pages. – Braselton: https://snipboard.io/tGwO5T.jpg ; https://snipboard.io/2UgF0A.jpg | Gainesville: https://snipboard.io/dCqa7B.jpg | Dacula: https://snipboard.io/zlBYJt.jpg; https://snipboard.io/y0Wolc.jpg

42 - CW: About page format was not consistent with a multi location site. - https://snipboard.io/H9L02I.jpg
","This appears to be a template-related issue rather than a build issue. Usually, if we want to hide something, we first check and hide on the desktop version - not on tablet or mobile. Can we take this as feedback?",Valid,Snip from questionnaire: https://snipboard.io/xoKDn0.jpg
"
1. Q212692 for logo ""refer to URL"" but logo used is not from URL. Please use logo from existing site https://ekdconstructionllc.com/ as that's not the same as the one that was used. Please adjust all logo locations include callouts and coupons. 2. navbar: Exterior Services is an extra link to Gallery page https://snipboard.io/6PHZyu.jpg 3. Home in wrong navbar position https://snipboard.io/5gq9lX.jpg","1. As per best practices, customer?supplied logos are given first preference. Accordingly, the designer used the logo from the provided assets that aligned with the questionnaire’s NOB.
2. Valid
3. Valid",Updated ,"There is no assumption indicating that the existing logo wouldn't work. We can FYI it this time, but please include those notes in the future. "
"
https://snipboard.io/gEojGr.jpg https://qaf-624.hibuwebsites.com/renaming-images Hero image does not follow our naming conventions.  https://snipboard.io/Xf5Qj3.jpg Seasonal Maintenance has a bag over the HVAC this is not done in that service.  https://snipboard.io/oAzHUd.jpg Button on the request form can not be the same color as the background color of the super hero block. 
","Renaming : Assuming, the new naming structure is to help with easier identification of images and it does not impact site SEO or functionality. Given this, could we consider such points as feedback rather than errors?",Valid,"The naming conventions are hibu spec, so it's considered an error."
"
#78 Missing Assistant Banner https://snipboard.io/PegnX0.jpg
","Adding the assistant banner to the site was a CW task. If they add it, in the build we design it and copy it across the other CAT pages. ",Valid,There is a separate error for the CW's part in the missing banner. 
"AK: -2nd location map and address button led to NJ address.
",Is this where we lost 4 points? Is this CW responsibility?,Valid,Build is responsible for the map widget and get directions button. 
"Geo in header and hero - changed ""Castle Rock, CO"" to ""Castle Rock, CO Area"" on all but local ranking optimized pages since it's a business that travels to its customers and questionnaire has ""and surrounding areas"" ","Invalid: We just confirmed on 2/24 that writers are allowed to deviate from Yext enough to include ""Area"" - writer was following Dispatch instructions (most of CWs' previous interpretation) to add one city from Yext only.",Valid,"QAE changed the geo in the header and hero to ADD ""Area"". Because this is a service based-business it should have been included by CW, but it wasn't. https://snipboard.io/uetmXc.jpg"
 https://snipboard.io/WlgfmU.jpg The open/closed widget should be hidden since they have 24/7 emergency services. ,"Invalid: The company also has regular, M-F hours, which it's safe to assume is when they want people to visit them. The rule is that we hide the open/closed widget if the main/entire business hours are 24/7, NOT if they just offer emergency services in addition to having finite business hours.",,"There are other errors for this question, so the score won't change. "
 https://snipboard.io/rt9RHc.jpg There is an open/closed widget on the SAP. This should be hidden since they offer 24/7 services. ," This was an invalid FWR reason, as the business has regular hours when you can visit them, in addition to offering emergency services.",,I don't see this error anywhere. See above.
"Lymphedema Pumps for Boston, MA is incorrectly linked to Health Care Solutions Home page. ","Checked post-CW and even post-Build backups, and I cannot figure out what this is referring to. Link on contact page to the geo is correct, the links ON the page are correct, and the connected data elements on the page are also correct.",Updated ,Must have been some tech glitch. 
  https://snipboard.io/D7idQT.jpg The first H3 on a SAP has to have the KW in it. ,"Invalid: I read through the SAPs section of the HOFO, and can't find any rules about this. I only know of the H1 needing to be the exact keyword, not the H3. In this case, adding ""Companies"" would have made the H3 pretty nonsensical. If there is a rule about this, can you please point me to it? ",Updated ,
"Geo in header and hero - ""Hanover, MA"" changed to ""Hanover, MA Area"" as the business travels to its customers and the serving area listed on questionnaire includes ""and the South Shore"" https://snipboard.io/2EZyBq.jpg ","Invalid: We just confirmed on 2/24 that writers are allowed to deviate from Yext enough to include ""Area"" - writer was following Dispatch instructions (most of CWs' previous interpretation) to add one city from Yext only.",Valid,"QAE changed the geo in the header and hero to ADD ""Area"". Because this is a service based-business it should have been included by CW, but it wasn't. https://snipboard.io/kqUt3C.jpg"
"Superhero form name ""Request Quote"" should be changed to ""Request a Quote"" per guidelines https://snipboard.io/iRH8Dv.jpg ","Invalid: It is not required to add a/an to the hero form title; ""Request Quote"" is acceptable.",Updated ,
"Contact page - ""and surrounding areas"" not linked to Serving Area page per process https://snipboard.io/o8vUNV.jpg ","Invalid: This is not the correct process. This text is only required to be linked in the footer, not on the contact page.",,There is no error marked for the Contact page
"Gallery page was built and added to navigation, but was not changed from draft to stage to publish https://snipboard.io/n2NrKM.jpg  Blog page - blog posts were added from current site, but the page is still hidden navigation and at draft https://snipboard.io/k2qKV4.jpg  ",Invalid: These were Build errors. CW did not touch gallery or blog as we are no longer supposed to,,These are marked as build errors https://snipboard.io/XiDbT2.jpg
Form title on the SAP pages was not updated as requested https://snipboard.io/NzuxGf.jpg Form title should match what is injected in website - Request a Quote,"Invalid: It was not necessary to FWR for this change in the first place. ""Request Quote"" has always been acceptable. ",Updated ,
Motivating factors: Are motivating factors consistent with the questionnaire?,Invalid — No errors reported for this category.,Updated ,
Header lead-in text should not exceed geo content .https://snipboard.io/xsUm5Y.jpg,Invalid — This is fine in the CW backup. https://snipboard.io/ygKzCw.jpg,Updated ,
PORTFOLIO: hidden on mobile/tablet.,Invalid — These are all Build errors.,Updated ,
"Video Summary - since the client has an existing video, replaced video summary to match the current site per best practice as the current video is not a voice-over .https://snipboard.io/kFv7uG.jpg ",Invalid — This process is still unclear.,Valid,"If there is an existing summary, it can be included as long as the existing video does not have a voiceover. If there is a voiceover, the summary should be left blank. "
VIDEO: existing video has voiceover. Summary s/b removed.,Invalid — This process is still unclear.,Valid,"If there is an existing summary, it can be included as long as the existing video does not have a voiceover. If there is a voiceover, the summary should be left blank. "
 https://snipboard.io/5eBUDt.jpg https://snipboard.io/3tYibA.jpg The no CTA header should not have phone lead in text. ,"Invalid: If this was anything but ""call or text"" I would agree. However, the header is one of the few places where ""call or text"" is allowed and also required as a CTA. The Dispatch telling us where to use ""call or text"" doesn't give exceptions for ""unless you have to use the no CTA header"" so it makes sense to still use it; plus, this is the only way Desktop users will know they can text the client.",Updated,
Was the content used in the site per questionnaire instructions?,Nothing from questionnaire was missing on the site,Updated,
"Motivating Factors - per SQOT guidelines, ""Estimates Within Two Business Days"" changed to ""Satisfaction Guaranteed"" ","Invalid: I've seen the exact opposite deduction. Anyone can say ""satisfaction guaranteed,"" but there are no specifics. Estimates within two business days is also SQOT, is clearer and specific, and it is a valid choice here.",Updated,Agreed - should have been left as is
"Contact page - thin hero ""Additional Areas Served"" changed to ""Areas Served"" per best practice https://snipboard.io/0PESjY.jpg","Invalid: ""Additional Areas Served"" is what comes into the templates. Areas Served is to be used for the nav, which it was.",,No error marked for this.
"22 - CW: Wrong RCF number on the hero, header, and footer. Listings provision number needs to be used. https://snipboard.io/lJwi7j.jpg https://snipboard.io/o9MeT8.jpg https://snipboard.io/I7zUlv.jpg https://snipboard.io/uJDMlc.jpg",Invalid: CW used the provisioned RCF number for listings: https://my.websites.hibu.com/preview/c71d82d571c708a68ffab0da36a2fd8b?device=desktop https://snipboard.io/QuYvqK.jpg,Updated,
42 - CW: Open/Close widget wasn't there. This location does products and services. https://snipboard.io/FibLm1.jpg,"The rule for whether to use the widget isn't about whether the business offers products or not. It's about whether they are primarily service-based or location-based. While they do display their address on the contact page, most of their pages describe services where they would have to come to the customer. Therefore the CW's choice to present them primarily as a service business makes sense. ",Valid,"If they have a brick and mortar location that offers products (like a greenhouse/garden center/mulch pickup) with business hours, the widget should be shown. "
31: Video splash missing Name. https://snipboard.io/HUc5m1.jpg ,Invalid: CWs are not told to add the name for upsell sites with an existing video.,Updated,"If there is an existing summary, it can be included as long as the existing video does not have a voiceover. If there is a voiceover, the summary should be left blank. "
   47: Home Specials link redirects back to Home. https://snipboard.io/sWewby.jpg  ,"Invalid: on post-CW backup, it links to the coupons page. https://my.websites.hibu.com/preview/a0f6c7429dace004fd323221550df3d9?device=desktop",Updated,
"Callouts/Coupons - Call or Text button doesn't work properly, changed the button to click-to-call phone number per best practice .https://snipboard.io/Ho6PWt.jpg ","Invalid — Per the 2/11 HOFO, Call or Text was appropriate for callouts. https://snipboard.io/lOfQ6q.jpg Kim has corrected this in the latest HOFO to bring it in line with the dispatch. Not working is a technical glitch. This did work when the CW tested it in one Preview mode, but it didn't work in the Preview mode the QA used.",Updated,
"CALLOUTS/OFFERS: do not take you to the call/text pop. When clicked, it takes you to the footer.","Invalid — Technical glitch. This did work when the CW tested it in one Preview mode, but it didn't work in the Preview mode the QA used.",Updated,
"70 - Build: The H3 font color was white, meaning it didn’t show up on white backgrounds. - https://snipboard.io/qgCrPn.jpg; https://snipboard.io/ZPg4uY.jpg","Can this be treated as technical issue? Upon checking, the H3 fonts are set to black. Unsure as to why in the Geo pages, it was white since the only update Build did for the page is the hero image.
https://my.websites.hibu.com/preview/c866bc429ed5b6ebb00038f1de3544d8?device=desktop",Updated,
"1. Home page - changed Learn More buttons to be left-aligned on mobile per guidelines and consistency https://snipboard.io/Yr5t8J.jpg 
2. Changed linked text color to Google blue as the theme blue is too similar to the font color https://snipboard.io/rzyGY4.jpg
3. Call or Text Pop Up - adjusted pop-up size so the close icon shows in mobile https://snipboard.io/XBqphP.jpg","1. This is how we received the template button alignment is and we were advised to keep it as is.
https://snipboard.io/dIwVTt.jpg
2. Can we treat this as feedback? The blue color is used for website color consistency. It is still visible as a link, although we agree that Google blue works better in this scenario. The color appeared too distinct when viewed side by side—see the nav and thin hero color. https://snipboard.io/VsT8rW.jpg
3. The issue here is the scroller in the preview mode. This scroller is not present in the actual mobile device. https://snipboard.io/Eoz3j9.jpg",Updated,
"2. Acute Illness page - The hero image does not properly represent this subject matter (https://snipboard.io/Tyi2Uk.jpg). The image indicates pain, not an illness. FWR to Build - Please swap with stock image that represents flu-like symptoms.",2. May this be treated as feedback? This is an AI image collector selected image that Build assumed was related for the skin rashes services. https://snipboard.io/SFPe4X.jpg,Valid,"That one is definitely trobbing pain, and though the rash is mentioned in a bullet, the page is accute illness.  I think it is a miss. Any sick human, person getting treatment for somethig other than obvious pain, win"
66: https://snipboard.io/y81gSa.jpg https://snipboard.io/kOnzI1.jpg https://snipboard.io/Upd280.jpg https://snipboard.io/1eicOQ.jpg See Hibu One image naming practices: https://qaf-624.hibuwebsites.com/renaming-images,These are AI image collectore generated images. Process does not require Build to update file names for these images.,Updated,"Fair, word has been spread thanks to your email!"
"63: https://snipboard.io/TGb582.jpg Jewelry Appraisals hero image doesn’t fit Hibu One image minimums of 1920 px.
66: Images need to follow standard naming conventions. https://snipboard.io/qHBJVP.jpg ","63. Build used the in-editor cropping tool to achieve the required image focus for the section. During this process, it was not apparent that the image had been reduced to its current size, as it did not appear low-resolution after cropping. Since the image was sourced from the image library and displays clearly in the hero section, could this be considered feedback? https://snipboard.io/TGb582.jpg
66. These are AI image collectore generated images. Process does not require Build to update file names for these images.
https://snipboard.io/qHBJVP.jpg ",Updated,"Fair, lets lock that down going forward, though.  "
"63: Pool Spa Resurfacing hero image doesn’t meet Hibu One hero image minimums. https://snipboard.io/VvSAfs.jpg Same with Pool Resurfacing SAP. https://snipboard.io/2b6Hfa.jpg
66: See 624 Image Renaming page. https://snipboard.io/IZQMEN.jpg","63. Build used the in-editor cropping tool to achieve the required image focus for the section. During this process, it was not apparent that the image had been reduced to its current size, as it did not appear low-resolution after cropping. Since the image was sourced from the image library and displays clearly in the hero section, could this be considered feedback? https://snipboard.io/hY9kVv.jpg
66. The hero image used is AI-injected photo, therefore the file naming for the hero image is not changed.",Updated,Fair.  Probably worth a message to the floor. 
"63: Window Installation hero image not at Hibu One image minimums. https://snipboard.io/vGQEdA.jpg
66: Gutter Installation, Bathroom Remodeling, and Roof Repair hero images need to follow Image Naming Conventions, see 624: https://qaf-624.hibuwebsites.com/renaming-images https://snipboard.io/N6YFsJ.jpg https://snipboard.io/ksHOgJ.jpg https://snipboard.io/xLfEYW.jpg","63. Build used the in-editor cropping tool to achieve the required image focus for the section. During this process, it was not apparent that the image had been reduced to its current size, as it did not appear low-resolution after cropping. Since the image was sourced from the image library and displays clearly in the hero section, could this be considered feedback?
https://snipboard.io/MuG6B0.jpg https://my.websites.hibu.com/site/a1d3796312f15db15b60753496d7cc80/window-installation?preview=true&insitepreview=true&dm_device=desktop

66. These are AI image collection generated images. Process does not require Build to update file names for these images.
https://snipboard.io/ksHOgJ.jpg
https://snipboard.io/xLfEYW.jpg
https://snipboard.io/N6YFsJ.jpg",Updated,Fair
ENG MENU: texting is not an option.,"A mobile number is present and is allowed by the client to be used for the texting feature per the questionnaire.
https://snipboard.io/x9XMr6.jpg
https://hibu--c.vf.force.com/apex/HibuVFPageContentOutput?id=500VN00000lYEtWYAW&ObjectType=case",Updated,Fair
https://snipboard.io/TyWUEn.jpg While the icon does represent violence we want the icon to represent the service being provided. Which in this case is the legal support after the violence.,"Requesting to be treated as feedback. The icon used directly matched the heading. The heading ""Domestic Violence"" is also difficult to select a positive icon for; even using Google to search for a positive icon resulted in mostly negative-looking icons. https://snipboard.io/YIn3Mh.jpg",Updated,fair
55: Review button in header not linked to collection. https://snipboard.io/YIUhvo.jpg ,Invalid - not a error by CW; CWs do not handle reviews and the button works on CW backup.,Follow Up,"Record issue, but I agree. Will work on. "
"Pool Opening/Pool Closing fields on the All-inclusive Maintenance tab both presented H3 work stating ""Pool Closing""",Invalid - the H3s on CW backup are Pool Opening and Pool Closing. ,Updated,Agreed
54: Replaced warranty w/ discounts MoFac for SQOT (offers).,Invalid - warranty speaks to quality which is higher than offers in SQOT.,Updated,"I'll call it a draw. warranties are even when they have detail, inferior when just ""warranties""  Also, you can add 4! WE just don't usually get that many good ones. "
"57. Snow ""Cleaning"" page s/b Snow Clearing page, this was listed on questionnaire and page review as snow cleaning but assuming it was a typo. FWR to change the page name, page url, H1 and headings, page content as necesssary, related links, FAQs, as well as the paragraph and heading on Snow Removal CAT page.

Similarly with the Lot Cleaning page s/b Lot Clearing, was incorrect on questionnaire, please make all necessary changes to headings, url, page name, H1, page content as needed, related links, FAQs, paragraph and heading on the Landscaping CAT page","Invalid - per Google, snow cleaning and lot cleaning are both acceptable terms.",Updated,"Snow cleaning did sound insane to me, like who is out in these streets cleaning snow, but I googled and it is a name for snow removal! I guess ""clean up"" is the idea. You win. "
Is the AI generated copy organized logically and easy to read?,Invalid - no error noted for this category.,Updated,fair
"Since they have a physical location and the actual geo was used on the header, hero, and footer, open/close widget should be on the hero. https://snipboard.io/93Ve2d.jpg","Invalid - although they indicated clients can visit their location, this business primarily visits its customers for services. Since it's service-based, no open hours widget should be used.",Updated,"Smart, fair"
"40: SAP product has 33, only 31 on page – missing Hanover and Pembroke. https://snipboard.io/ixqHG6.jpg https://snipboard.io/mbWoN2.jpg ","Invalid: SAP Cities come into HWP dynamically, we have never been told we have to check them or not trust what is automatically coming into HWP. It is more likely that the client needed to change the list after the order was placed. ",Updated,"This might be a thing some day, for now,m we wait.  No problems."
 https://snipboard.io/YgVoPt.jpg https://snipboard.io/HzkWyT.jpg I saw your assumption however I did confirm with AM Anderson that is a request we have done in the past and if the client wants certain pages on the list we should follow that request.,"Invalid: writers have often been told to build to spec and then let changes be made later via amends. Having done something in the past does not mean there is now a rule that we have to do it on new buids; CW made a valid choice with an assumption, especially when an AM told CW to do it this way. CWs need to be able to trust AMs' instructions. If QAE AMs have feedback that we need to be instructing CWs differently, please bring that info directly to us. ",Valid,"I don't think there is a ""spec"" for what needs to be included in the drop down for the form. The default is the services list, but it's not a requirement. Adding the requested services during initial build prevents the customer from having to make those amends. Directly violating a rule that has been decided and discussed like using a message field in the form would be against spec. If you have a list for ""only these things in the drop down"", please let me know where it is found so I can inform our team."
60 - CW: The About intro section was hidden on tablet and mobile views. - https://snipboard.io/DlUcsH.jpg,"This is the first time I'm realizing that this section comes into the template hidden on mobile and tablet. (Pre-CW: https://my.websites.hibu.com/preview/3997914fa2c077d60e7612e6f0314d70?device=desktop) Checked a few other sites' backups and I'm not seeing this on all templates. I'm going to push to get this fixed at the template level, but can we FYI this for now? CWs don't know this is an issue they need to be checking for.",TBD,"Agreed, but the record isn't showing.  I will work on these"
"1. geo content, all pages, spelling ""Gregg and Montgomery County"" s/b ""Counties"" as it's more than one https://snipboard.io/KF10cG.jpg","The meaning is clear; marking ""5 or more errors"" for this seems unnecessary, especially after already deducting in the address category. ",Valid,The header was because it didn't match the Hero Geo.  
"Call only option chosen on Q, mobile view still has Call/Text popup button. https://snipboard.io/zMYQ8m.jpg ","I've seen this feedback under the ""textable RCF"" question more often; can we get it moved there, please? ",Updated,Yep
Contact page - moved the name of the business h3 above the address https://snipboard.io/WJuNGB.jpg,Invalid: Build error. Post-CW backup has the NOB in the correct place. https://snipboard.io/Luxv8p.jpg,Updated,Fair
"  https://snipboard.io/JjNnxr.jpg 24/7 towing is one of the strongest SQAT Mofacs you can have, it needs to be represented in the hero.  We could either add a 4th as per spec or replace Insurance, which is solid but weaker. ","Invalid: CW chose good SQOT factors, and should have the discretion to do so. QAE's claim about towing needing to be in the hero is opinion, not a published rule.",Valid,"24/7 towing for this kind of biz in invincible.  None are terrible that have been added, but it does beat ""works with insurance"" as that is part of the gig.  Adding 4 here is the easy win as all 4 are worthy."
 https://snipboard.io/75ftOA.jpg The First H3 on a SAP has to have the KW in it. ,"Invalid: I read through the SAPs section of the HOFO, and can't find any rules about this. I only know of the H1 needing to be the exact keyword, not the H3. If this is now a rule, please point me to it",Updated,"FYI, will confirm either way, I don't see it. either"
"FAQs on the site don't match what is on the questionnaire, starting with Q215852. https://snipboard.io/tmC6IN.jpg; Updated FAQs on the site and in listings to match what was provided by the client, with revised answers on the website so the FAQs are not identical. ",Invalid: CW used FAQs from questionnaire: https://my.websites.hibu.com/preview/0cb45369783edd0e4c4813bd99b49fc2?device=desktop,Updated,"Something odd went down after CW, adjusted"
 https://snipboard.io/2cmj3M.jpg There should be an image block beside the intro paragraph on each individual location page.  https://pixel-perfect.hibuwebsites.com/additional-locations,Can we FYI this? The image placeholder needs to be in the templates. It is not mentioned in the HOFO which is the main source CWs are instructed to follow. ,Updated,"FYI, and fair, but this one has been around for a bit."
Slogan wasn’t included on site. .https://snipboard.io/P6EiIx.jpg .https://snipboard.io/EX6Wub.jpg ,"Invalid — Slogans have always been Build's responsibility. They may have been pulled out of the headers, but they were not assigned to Copywriters.",Follow up,"Agreed, I don't see this record.  Please 2x check the acct and email me? - JC"
About paragraph was hidden on mobile and tablet.,Invalid — Copywriters don't check mobile and tablet settings.,Updated,"This was admittedly a shock to us all earlier in the month, fair."
Review widget in header not connected to collection. .https://snipboard.io/lHOMwC.jpg ,"Invalid — Unclear how this is a headline or body copy error, and this button isn't a CW responsibility.",Updated,"Will investigate with Product, section is questionable, FYI"
".https://snipboard.io/HehWYM.jpg I did see you assumption, However I did confirm with AM Anderson that About intro paragraph needs to be an overview of the business.  ","Invalid — The business is the attorney, so the attorney bio is fine.There's no rule against this. Also, assumptions need to be taken in good faith and respected, not charged as errors if QA decides to change it.",Updated,"Both sides are right.  Assumptions do let us into your mind and need to buy a lot of grace, but they also have to make sense and aren't an excuse to break spec or be incorrect about policy.  After all that, this one is solid, about this fella is about the biz if he is the main lawyer (unclear in my quick review).  "
Changed CTA button from click to call to call or text as number is a mobile.,"Invalid — Call or Text is only for Listings, and does not work with Assistant. This was correct in the CW version.",Updated,Accurate!
.https://snipboard.io/rcSPDs.jpg Address is missing from the footer.,Invalid — Address is present in CW backup. https://snipboard.io/ExL8Vu.jpg,Updated,Agree
Request form page created when Q states they declined the option as client wants calls not forms.,"Request form was declined in the request form section, but it was also added as a utility page under services/products - Q206106. CW should have left an assumption, since there was conflicting info, but it was requested on the site. ","Would update, I can't pull this by either #. Please 2x check and email me for correction - JC",Conflicting info ith an assumption works for me.   
"https://snipboard.io/CVlc8t.jpg Vet services hero has an outdoor thermometer in it, instead of one that would be used for someone if sick.","This is meant to be a cute photo depicting a cartoonish idea of a dog getting treatment, not meant to be an accurate representation as this is not how you get a dog's temperature, we won't mention where the thermometer actually goes. : ) I think this is cute marketing and shouldn't be an error.",Updated,"I do see cold outside, but I also get it for ""sick pup"".  Fair"
EE: CTA buttons in hero were the same color as background. BJ: Hidden Pages,"EE: I understand the error with the button background matching the header background, but should this be minus 2 points for image clarity? ",Valid,"That question seems like the best home for that, but i am open to convo if you see an option."
https://snipboard.io/Ubzh0P.jpg Since they are a place you visit directions should be on the EM. ,"I am confused about this one, Get Directions are on the EM and show up in the provided screenshot",Updated,Fair
-Call or text CTA button overlapped with H1 on homepage on mobile.,"When I check the post build save, I don't see any overlap",Updated,Fair
"FWR to CW: Discount mention is generic but can be added as coupon, please put in place of Free Estimates. .https://snipboard.io/l1EVaB.jpg .https://snipboard.io/a7hCcH.jpg ",Invalid — This field can be a coupon or a callout.,Updated,"I think the argument here is more quality of the callout opposed to ""coupon v callout"". "
.https://snipboard.io/V5SjvK.jpg Since this is a voice over video there should not be a script.,Invalid  — Where is this rule published?,Updated,"To quote Cordell, we want to avoid writing anything that would contradict the current video.  https://imgur.com/a/2tEDb2C"
 General Dentistry copyblocks still not in alphabetical order https://snipboard.io/WUAsNz.jpg,Invalid: Another user completed the FWR so this shouldn't count against Alan.,Updated,"His name is on the build case, so if it needs to go to another user, we need to know who. "
"Footer linked to home.
https://imgur.com/a/zCKom4D
",Invalid: Checked CW backup - links to Contact page. QAE screenshot throws an error. ,Valid,The footer isn't linked at all in the Post CW backup. https://snipboard.io/loFynk.jpg
Vehicle Wraps SAP – context error. H3 and body text should not refer to business as residing IN any of the service areas. Professional Vehicle Wraps in When choosing a vehicle wrap provider in SAME error with Wall Graphics SAP  Enhance Your Space With Wall Graphics in ,"Invalid — This is not a published rule. If the intent is for the SAPs to say something differnet, then there needs to be a rule requireing rewriting them and the AI output needs to be changed.",Valid,"SAPs are for serving areas, which means there are likely no physical locations in the city. Per the Spec Site, content is to avoid using verbiage as if the business is in the city. https://snipboard.io/Aa4l3M.jpg"
"54: Replaced Warranties MoFac with Free Same-Day Estimates for SQOT (Time, Offers).","Warranties are also SQOT (offers, quality). CW hit the time factor with 24/7 emergency services, so was including more variety as we've been advised by QAE AMs, and should be allowed to make that decision without penalty. QA can swap mofacs at their discretion, but doing so does not mean the writer committed an error.  ",Valid,"A warranty isn't really an offer because they apply to every customer. They also only apply to customers who have work completed. Not much up-front value. But if you're searching for a plumber and the first thing you see is that they can be at your home today for a free estimate, that's a pretty big motivator. It's helpful to put on a consumer hat when deciding on these. What would motivate you to pick this company?"
" .https://snipboard.io/HjmTy2.jpg FWR to CW: Correct SAPs, they s/b contact/keyword-service-area. .https://snipboard.io/ChzrqN.jpg ",Invalid — This site was submitted before the system error where it was dropping the contact/ was detected and the team was alert on 3/11 in the afternoon.,Valid,"There still is an expection to confirm your review the site and confirm that URL's are correct though, right?"
 .https://snipboard.io/Orzn68.jpg URL incorrect for SAP page. Please see Serving Area URL guidelines.,Invalid — This site was submitted before the system error where it was dropping the contact/ was detected and the team was alert on 3/11 in the afternoon.,Valid,"There still is an expection to confirm your review the site and confirm that URL's are correct though, right?"
Phone number not found in footer for second location https://snipboard.io/Qwy20x.jpg,Invalid: Post-clone CW backup shows phone number in footer for second location: https://snipboard.io/HlkwE2.jpg,Valid,I don't see it in the Post CW Footer for the Clone to Add site. https://snipboard.io/dHtOuF.jpg
Header and hero geo content needs a state with city https://snipboard.io/tdmz8R.jpg,"Invalid: On pg 108 of the HOFO, it says, ""If multiple areas are selected on the Q for the service area, select the one that encompasses most of the area"" for the hero and meta service area. As long as this matches Yext, it's OK. This instance, the questionnaire listed 5 counties which are encompassed by the Philadelphia Area. ",Valid,"I think the error is that it should be Philadelphia, PA Area"
"Exhaust Manifold Repair page - changes to correct spacing issue https://snipboard.io/rTDjg2.jpg  
Diesel Exhaust System page - changes to correct spacing issue https://snipboard.io/vC2bNl.jpg  Dual Exhaust Installation page - changes to correct spacing issue https://snipboard.io/iYRPZF.jpg; 
Pipe-Bending page - changes to text to correct spacing issue https://snipboard.io/m3zTyv.jpg","Invalid: Per the 10/27 Dispatch, the spacing shown is correct. https://snipboard.io/OPJqks.jpg",Valid,"There is a carriage return that she adds that doesn't fit the mold, please check out that yellow line vs what she received.  "
"SAP page errors. H3 work and body text should never refer to businesses as being located IN each area. They service them. ""Professional Awning Services in""",Invalid - the H3 is not implying the business is located in the area; it's implying you can get professional awning services in that area. No body copy indicates that business is physically located in the service area.,Updated,"The Spec Site indicates that the language not include implications of a physical presence and gives suggestions for not using location-based language. Even with good intentions, using ""in Geo"" can be confusing. https://snipboard.io/le7GgV.jpg"
"40: FWR: GEOs aren’t showing up on the left-side navigation, please add as links. https://snipboard.io/jQpBhx.jpg ","Something extra strange happened at the Build step -  the Geos somehow disappeared from the left side (in-editor navigation). Pages were still accessible via contact page. CW could not resolve this on her own and filed an IT ticket to have the pages returned to left side of HWP editor. 
Post-CW: https://snipboard.io/WDqyo5.jpg
Post Build: https://snipboard.io/VJ4xny.jpg",Updated,Agree. This is a weird Build thing. 
Header: lead-in text should not exceed phone number https://snipboard.io/4prFT8.jpg,"Invalid: On post-CW backup, it doesn't. https://snipboard.io/dLVmqR.jpg",Updated,Agreed
47: Pipe Replacement link on Drains and Pipes CAT repeats twice in same row. https://snipboard.io/ezdGyR.jpg ,Invalid: Not so on post-CW backup: https://my.websites.hibu.com/preview/8efd942f3b7855f8d8c8705b669032f9?device=desktop,Updated,Agreed - Build error
54: Replaced Worksmanship MoFac with Discounts for SQOT (offers).,Invalid - workmanship speaks to quality which is higher than offers in SQOT.,Valid,"Discounts are one of the most valuable mo-facs as it gives a solid incentive for using the business. Workmanship is relative. The business may think it's detailed, but others may not. It's helpful to put on a consumer hat when deciding on these. What would motivate you to pick this company?"
55: Review header not connected to collection. https://snipboard.io/gZsife.jpg  ,Invalid - CWs do not set up reviews widgets; the button brings up the popup on CW backup.,Updated,Agreed
40: Duplicate Gallery anchors. https://snipboard.io/UKD3d9.jpg ,Invalid - CWs do not edit galleries; anchors should be used or removed by build.,Updated,Agreed
60: Holiday hours weren’t placed correctly onto Contact page. https://snipboard.io/C0AoKc.jpg ,Invalid - CW backup has the holiday hours https://snipboard.io/V0fmZW.jpg,Updated,Agreed - Happened during Build
Banquet events CAT: -Lunch banquet menu button led to 404 page.  ,Invalid - Lunch Banquet Menu button led to the correct page on CW backup.,Updated,Could not duplicate
20: FWR to CW: NOB proliferated throughout with an extra hyphen in the name. Corrected on SEO and in Business Info but please correct throughout body of site. https://snipboard.io/st7V4f.jpg https://snipboard.io/sdhWKo.jpg ,Invalid - this is a DSC error; CW used what was provided on the questionnaire.,Updated,
56: Texting on the RCF wasn't requested on the Q but there is a Call or Text button on the mobile view.  https://snipboard.io/H7jdIb.jpg  https://snipboard.io/HZJcMi.jpg ,"Invalid - CWs follow RCF view; if texting is enabled, Call or Text is included. https://snipboard.io/dzOQSx.jpg",Updated,
"40: No form fill request, page s/b hidden. https://snipboard.io/WiKScs.jpg ",Invalid - request form page is hidden on CW backup.,Updated,
Locations page is missing CTA buttons leading to form anchors.,Invalid - CW followed the template and the anchor buttons appear on all location pages.,Updated,
CTA buttons weren't added to locations page and linked to form anchors or individual location pages as requested.,"Invalid - the individual location pages have the request form anchor buttons; the locations landing page did not come delivered with secondary buttons and CW just followed the template. The pixel perfect shows ""schedule service"" buttons but it doesn't seem that the actual templates deliver this button.",Updated,
Mobile CTA: Changed click to call to call or text as phone number is mobile.,Invalid - client doesn't have RCF with texting enabled and it is not indicated anywhere that they want texting.,Updated,
"footer address should not have ""and surrounding areas"" https://snipboard.io/hRgEdC.jpg",Invalid - the site has SAPs so the 'and surrounding areas' should be linked in the footer.,Updated,
Do the headlines and body copy follow the writing style guidelines and best practices?,Invalid - no error noted for this category.,Updated,
22: Call/Text number on header does not match listings RCF #. https://snipboard.io/cqMfpF.jpg https://snipboard.io/lmjMAp.jpg ,Invalid - CW backup has the correct phone number in header: https://snipboard.io/3WYXCK.jpg,Updated,I think Yext needed synced before QAE got it. 
"Address not in footer, this is a business that provides services at their location. ","Valid, but shouldn't this be in ""Footer: Is the footer set up correctly on all views: desktop, tablet and mobile""?",Updated,
"50 - CW: SAP URLs were incorrect. - https://snipboard.io/WLnQ1u.jpg 
",Invalid - this is a known error; URLs are not coming in properly.,Valid,"Right, but CW should have checked them before moving them forward."
URLs were missing “contact/”,Invalid - this is a known error; URLs are not coming in properly.,Valid,"Right, but CW should have checked them before moving them forward."
41: https://snipboard.io/VYP1j8.jpg CCA signed but blog posts were not imported. https://snipboard.io/UXGAoE.jpg ,Invalid - CWs do not do anything with the blog.,Updated,
The questionnaire  has a different zip code then  what shows in Yext. https://snipboard.io/eqDop4.jpg https://snipboard.io/yfP0uM.jpg ,"Invalid - the questionnaire zip code seems like a typo and CW followed Yext zip code which appears to be correct for the address. The 60110 zip code is for Carpentersville, IL and the business is physically located in Addison.",Updated,Agreed. An assumption for the updated zip code would avoid the error and need for a rebuttal.
50 - CW: All SAP URLs were incorrect. - https://snipboard.io/Xm01uh.jpg,Invalid - this is a known error; URLs are not coming in properly.,Valid,"Right, but CW should have checked them before moving them forward."
31: No name on Video Splash. https://snipboard.io/I2dyDp.jpg ,There appears to be a duplicate QAE entry for this site on the same date: https://snipboard.io/5u4CGW.jpg,Updated,
55: https://snipboard.io/rvdHGS.jpg Review button not connected to collection. ,"Invalid: the review button should go to the Hibu Reviews widget; it doesn't go to a collection, and CWs do not change where it goes. This looks and functions as normal in post-CW backup. https://my.websites.hibu.com/preview/fc3222fc540e9e736ca32eb84f5c7fd6?device=desktop  ",Updated,
22: Call & Text option preferred and is enabled on RCF. https://snipboard.io/7Kecd8.jpg https://snipboard.io/oGIXQO.jpg https://snipboard.io/rktZW8.jpg  ," I normally see this in the ""textable RCF"" category; since actual phone numbers are accurate, can we move this there, please?",Updated,
27: Social icons only have placeholders. Links weren’t entered. https://snipboard.io/oW5TpI.jpg ,"Invalid: Only a FB link was provided, and it is present on post-CW backup: https://my.websites.hibu.com/preview/90742a92721f2db8bcf879f318f90ffa?device=desktop",Updated,
"SAP page refer to the business as being IN the SAP area. The verbiage should reflect ""Serving"" ""Available to"" or ""for"" vs advising business is in the service area SAP.","Invalid: The only city mentions on the SAP say that ""NOB provides outstanding paving services in City, ST and nearby areas"" and ""has built a strong reputation for quality paving in City and Central New York.""  The language on the SAP does not claim that any of these places is the location of the business. It is only saying that the business *provides services in* those cities, which is true.",Updated,
 https://snipboard.io/7xwiAV.jpg This is a callout not a coupon.,"Invalid: per Paul, we can use both callouts and coupons in that area.",Updated,
 https://snipboard.io/A1Kh9z.jpg This is a callout not a coupon. ,"Invalid: per Paul, we can use both callouts and coupons in that area.",Updated,
 60: Removed now expired New Year’s Coupon mentions from About blurb. https://snipboard.io/ykTFQA.jpg This coupon is mentioned on other pages. https://snipboard.io/xvOGnJ.jpg  ,Invalid: The promo was requested on the Q with no mention of an expiration. ,Updated,
"Header geo: incomplete, needs to remove ""the"" https://snipboard.io/VrjtwA.jpg",This seems like more of a single grammar error. Actual Geo was accurate. Can we change the category please? ,Valid,"This question encmopasses the header and service area being accurate, so it's the right question. "
REQUES FORMS: email submissions should go to mindyabou33@gmail.com: Q214787,Invalid: no screenshot showing an incorrect email address. Do we have access to any history/changelog in client dashboard (where form email destination is set)?,Updated,
"Their address isn’t displayed. -As it’s service based, geos should be “in,” not “near,” on SAPs.","Invalid: It's not wrong to say they serve areas ""near"" the City, ST. Some of the language on SAPs indicates that it's talking about where the business is located ("" is your go-to paving company [near] Dudley, MA""), so we have advised writers that swapping ""near"" for ""in"" is a safe option in those cases, as leaving it as-is is what we are told would cause problems with Google and users. ",Updated,
22: No alt number listed on Contact page. https://snipboard.io/6HMiuK.jpg ,"Invalid: Duplicate QAE submission. https://snipboard.io/ZreWaG.jpg, https://snipboard.io/YDV1g9.jpg",,Removed the dupe submission
 videoscript from existing site should have been copied to new site https://snipboard.io/l5juYw.jpg,Invalid: This is not a CW responsibility. CW removed the placeholder text as we are supposed to do.,Updated,
" 2. as per CW assumption: Q215047 best practice for ""A+ rating from BBB for over 15 years"" is to only mention ""Better Business Bureau"" without mentioning rating. easiest option is add it to Listings Associations ","Invalid: We have always told writers it's just as valid and safe to avoid mentioning BBB altogether. Associations implies they have some sort of affiliation beyond a rating, which we don't know. Any business can have a BBB rating without any involvement on the part of the business - further affiliation with them is not required for a rating.",Updated,
"Breadcrumbs on Mobile need to be reviewed/corrected. Auto Detailing Service page, etc. do not reflect pages in breadcrumbs. They state “Home”","This is a Build error where the ""> Page Name"" part of breadcrumbs is present but not visible. See https://snipboard.io/tNbxWv.jpg - when mobile breadcrumbs are highlighted, the page name is visible. Breadcrumbs are normal on mobile view of post-CW backup. ",Updated,
Is the AI generated copy organized logically and easy to read?,Invalid: No errors reported for this category.,Updated,
Does the navigation follow best practices for the page order?,Invalid — No copywriter errors reported for this category.,Updated,
Ottawa KS request form directed to Lawrence KS,Invalid — CW doesn't set form destinations.,Valid,"The request button on the Ottowa, KS location page links to the form on the Lawrence, KS location page. CW sets up the additional location pages. https://snipboard.io/2rEWws.jpg"
"Social links weren’t added, Linkedin s/b removed. .https://snipboard.io/Yf12We.jpg  ","Invalid — Socials are present and linked in the CW backup. LinkedIn is not present. https://snipboard.io/6AqEB0.jpg
https://snipboard.io/9tjnSX.jpg",Updated,
"The serving area in the header was spelled incorrectly- should be Bonneville, not Boonville .https://snipboard.io/9pFtX3.jpg ",Invalid — Questionnaire consistently calls this Bonneville. https://snipboard.io/xWb57L.jpg,Valid,I think you're agreeing with me. The header geo is spelled wrong. 
Placeholder text on Gallery link. .https://snipboard.io/AWDpef.jpg ,Invalid — CW does not know if there will be a gallery or not. Gallery elements are Build's responsibility.,Updated,
site has 4 CATS. Recent hibu one doc indicates 3 or more CATS should have mega menu.,Invalid — Copywriters have discretion on whether a mega menu is needed if everything fits neatly in the nav.,Valid,They do have discretion to avoid a mega menu if there is space for all of the CATs to be on the Navigation. But trying to fit this many pages into the main navigation makes it crowded at 1366 https://snipboard.io/Zn3TBW.jpg
FORMS; are supposed to be linked to Laura@mycosystemsinc.com.,"Invalid — Form email addresses are set in the dashboard now, not by CW.",Updated,
HERO FORMS: POST FWR: have not been connected to correct email address.,"Invalid — Form email addresses are set in the dashboard now, not by CW.",Updated,
.https://snipboard.io/ykOldr.jpg This is a callout it should not be in the coupon section. ,Invalid — This is not an exclusive coupon section. It can have a callout in it.,Updated,
Blog posts weren’t imported. https://snipboard.io/mQFuP0.jpg https://snipboard.io/yAwadU.jpg,Invalid: This is not a CW error - all blog posts are imported by Build. ,Updated,
"No QAE feedback provided for the ""Motivating Factors"" category","Invalid: The ""Copy Section"" notes has ""NA"" on the QAE feedback. No errors noted.",Updated,
FWR to CW: -The Dayton location is syncing to the Lima number even though I corrected the number. Can you fix this.,"CWs don't have a way to verify what the phone number should be for additional locations. I'm looking at Yext entity history, and I can see that the CW didn't change the phone number for this location - this is a DSC responsibility. We are told to trust what comes into Yext for additional locations and to assume Yext is correct.",Updated,"CW should be able to tell if the number is correct by testing the linking on the phone number itself. If it links to a different number, then it should be able to be seen. Since I can't recreate the error, I'll update it. https://snipboard.io/JvMdxc.jpg"
"Are all the locations other than Sidney supposed to say 9-5? It looks like on their site, all locations are 8-5.","Invalid: CWs have no way to check the business hours anywhere except Yext, and we are not expected to look to outside sources such as external websites to fill in additional locations' hours, as those are often out-of-date. HOFO does not mention what to do if hours are not filled out, but does say to use the info from the primary location for other Yext elements: https://snipboard.io/MF5QVU.jpg",Updated,
1. Staff images not necessary on Contact page as they're already on About page 2. Home: Click Here button links to homepage https://snipboard.io/93SDq5.jpg but there aren't more videos so it should be removed ,Both are build errors. Neither issue appears on post-CW backup: https://my.websites.hibu.com/preview/7105699bb0f48f22b7b9bfc61b0d9b2f?device=desktop,Updated,"1. Updated
2. This is marked as a build error"
"About page spelling ""Family-Owned-Business"" s/b ""Family-Owned Business""",Invalid: This phrase does not appear on about page of post-CW backup: https://my.websites.hibu.com/preview/7105699bb0f48f22b7b9bfc61b0d9b2f?device=desktop,Updated,
1. Unused gallery anchors should not appear on navbar https://snipboard.io/RuKIal.jpg 2. Imported blog should be visible on navbar https://snipboard.io/poRfFP.jpg ,"Invalid: CWs have recently, repeatedly been told not to touch any gallery elements. Build should be hiding these. CWs never touch blog elements.",Updated,
60: Generic buttons copy for Gallery link. https://snipboard.io/Nnl54U.jpg  ,Invalid: Build is now responsible for all gallery sections - CWs are now told not to touch any gallery elements,Updated,
 FWR to CW: https://snipboard.io/dQnNC5.jpg Hanging Basket text for first copy block doesn’t have anything to do with said baskets.,"Text in screenshot is about hanging baskets, as does the copy block leading to that page... unsure what text QA is saying is unrelated.",Updated,
65: Contact links on Nav Bar go to Home page. https://snipboard.io/T4HQXs.jpg  ,Invalid: Not the case on post-CW backup: https://snipboard.io/THKjAL.jpg,Updated,
FWR to CW: -FAQs missing from institutions and churches page.,Invalid - FAQs appear on CW's original backup; build or local ranking must have deleted.,Updated,Agreed - removed by build
Business Hours: Are business hours and federal holidays listed correctly?,Invalid - no notes for this category.,Updated,
47: Light Duty Towing not part of Local Rankings product. https://snipboard.io/5E1PMj.jpg ,Invalid - this is not an error by CW; this was added by vendor opt.,Updated,
Generic Gallery copy that doesn’t work for towing/roadside assistance company. https://snipboard.io/XfYDwQ.jpg https://snipboard.io/o4L3xC.jpg  ,Invalid - galleries are not handled by CW.,Updated,
54: Replaced Satisfaction Guarantee with Free Estimates for SQOT (Offers). ,"Invalid - satisfaction guarantee speaks to quality, which is a higher SQOT factor than offers.",Valid,The satisfaction guarantee only pertains to customers who have purchased their services. Free Estimates applies to everyone. 
60: Generic placeholder text on Gallery page. https://snipboard.io/TBGhxU.jpg ,Invalid - CWs do not handle CW; entirely a build task.,Updated,
FWR to CW: Form header isn’t connected.,Invalid - system error - headline was connected in collections but it was not updating in HWP. ,Valid,"Since there was no assumption on this issue when CW completed their work, it would seem that the CW didn't catch it, so this is still an error. "
Motivating factors in why choose us section: Should say “$250 Off Chimney Repair”: “$250 Chimney Repair”,Invalid - the questionnaire Q219689 says $250 chimney repair; it was not clear if it was a set price or should be a discount.,Updated,
"55: Req H1 has placeholder text. https://snipboard.io/ILxuPY.jpg   FWR to CW: Req form on heroes has placeholder text, please replace. https://snipboard.io/N6IY5s.jpg https://snipboard.io/3kUhN4.jpg ",Invalid - headline was connected in collections on HWP backup but it was not updating in HWP.,Valid,"Since there was no assumption on this issue when CW completed their work, it would seem that the CW didn't catch it, so this is still an error. "
55: Request H1 has placeholder text. https://snipboard.io/7zhwfX.jpg  ,Invalid - headline was connected in collections on HWP backup but it was not updating in HWP.,Valid,"Since there was no assumption on this issue when CW completed their work, it would seem that the CW didn't catch it, so this is still an error. "
65: Gallery anchors on mega menu. https://snipboard.io/twQfHE.jpg ,Invalid - CWs do not handle galleries; it is up to build to use or remove the anchors.,Updated,
"33: https://snipboard.io/arzXZ2.jpg FWR to CW: Coupon is serving as Callout, please replace this with a sufficient Callout and have coupon below. ",Invalid - it is fine to use an offer in the callout.,Updated,
47: “and surrounding areas” on Contact page just redirects to Home. https://snipboard.io/OqjlFX.jpg ,Invalid - the text is not linked on CW backup and should not be since there are no SAPs.,Updated,
55: https://snipboard.io/coe10K.jpg Review button in header not connected to collection. ,Invalid - CWs do not do anything with reviews.,Valid,"The issue is that the button was disconnected from the header. The button comes into the template connected, but was not connected after CW. It comes in as the test reviews with stars, not the button.  
Pre CW: https://snipboard.io/3B1Eaj.jpg
Post CW: https://snipboard.io/fW8jCn.jpg"
1. Contact page: contact form should have been removed https://snipboard.io/03nfmU.jpg ,Invalid - this is a build task.,Updated,
1. Contact page: duplicate and template content https://snipboard.io/03nfmU.jpg ,Invalid - the thin hero is not duplicated on CW backup.,Updated,
"56: Texting wasn't requested on the Q and CW indicated this in their assumptions, but the Call or Text button wasn't changed to just a call button on the mobile view.  https://snipboard.io/nAMV7G.jpg  https://snipboard.io/1SfUcH.jpg ","Invalid - CWs follow RCF view regarding call or text, and texting was enabled to Call or Text was included on the site.",Updated,
60: Generic placeholder text on Gallery page. https://snipboard.io/83ulwp.jpg ,Invalid - CWs do not handle Gallery pages; entirely a build task.,Updated,
Does the navigation follow best practices for the page order?,Invalid - no errors noted for CW.,Updated,
"Assumption to use Towson, MD was incorrect. Baltimore Metro area was provided for the serving area and was a strong SEO option to use. ","Invalid - the Q  says ""We'll use the location information from your Listings Dashboard in your header"" and CW used what was provided for the service area in Q218325 per process.",Valid,"While the Q says City, state, it lists multiple. And per the 12.22 Dispatch, the largest service area should be used, which is the Baltimore Metro Area. https://snipboard.io/uRZiSn.jpg
HOFO: https://snipboard.io/KOLq5X.jpg"
Email: Is the email listed correctly?,Invalid - no notes for this category.,Updated,
40: Name of page s/b Show Cause for Contempt Proceedings. https://snipboard.io/TOEyNq.jpg ,Invalid - the final approved (clean) page structure document has this page titled as Cause for Contempt Proceedings.,Updated,
SAP Geo is not connected.  https://snipboard.io/4hIz7E.jpg ,Invalid - all SAP geos were connected on CW backup.,Updated,Appears to have been disconnected during build
"26: Social media links placeholders, FB should have been added.  https://snipboard.io/RrYNTm.jpg https://snipboard.io/gn8hzH.jpg ",Invalid - the facebook link is present (and leads to the client's page) on CW backup.,Updated,Appears to have been disconnected during build
54: Changed Free Estimates to Free Estimates Within 72 Hours for SQOT (Speed).,Invalid - this is not an error and it's not a rule that the timeframe must be included in the MF text.,Valid,"The mo fac is the whole statement. If the customer supplied it, it should be included. https://snipboard.io/NFIX0n.jpg"
"1. Request Service is a custom form: as per request Q213648, please customize our request form to match this existing form https://peorialawn.com/request-service/",1. Request form fields correction is not part of Build's process.,Updated,
66: Brick Patio Installation hero image doesn’t follow image naming conventions. https://snipboard.io/fqGHUd.jpg,"File names of images from AI image collector does not need to be updated per our process.
https://snipboard.io/fqGHUd.jpg",Updated,Agreed
27: Icons added without links. Facebook link should’ve been added. https://snipboard.io/VCFTGD.jpg https://snipboard.io/u4V8Xp.jpg,27. Adding the Facebook link is outside the scope of the build. This should be added through Listings Management.,Updated,Agreed - Social Icons are added by CW
https://snipboard.io/8WDwjc.jpg https://snipboard.io/wVJb7h.jpg All supplied images were not added to the gallery.,Images supplied are AI generated. We were advised to not use these images by Stephanie Kennedy per legal.,Updated,
https://snipboard.io/pk7J5r.jpg Roof deck installation has to do with part of the roof and not having a deck on the roof for entertaining. A good guideline is if the the site only does roofing they mean part of the roof. If they do roofing and decks it is possible they put decks on the roof for entertaining.,"Requesting this to be treated as feedback. Build selected the image based on the hero H1 keyword, with the choice further supported by relevant Google search results. The team has been reminded of the difference.
https://snipboard.io/kJMIAs.jpg
https://snipboard.io/lX420D.jpg",Updated,
70: https://snipboard.io/n45OsY.jpg Font color on footer has low CCR. Same with text color on secondary buttons. https://snipboard.io/C7sNQM.jpg Same with Why Choose text color on this background. https://snipboard.io/kwvymI.jpg GEO is a different font color than hero text on every page. https://snipboard.io/u6tmjp.jpg https://snipboard.io/t7ZMkU.jpg https://snipboard.io/ErGXHJ.jpg,"70. Color combination contrast ratio is 3.51. This is a passing contrast ratio per the update. https://snipboard.io/n45OsY.jpg
Per Build's post backup, Geo text are colored white. This might be a bug in the system.
https://snipboard.io/C4Ut9P.jpg
https://my.websites.hibu.com/preview/8fb07b41696335988d0e8291fb783aff?device=desktop",Updated,Unable to recreate the Geo color differences. Must be a bug. 
1. Contact pages: empty gallery sections https://snipboard.io/uNPYHh.jpg,Invalid: it is on build to fill these in or remove them. Writers no longer touch gallery elements. ,,This is marked as a build error
 2. Navbar: unused gallery anchor should not be visible https://snipboard.io/OBr8gK.jpg https://snipboard.io/09vcLT.jpg  ,Invalid: Now Build's responsibility,,
1. Locations: Request Appointment buttons 404 errors https://snipboard.io/m4YIuB.jpg ,"Invalid: On post-CW backup, those buttons function as intended, scrolling to form on respecitve pages: https://my.websites.hibu.com/preview/d1e0c6c2f818b5baef2a93f603285c8c?device=desktop",Updated,Unable to recreate the issue
 2. Navbar: unused request page should not be visible https://snipboard.io/O2VsEw.jpg ,Invalid: it's not there in the post-CW backup; must be a build error? https://my.websites.hibu.com/preview/d1e0c6c2f818b5baef2a93f603285c8c?device=desktop,Valid,It's there. https://snipboard.io/JquSiH.jpg
2. Navbar: unused gallery anchor should not be visible https://snipboard.io/OBr8gK.jpg https://snipboard.io/09vcLT.jpg ,Invalid: Build error. CWs are told to stop doing anything with galleries,Updated,
40: Financing & Warranty Information is missing from the nav bar and isn't in the mega menu.  https://snipboard.io/rbd7qw.jpg  https://snipboard.io/Nk5Tbu.jpg  https://snipboard.io/BAf67g.jpg  ,"The page was created and was present in the (mobile/tablet) nav on post-CW backup; it was omitted only from the mega menu. Therefore, can we move this deduction to ""navigation best practices""?",Updated,
 59: FAQs for the Brick Driveway Installation page are missing. https://snipboard.io/MjsBuF.jpg  ,Invalid: Brick Driveway Installation is a Service Area Page. SAPs do not get FAQ. It appears Build may have moved the page under a CAT but on the questionnaire and post- CW backup this is a SAP. https://my.websites.hibu.com/preview/71e6603531ae12b24bac8a283d99ddb6?device=desktop ,,
"Name of business doesn't match what was requested on the questionnaire where the name of business is connected data https://snipboard.io/KkDtT8.jpg; because the client only wanted the name different on the website, not in yext, the name of business should not be connected throughout the site "," This was an odd request that goes against best practices, and there is no pubished rule about how to handle. CW's first assumption addresses the decision here, which was advised by AM Waldron. ",Valid,The error is that the full NOB was used on the About page when it should not have been connected since the shortened name was requested on the site. 
"About page - changes to text as the questionnaire states the business has over 20 years of experience, but not that it's been in business for over 20 years https://snipboard.io/Yaw2ot.jpg","Invalid: the text on the about page states, ""For over 20 years, our licensed plumbers have been serving North Texas homeowners"" which indicates the plumbers' experience (aligned with the Q), but does not directly claim that the business has existed for that long. ",Valid,"Using the years that way implies that the business itself (our licensed plumbers)has been serving homeowners for over 20 years. If the business owner has over 20 years of experience, the About info should be reworded to indicate the experience belongs to the owner of the business. 

"
"38: Send Message button s/b removed from footer, client doesn’t want email displayed. https://snipboard.io/nHoTur.jpg ",Invalid: Build error/responsibility,,This is marked as a build error.  https://snipboard.io/rTJK6d.jpg
"29. As the Visit us button is in the  header, CTA training does not indicate a Visit Us button on the desktop hero. Since the client does not have a hero form and the mofacs are set up horizontally, left both buttons as-is","The CTA training is out of date. CW used current templates in which two buttons are permissible where it makes sense (phone number is also in header). If a deduction was merited, QAE should/would not have left both buttons in place",,There was no error marked for this. 
"55. Additional Flooring Services Page: H1 ""Additional Flooring Services"" is too general for SEO, need something more specific, try something like: Carpet and Laminate Floor Repairs based on subpage topics. ","Invalid: ""Additional Flooring Services"" is specific enough for the category, as Flooring was specified, and the subpages cover a range of topics, not all of which would have been covered by QAE's suggested H1. ",Updated,
35: FWR to CW: Add coupon to Home and service/GEO pages for Veteran Discounts. https://snipboard.io/hpFNfa.jpg https://snipboard.io/cD1bLs.jpg ,"Invalid: There was no specific dollar amount or percentage mentioned in the discount, so it was not considered a coupon - as confirmed by Paul. 'Veteran discounts' was included on the site as a MF in why choose area and in body copy MFs.",Updated,
"53: Northlgenn repeated 9 times on Northglenn GEO, it’s Northglenn. https://snipboard.io/mXChZr.jpg https://snipboard.io/TnxYoE.jpg ","Invalid: This was a Sales error. All CWs do is connect geos and geo sections to data. We are told to assume SAPs and Geos are correct, and to not make changes. We have never been told to comb through all cities to make sure they were entered correctly, and doing so would significantly add to our turn times.",Valid,Jess has told us that we can update spelling errors and pluralizations on SAPs and Geos when the content comes in wrong. Noticing it in the Hero would indicate that it was incorrect. https://snipboard.io/syjU6k.jpg
50: https://snipboard.io/XW9zu1.jpg Northlgenn s/b Northglenn in URL. ,URL populated into HWP this way. See grammar/spelling comments above.,Valid,URL can be changed to be correct.
"Business Entity page bullet capitalization ""Limited Liability Company (LLC) establishment"" s/b ""liability company""","Invalid: Performed a Google search and I'm seeing it both ways. Since it's defining ""LLC"" it makes sense to capitalize the words that LLC stands for. ",Updated,
1. Header: phone lead-in should not exceed phone number https://snipboard.io/mrkxbd.jpg ,Invalid: feedback given to CW to keep these concise - but on post-CW backup the text is slightly shorter than phone #: https://snipboard.io/jxql8o.jpg ,Updated,
Gallery: unused anchors should be deleted https://snipboard.io/NLIV2y.jpg ,Invalid: CWs no longer touch gallery elements; build error. ,,This is marked as a build error
Is the AI generated copy organized logically and easy to read?,Invalid: Extra deduciton. Only one comment under Copy Section Notes. ,Updated,
1. Megamenu should be alphabetical https://snipboard.io/gHyY0v.jpg 2. HOme copyblocks should be alphabetical https://snipboard.io/QsHGc9.jpg ,"Invalid: Paul confirmed (and has consistently said for some time) that fulfillment has the discretion to break alphabetical order when it makes sense to do so. This is a roofing site, so it makes sense for roofing to be prioritized over gutters. I coached CW to leave an assumption when deviating from alphabetical order in the future. ",Updated,
"FWR to CW was to restructure mega menu and CAT copyblocks in alphabetical order. CW refused, citing directions from their AM that were based on incorrect interpretation of current procedures.",Invalid: QAE was incorrect here. Paul confirmed (and has been saying for some time) that fulfillment has the discretion to break alphabetical order when it makes sense to do so. ,Updated,
Video splash - Name of video field was not completed with name of business https://snipboard.io/OKCA0v.jpg ,"Invalid: CW did not upload a new video script b/c this was an upsell. Nowhere in the instructions, or anywhere else, have we been told that CWs have to fill out the NOB for upsell videos - only that we have to remove placeholder text.
IF this is an expectation, 1) may we have an FYI so we can let the teams know? and 2) we really need to have all these video script/splash rules in writing somewhere.  ",Updated,"This is for the video splash, which is a build error."
"Performance Muffler Services page - Emissions changed to Emissions Services to avoid having a one-word heading per best practice https://snipboard.io/jNG0OU.jpg

Emissions page - h1 in hero ""Emissions"" changed to ""Emissions Services"" to avoid one-word h1 per best practice https://snipboard.io/Mp57KR.jpg  ",Invalid: Per the 10/27/25 Dispatch there is no longer a minimum number of words for headings.  ,,There are other copy errors. Won't change the score. 
54: Replaced Certification MoFac with Discounts MoFac for SQOT (offers). ,"Under most circumstances I'd agree with this change, but ""Discounts available"" is too vague to be very meaningful. Discounts for seniors? Discounts for fleets? As a customer, if I'm shameless enough to call somewhere and ask what discounts I can get, I'm doing that without the website telling me to. This businss's certifications were specific.",Updated,Yours is way better. 
Holiday Hours missing from the Contact page (https://snipboard.io/tI4CmD.jpg). Added holiday hours.,"Invalid: they're present on post-CW backup - and you can see the bottom of them in QAE's screenshot as well. Seems that Build may have just moved the Holiday Hours heading to the right column, but didn't move the actual hours. https://my.websites.hibu.com/preview/5ee9941c4ed4f78e0127f6f3aaab87ba?device=desktop",Updated,Agreed
"SAP directory page was hidden in navigation though there are SAP pages https://snipboard.io/VmIsfe.jpg, it was not added to navigation menu for desktop https://snipboard.io/ZdHMQ1.jpg ",Invalid: It's in the nav in the post-CW backup.,Updated,"This one was a maze, Build hid them because she forgot to add the links."
"Home page - h1 ""Professional Landscape Services"" changed to ""Landscape and Lawn Maintenance Services""  ",Invalid: Original H1 was not an error. It is a landscaping company. Lawn care services can fall under the umbrella of  landscaping service.,FYI,"For a Home page neither ""professional"" or ""services"" is doing a lot of lifting for you (though fine to add with something that works).  The upgraded H1 accurately reflects the company’s full services while capturing lawn maintenance user/search intent. The original “Professional Landscape Services” was limited, this version provides greater clarity and SEO specificity without narrowing effectiveness."
"Property Maintenance page - ""Landscaping"" changed to ""Landscaping Services"" per best practice to avoid having a one-word heading https://snipboard.io/N5hDVr.jpg  Landscaping page - h1 in hero ""Landscaping"" changed to ""Landscaping Services"" to avoid having a one-word heading https://snipboard.io/dEh4ai.jpg ","Invalid: Per 10/27 Dispatch, there is no longer a minimum number of words in headings. Landscaping is the service, so this is sufficiently descriptive of the page topic.",Updated,"Fair, I removed those based on the verbiage"
Superhero form - form title template text not replaced https://snipboard.io/q2xIZX.jpg ,Duplicate feedback in the request form question,Updated,"I only saw a charge in the form section, but the text was listed twice, removed the duplicate text."
CW: SAP URL was incorrect. .https://snipboard.io/nEmVyv.jpg,Invalid — This site was submitted before the system error where it was dropping the contact/ was detected and the team was alert on 3/11 in the afternoon.,Valid,"There still is an expection to confirm your review the site and confirm that URL's are correct though, right?"
URLs must be structured as CONTACT/KEYWORD-SERVICE-AREA: .https://snipboard.io/ncN2Ai.jpg .https://snipboard.io/qX8VHC.jpg This only had the keyword.,Invalid — This site was submitted before the system error where it was dropping the contact/ was detected and the team was alert on 3/11 in the afternoon.,Valid,"There still is an expection to confirm your review the site and confirm that URL's are correct though, right?"
Invalid — This site was submitted before the system error where it was dropping the contact/ was detected and the team was alert on 3/11 in the afternoon.,"Invalid — Unclear what this means, which page it's about, or what the screencap is meant to show. If it's about the Audiology Offices SAP, that H1 is present in the CW backup. https://snipboard.io/p75BKJ.jpg",Valid,"There still is an expection to confirm your review the site and confirm that URL's are correct though, right?"
SAP URLs are not the correct format: .https://snipboard.io/PAyW6b.jpg,Invalid — This site was submitted before the system error where it was dropping the contact/ was detected and the team was alert on 3/11 in the afternoon.,Valid,"There still is an expection to confirm your review the site and confirm that URL's are correct though, right?"
SAP URL is out of format .https://snipboard.io/ElwTF8.jpg,Invalid — This site was submitted before the system error where it was dropping the contact/ was detected and the team was alert on 3/11 in the afternoon.,Valid,"There still is an expection to confirm your review the site and confirm that URL's are correct though, right?"
Links for Gallery still not functioning. .https://snipboard.io/Aoa7CM.jpg .https://snipboard.io/tDgKpG.jpg .https://snipboard.io/8BOpDQ.jpg ,Invalid — Gallery links are a Build issue.,Updated,Feedback removed from link errors
.https://snipboard.io/Kv5gxj.jpg The Bulleted list is in a different format than the other pages and we can only use bold on them if they have a : or - in them. ,"Thie first part of this is valid, but where is the rule for the part about ""we can only use bold on them if they have a : or - in them""?",Updated,"This was a rule for ages, CW initially had the green light to BOLD as needed, eventually Paul rolled it back due to implemenation issues. Since I cannot find it, text has been updated."
Name of Business: Is the business name spelled correctly?,Invalid — No error reported for this category.,Updated,Corrected
"Siding Contractor SAP URL has extra text, must be formatted properly as contact/, etc. .https://snipboard.io/GvKFTW.jpg .https://snipboard.io/gaC9f1.jpg Same with Roofing SAP.",Invalid — This site was submitted before the system error where it was dropping the contact/ was detected and the team was alert on 3/11 in the afternoon.,Valid,"There still is an expection to confirm your review the site and confirm that URL's are correct though, right?"
.https://snipboard.io/lpjzWy.jpg .https://snipboard.io/gD5Wsx.jpg Fire Extinguisher Services CAT is missing the installation page. ,"Invalid — There was no fire extinguisher installation page in the initial setup, so there should not have been a link to it on the CAT page. See Case Comments on 15549214.",Updated,"Fair, I do see that it was marked as ""remove"" on the page review."
SAP page format is not correct .https://snipboard.io/iaTGup.jpg,Invalid — This site was submitted before the system error where it was dropping the contact/ was detected and the team was alert on 3/11 in the afternoon.,Valid,"There still is an expection to confirm your review the site and confirm that URL's are correct though, right?"
"66: https://snipboard.io/MZwPoy.jpg https://snipboard.io/hx25pn.jpg Full Service Catering, Wedding Catering hero image file names are incorrect.",Invalid - The artist used the correct images on the heros but just named them incorrect so does that account for a category that takes off 2 points since the image is fine?,Updated,Moved to meta
42: BBB isn’t an Association. https://snipboard.io/AlPI4s.jpg ,"Invalid: It literally is, and I've seen deductions from QAE saying CWs should have included it under Associations. This seems like a fair place to include it if CW is going to - we didn't claim accreditation or rating or anything else. ",Updated,
47: Garage Door Repairs link on Home redirects to Garage Door Installation. https://snipboard.io/CfBM2D.jpg Same with Garage Door Parts on Home page: https://snipboard.io/j2QKO9.jpg  ,Invalid: Both links on post-CW backup go to their intended pages: https://my.websites.hibu.com/preview/df418ea9723f3de3033f41247eaf71b5?device=desktop,Updated,Agreed - links were broken during build
"Are all links for buttons, images and text linked correctly?","Invalid: CW Error marked, but no feedback given for this category. ",Updated,
 60: Obvious Recent Projects placeholder text and button text for Gallery section on CATs…they’re dogs. https://snipboard.io/ndfjXr.jpg   Remove placeholder text on Gallery. https://snipboard.io/vtH0GE.jpg ,Invalid: All gallery elements are now Build's responsibility,Updated,
65: https://snipboard.io/gPYhzS.jpg Gallery anchors on nav bar.,Invalid:  Build responsibility. CWs no longer touch gallery elements. ,Updated,
60: Gallery text on sections still generic placeholder text given these are dogs/pets. https://snipboard.io/G8jASJ.jpg ,Invalid: All gallery elements are now Build's responsibility. ,Updated,
"33: Callout involving estimate, should have a button linking to form fill for estimate. https://snipboard.io/exP9mK.jpg",Invalid: There is no rule stating this. This client's primary method of contact is calls. It's perfectly reasonable for users to schedule their estimate via phone call.,Updated,
Motivating factors: Are motivating factors consistent with the questionnaire?,"Invalid: CW Error marked, but copy section notes say ""na""",Updated,
31: No NOB in Video Splash. https://snipboard.io/YQ4Uxh.jpg,"Invalid: This is an upsell; CW removed placeholder text and there are no instructions that say the CW still needs to fill in the name of video field. If this is required please work with Kim, Paul, etc to get it documented",Updated,This is a build error
54: Replaced Experience MoFac with Fast Project Turnaround for SQOT (Speed). ,"Normally I'd agree that speed beats experience, but ""fast turnaround"" is pretty meaningless as it's vague enough that anyone can claim it. 45+ years is enough experience to be a decent quality indicator, and is a lot more specific.",Updated,"Neither are great Mo Facs, but the faster turnaround time can be backed up by the 30%-50% claim on the site. If that could be made into a Mo Fac, it would beat all the others. https://snipboard.io/6vwySD.jpg"
Hours were omitted from hero with no 24/7 advisement to counter,"Invalid: Per the Dispatch, we only include the open/closed widget for non-24/7 businesses if people visit their physical location. ",Valid,Correct. The error is that there is no open closed widget and the business doesn't indicate they are 24/7
"5 or more errors: “Local, Family-Owned &Operated” Home – Why Choose Us section spacing error. Also - all buttons advising ""Request Call Back"" were typo'd to read ""Request CALK Back"". Header button also retained this error as well as the short hero on the Request Call Back page.","Why choose section is edited in one place, in collections. Buttons are edited in one place, in the collection. Therefore can we please change this to 1-4 errors? ",Updated,"We currently don't score based on collections, since we don't look at that. We score based of the number of places something is wrong. That said, I'll change it since we'd only count the Why Choose, two buttons (Header and Hero Form), and navigation "
31: NOB not on Video Splash. https://snipboard.io/IOfaED.jpg ,"Invalid: This is an upsell; CW removed placeholder text and there are no instructions that say the CW still needs to fill in the name of video field. If this is required please work with Kim, Paul, etc to get it documented",Updated,Added to clarification feedback
Grammar/Spelling: Is all copy grammatically correct and is it spelled correctly?,"Invalid: CW error marked, but copy section notes only had feedback for #60",Updated,
Motivating factors: Are motivating factors consistent with the questionnaire?,"Invalid: CW error marked, but copy section notes only had feedback for #60",Updated,
Do the headlines and body copy follow the writing style guidelines and best practices?,"Invalid: CW error marked, but copy section notes only had feedback for #60",Updated,
Changed mobile CTA button from call or text to click to call as client doesn’t want texting on site,"Invalid: Q218317 says they do want texting, and the listings RCF has texting enabled. CW using Call or Text was correct.",Updated,
70: Review button on header is same color as background. https://snipboard.io/W7Ovqg.jpg   Bullet points on Wall Tile Installation skip a point. https://snipboard.io/q3M5WK.jpg  ,The review section included star ratings and a numeric score during the build. The button appeared only after QA added the customer ID. and Assuming Bullet points in the content is a CW miss.,Updated,
https://snipboard.io/7LN5Jp.jpg https://snipboard.io/pIeMnD.jpg All supplied images were not added to the Gallery page. ,Added 55/57 images and 2 images were used in the site else were so only 2 missed to use in the gallery. please can this be considered as feedback.,Updated,We'll FYI it. Please be sure agents leave assumptions if they are not using photos or other files that were supplied.
"63: Dumpster Sizes hero image not related to copy and page. https://snipboard.io/o4ND19.jpg   70: Review button on the header is same color as the header background. https://snipboard.io/gYDeGb.jpg   Extra empty column left on Special Offers page. https://snipboard.io/iSnO1x.jpg  

41: https://snipboard.io/VYP1j8.jpg CCA signed but blog posts were not imported. https://snipboard.io/UXGAoE.jpg 
","1. Valid
2. Invalid: the review section included star ratings and a numeric score during the build. The button appeared only after QA added the customer ID.
3. Valid
4. Invalid: Importing 3rd party blog posts are subject to valid RSS feed url. if feed url fails to import we are not manually creating them!",Updated,"2. Fair
3. Please have agents leave assumptions when items cannot be fulfilled. There is no assumption about the blog not being used. https://snipboard.io/ncNLrO.jpg"
"70: Review button is the same color as the header. https://snipboard.io/mhnjT1.jpg 
","Invalid: Upon checking the backup, the review section included star ratings and a numeric score during the build. The button appeared only after QA added the customer ID.",updated,
1. Finance page is on navbar so should have indexing on https://snipboard.io/FEsm2t.jpg 2. button color should not match background https://snipboard.io/OZsoH6.jpg https://snipboard.io/FB6O8Z.jpg https://snipboard.io/m0wJbF.jpg,"Invalid: 1. Turning On the indexing for the Finance page not a build task 
2. the review section included star ratings and a numeric score during the build. The button appeared only after QA added the customer ID.",Updated,
Header: buttons should not match background https://snipboard.io/GtIAys.jpg,"Invalid: Upon checking the backup, the review section included star ratings and a numeric score during the build. The button appeared only after QA added the customer ID.",Updated,
Hours in footer twice: https://snipboard.io/R295uU.jpg Backups show this was caused by build. Header buttons don’t match https://snipboard.io/vKRhFD.jpg ,"1. Valid
2.  Invalid: the review section included star ratings and a numeric score during the build. The button appeared only after QA added the customer ID",Valid,The buttons should match if they are consistent in the theme
Reviews button is not the same style as the CTA button https://snipboard.io/EYXOZd.jpg,"Invalid: Upon checking the backup, the review section included star ratings and a numeric score during the build. The button appeared only after QA added the customer ID.",Valid,The buttons should match if they are consistent in the theme
"https://snipboard.io/tZ5UPC.jpg The background color of the button can not be the same color as the background color of the section it is on.   https://snipboard.io/v3xtkB.jpg The font in the intro paragraph on the first CAT is two different sizes. 
","1. Invalid: Upon checking the backup, the review section included star ratings and a numeric score during the build. The button appeared only after QA added the customer ID.
2. Valid",Updated,
"1. Megamenu should be alphabetical https://snipboard.io/gHyY0v.jpg 2. HOme copyblocks should be alphabetical https://snipboard.io/QsHGc9.jpg 3. Copper Gutter image is not copper, used on Zinc Gutter page https://snipboard.io/R0MycC.jpg 
","1,2. Invalid: Mega menu and arranging copy blocks in alphabetical order is not a build task.",Valid,The error is for the images. 
Shouldn’t retaining walls page be under curb and retaining wall services?,Invalid: Page ordering in the navigations is not a build task.,,This is marked as a CW error
70: Review button same color as header when viewer scrolls down. https://snipboard.io/6Tqwke.jpg ,Invalid: the review section included star ratings and a numeric score during the build. The button appeared only after QA added the customer ID.,Updated,
"
41: https://snipboard.io/hZGpnf.jpg & https://snipboard.io/SxtpGb.jpg Gallery page is setup so we would want to move the page from under the about page to its own before the about page on the navigation.
","41. It was not mentioned any where in the guidelines about the gallery page that we need to move it to the main navigation, now we have shared this to the team, can this be treated as feedback for now ",Updated,
70: Review button on header same color as background. https://snipboard.io/qdINrA.jpg ,Invalid: the review section included star ratings and a numeric score during the build. The button appeared only after QA added the customer ID.,Updated,
"
63. Please change out the following hero images:  Please change out the Paving Absecon NJ Geo hero image as it's the same as the Commercial Repaving hero image. https://snipboard.io/W5io1c.jpg  Please change out either the Egg Harbor Twp Paving geo page or the Swedesboro, NJ geo paving page as it is the same image. https://snipboard.io/Jpj3h8.jpg  Also, the Paving Wildwood NJ geo page hero image is the same https://snipboard.io/QtZHLl.jpg as the hero on the Blacktop and Asphalt Services CAT page. Please change the Paving Wildwood NJ page.  Hero images on the site should be unique with the exception that the CAT hero image can be used again on hero images of pages under that CAT page.  Feedback: Consider changing out the Paving Cape May, NJ geo hero image as most of the page talks about residential paving. https://snipboard.io/jbR8tf.jpg  Please change out the Paving Stone Harbor NJ geo page hero as it seems to be a repair rather than paving image: https://snipboard.io/Kh4NWu.jpg    67 Feedback: Header and Elsewhere: Please change the color of the buttons on the header (Reviews and Request Call Back) and the hero form Request Call Back button to gold to stand out more. Also, change out any other button that is grey on grey to follow best practices.  72. Feedback:  Footer:  Please adjust the line height in the rows of text under each column so the text is aligned for the 3 columns where possible: https://snipboard.io/mhv723.jpg ie. There is very little space between the 3 cities under Serving Area but the phone numbers under Contact Us have more space. If this can not be done, leave an assumption.","The site was submitted to QA before the new spec site rollout and was not aware of the hero image update, hence repeated few hero images for the GEO pages. can this be treated as feedback now",Updated,
70: Review button same color as header background. https://snipboard.io/5OPuzv.jpg ,Invalid: the review section included star ratings and a numeric score during the build. The button appeared only after QA added the customer ID.,Updated,
70: Review button same color as header. https://snipboard.io/3CsNv7.jpg ,Invalid: the review section included star ratings and a numeric score during the build. The button appeared only after QA added the customer ID.,Updated,
.https://imgur.com/a/ADf5FUJ Since they wanted to display their hours we should have it in the footer they are available 24/7.  Emergency hours does not always mean 24/7. ,Invalid — Imgur link doesn't open an example of an error.,Valid,Footer doesn't contain Business Hours. Emergency Services doesn't necessarily mean 24/7 https://snipboard.io/mIyjei.jpg
CW: .https://imgur.com/a/XB1lNmw All of the services are not Asphalt services and because of this the callout would not apply to all pages.  ,"Invalid — Imgur link doesn't open an example of an error.
",Valid,Callout isn't applicable to all pages. https://snipboard.io/lxaQM9.jpg
.https://imgur.com/a/0hd05GE Learn more linked to home on the Grading CAT.,"Invalid — Imgur link doesn't open an example of an error.
",,Can't find this error
.https://imgur.com/a/VAbgKBh The first H3 of a SAP has to have the KW they bought for that page in it. ,"Invalid — Imgur link doesn't open an example of an error.
",Valid,https://snipboard.io/4JZB6o.jpg
Address/Service Area:  Is the address and service area listed correctly?,"Invalid — No error reported for this category.
",Updated,
"Is the Blog, eCommerce, and Gallery page hidden if applicable?","Invalid — None of this is CW's responsibility.
",Updated,
" .https://snipboard.io/acjnX8.jpg Gallery anchors included on nav bar.   75: Get Directions s/b removed from EM, client didn’t want address displayed. .https://snipboard.io/78b9AS.jpg",Invalid — None of these are CW responsibilities.,Updated,Engagement menu error is marked for Build
Car AC page has Oil Change meta content .https://snipboard.io/UZpI6M.jpg,"Invalid — Feedback is legit, but these are not counting in March.",Updated,
.https://imgur.com/a/plouR20 Garage Door Opener Installation learn more button linked to the Custom Wood Garage Door Installation. ,"Invalid — Imgur link doesn't work, so it's not clear what this is about. On the Garage Door Installation CAT, this button is correctly linked in the CW backup. https://snipboard.io/TeECdU.jpg",Updated,
.https://imgur.com/a/84BkrFe The first H3 on a SAP has to have the KW they paid for in it.,Invalid — Imgur link doesn't work so it's not clear what this is about.,Valid,Updated link: https://snipboard.io/yI1FrW.jpg
Some SAP meta descriptions were over the character limit .https://snipboard.io/LHXZ2f.jpg,"Invalid — Feedback is legit, but these are not counting in March.",Updated,
Typo in the meta description on the Contact page .https://snipboard.io/GkxEwu.jpg ,"Invalid — Feedback is legit, but these are not counting in March.",Updated,
" GEO content ""New Port County"" s/b ""Newport County""",Invalid — This is consistently presented as New Port County in the questionnaire. https://snipboard.io/l4I0xB.jpg,Updated,
"page content spelling and meta content, everywhere throughout entire site ""New Port County"" s/b ""Newport County""
Invalid",Invalid — This is consistently presented as New Port County in the questionnaire. https://snipboard.io/l4I0xB.jpg,Updated,
Service tabs should fall between 50-60 characters Build - Gallery meta title/description was not applied ,Invalid — These don't count in March.,Updated,
SAP pages should reflect service TO vs IN for H3 and body text,"Invalid — This is not a published rule. If the intent is for the SAPs to say something different, then there needs to be a rule requiring rewriting them and the AI output needs to be changed. Only Rye is marking these.",Valid,"SAPs are for serving areas, which means there are likely no physical locations in the city. Per the Spec Site, content is to avoid using verbiage as if the business is in the city. https://snipboard.io/Aa4l3M.jpg"
SAP pages should refer to service areas as “to” “available to” “serving” “for” etc. H3 and body text should not refer to business as “IN”. Professional Diesel Particulate Filter Services in,"Invalid — This is not a published rule. If the intent is for the SAPs to say something differnet, then there needs to be a rule requireing rewriting them and the AI output needs to be changed. Only Rye is marking these.",Valid,"SAPs are for serving areas, which means there are likely no physical locations in the city. Per the Spec Site, content is to avoid using verbiage as if the business is in the city. https://snipboard.io/Aa4l3M.jpg"
SAP pages should not state that the business is IN any of the locations. Professional Landscape Design in When searching for landscape designers in,"Invalid — This is not a published rule. If the intent is for the SAPs to say something differnet, then there needs to be a rule requireing rewriting them and the AI output needs to be changed. Only Rye is marking these.",Valid,"SAPs are for serving areas, which means there are likely no physical locations in the city. Per the Spec Site, content is to avoid using verbiage as if the business is in the city. https://snipboard.io/Aa4l3M.jpg"
SAP page text should indicate business serves the area and is not located IN  Professional Plumbing Services in Professional Plumbing Repair Services in Water Heater Repair Services in,"Invalid — This is not a published rule. If the intent is for the SAPs to say something differnet, then there needs to be a rule requireing rewriting them and the AI output needs to be changed. Only Rye is marking these.",Valid,"SAPs are for serving areas, which means there are likely no physical locations in the city. Per the Spec Site, content is to avoid using verbiage as if the business is in the city. https://snipboard.io/Aa4l3M.jpg"
"the client has an existing voice-over video, removed the video summary from page and video splash per guidelines regarding upsells and existing videos .https://snipboard.io/7lwbh6.jpg ",Invalid — Please indicate where this rule is published.,Updated,
27: There were no social links. These s/b deleted. https://snipboard.io/Ozw9Ic.jpg ,Invalid - no social icons appear on CW backup.,Updated,
Phone Number: Are the phone numbers listed correctly?,Invalid - no error listed for this category,Updated,
"Request form button ""Request an Appointment"" changed to ""Request Appointment"" per process https://snipboard.io/jrzVvU.jpg ",Invalid - it's fine to include the article.,Updated,
Video splash - Name of Video field was not filled in with name of the business per process https://snipboard.io/myCZtq.jpg,Invalid - CW backup has the NOB in this field: https://snipboard.io/XfMK4V.jpg,Updated,This is a build responsibility.
"Per questionnaire, the request appointment form is supposed to go to areliwallace@gmail.com https://snipboard.io/6L35bv.jpg",Invalid - this should be updated by DSC in the client dashboard.,Updated,
FOOTER ERROR – no content in collections to populate Serving Area in footer (read with default info),Invalid - serving area is included in footer on CW backup: https://snipboard.io/PkIywC.jpg,Updated,
ABOUT tab was blank VS required page on Q,Invalid - the About page is fully completed on CW backup.,Updated,
"31: https://snipboard.io/AVpJ5Y.jpg 
NOB not on Video Splash. ",Invalid - CW backup has NOB in this field: https://snipboard.io/T6G89R.jpg,Updated,This is a build responsibility.
31:  Name of Video not in video splash. https://snipboard.io/bJAdzC.jpg,Invalid - CW backup has NOB in this field: https://snipboard.io/7e5PUv.jpg,Updated,This is a build responsibility.
"URLs ""new-city"" and ""valhalla"" need state added.",Invalid - the HOFO and spec site do not say a state abbreviation is required.,Updated,
"1. Mobile header: no assumption why ""Call"" button was removed https://snipboard.io/nx8iQU.jpg 

2. Hero geo content needs state abbreviation https://snipboard.io/ILEy6x.jpg","1. Invalid - call us was removed for Contact Us header button linked to the locations landing page because this is a multi-location site.
2. Invalid - the HOFO and spec site do not say a state abbreviation is required.",Vaild,"The original geo came into the site with the state abbreviation. For clarity for the end user, it should be left in. https://snipboard.io/02slBe.jpg

The 2-location examples in the Spec Site also include the state. https://snipboard.io/0R6qAv.jpg"
CW incorrectly did not include state in hero geo content as per FWR https://snipboard.io/CbYyaZ.jpg,Invalid - the HOFO and spec site do not say a state abbreviation is required.,Vaild,"The original geo came into the site with the state abbreviation. For clarity for the end user, it should be left in. https://snipboard.io/02slBe.jpg

The 2-location examples in the Spec Site also include the state. https://snipboard.io/0R6qAv.jpg"
"1. Geo page URL needs state abbreviation ""contact/landscaper-shewbury"" 

2. Geo page URL needs state abbreviation ""contact/landscaper-west-boylston"" ",Invalid - the spec site does not say a state abbreviation is required.,Valid,Geo page URLs do need the state. https://snipboard.io/5BkNU1.jpg
"Serving area page, home, and CAT page meta descriptions are written incorrectly.  ",Invalid - grace period for metas.,Updated,
"Textable RCF:  Was the textable RCF set up properly according to guidelines, when applicable?",Invalid - no CW error listed for this category,Updated,
31. Video script had text that should have been in sentence case or lower case in title case: https://snipboard.io/4jcyAd.jpg QA adjusted.,Invalid - CW copied this over as it was on existing site.,Valid,"Good work with the copy, but we don't want to ignore errors."
EE: The Commercial Landscape SAP hero shows a concrete wall. BJ: Hidden pages. Because the questionnaire say no we should not carry their blog over incase they do not want to use that content anymore.,"EE: Looks like the designer got 2 pts removed twice for an incorrect hero image on the commercial landscape SAP page, isn't this double dipping? Shouldn't the designer have only lost 2 pts from either the hero section or the image clarity section? BJ: The questionaire asks ""does the client have an existing blog,"" but there actually is a blog, so the designer carried it over. The Q doesn't say they don't want the blog, how do we know that wasn't a mistake? It doesn't actually say that they don't want the blog in the Q.",Updated/Valid,"1. Agreed!
2. I don't hate the idea, but at least leave an assumption and hide it.  Might be worth a suggestion - auto import isn't a thing currently."
Gallery section required for location pages.,"According to https://websitespec.hibuone.com/additional-location - search for ""Optional Sections (when content is provided):"" it lists gallery. Designer chose not to include the gallery on the location because there were not location specific images available. ",Updated,"I don't think the images need to be location-specific for the gallery. Since this business generally goes to a location for work, images of the cranes and tow vehicles would work on either page. "
DG: Images related,"I understand where 2 points are lost due to a hero image not being up to 1920 px, but I don't understand where 2 points are lost due to images related",,
"SAP page should reflect service provided TO city/ST pages vs IN a city

E.g. ""Spray Foam Insulation Services in"" 
E.g. ""Finding the right insulation contractor in""
","Invalid: Checked CW backup. Though this business is not located in Ashgrove, MO, they provide service in Ashgrove, MO (and the other SAP cities), so phrasing like, ""Since 2016, we've helped homeowners and businesses in Ash Grove, MO create more comfortable indoor spaces"" is fine, as this business goes to their customers in Ashgrove. If our client had a location, the language would need to be, ""to Ash Grove, MO"" since they don't travel to Ash Grove, nor are they located in Ash Grove, but people in Ash Grove would be traveling to wherever the business was located. ",Updated,
"CONTACT page – Areas Served section is visible with default “Keyword in City, ST”","Invalid: Contact page doesn't show any errors with the ""Serving Area"" on CW backup. It shows Utah County, UT and surrounding areas, which is linked to the Serving Area Landing page.",Valid,The error is for the Areas Served (Geo) section being left visible with no Geo Pages on the site. https://snipboard.io/gSpUfQ.jpg
"1. Build: https://imgur.com/TV5cRXM Alt tag missing.
2. FYI: https://imgur.com/a/8WMfcjR Based on my understanding of the BBB rules there should be no BBB logo since they did not provide a link.
3. https://imgur.com/a/od12ryM We should use the main colors as the colors they asked for or colors that are in their logo. The only exception would be if there is no way possible to pass contrast with their colors.
4. https://imgur.com/a/pVFUM69 The phone number and the geo in the header are not balanced. When the geo does to two lines the phone number should be balanced with the second line in the geo.","1. Can this be considered as technical issue? Build added alt tag via the gallery widget. https://snipboard.io/Yxk1rL.jpg
2. Feedback only. Also BBB rules are being clarified at the moment.
3. Designer toned down the color red as it was too bright and used grey as a substitute for white to accommodate a transparent header. An assumption was also dropped about this. https://snipboard.io/OUZ2SW.jpg
4.  As per checking, header elements are aligned. This has been viewed in 1366x768 resolution. https://snipboard.io/fpqg9L.jpg",Updated,"1. Fair
2. Good for feedback.
3. Fair based on the assumption
4. I see it on the build final in common res.  https://my.websites.hibu.com/preview/4e8ae6f08e6a6d7cd100de3bd830ee2f?device=desktop"
FWR to Build: -About page image is missing.,"The issue appears to be technical in nature. The image was added to the About page during Build and may have been disconnected by the system. As evidence, the image is visible as uploaded in the editor at the same time Build was processing the website.
https://snipboard.io/3Ntrw1.jpg
https://snipboard.io/uOqDia.jpg",Updated,Agreed
Backup must be named https://snipboard.io/2bU0E8.jpg,"The backup name for “Build” is complete; however, it is being cut off due to a display issue. The full name appears correctly when hovered over. https://snipboard.io/bxZvP2.jpg",Updated,Agreed
"GARAGE DOOR REPAIRS CAT  All links on service copy blocks direct to Garage Door Spring Replacement 

Same with POLE BUILDINGS & POST FRAME CONSTRUCTION

 SAME with SPECIALTY GARAGE DOOR SERVICES CAT
",Invalid - all copy blocks were linked to the correct pages on CW backup.,Updated,Agreed - Happened during Build
Drilling CAT page buttons are not linked to the correct pages https://snipboard.io/9Vm7e8.jpg,Invalid - all copy blocks were linked to the correct pages on CW backup.,Updated,Agreed - Happened during Build
"Nav breaks to two lines in 1366, Mega menu required: https://snipboard.io/eFG7Bx.jpg",Invalid - the navigtation is all one one line in 1366x768 view on CW backup: https://snipboard.io/8mi4tN.jpg,Updated,Agreed - Happened during Build
55. Roof Inspection H1 and Geo missing from the hero section: https://snipboard.io/YAz35L.jpg,Invalid - h1 and geo are showing on CW backup: https://snipboard.io/vWaUMY.jpg,Updated,
54: Replaced Customer Satisfaction MoFac with Licensed/Insured for SQOT (Quality).,Invalid - guaranteed satisfaction is more important than licensed/insured; it is expected that a tree service is insured and licensed and that could be mentioned elsewhere. A satisfaction guarantee indicates the business will make it right when a customer is not satisfied.,Updated,Neither of them are great as both should be offered as a minimum. 
"Footer - there was no content entered for Service Loc 1 in the content library. This field was blank in the footer, along with no serving area content.",Invalid - CW backup has no blank footer fields and service area is listed: https://snipboard.io/E84OlL.jpg,Updated,Agreed - Happened during Build
Are the About page Content Library Fields correct per questionnaire and does the Open/Close widget appear in the hero of all pages?,Invalid - no error listed for this category.,Updated,"The note should have said ""About Page"", but the error happened during build. "
Several things are missing from the Contact page. No payment methods. No serving area. No address. no company license.,"Invalid - all content is showing on CW backup, and license number is not required to be on the contact page https://snipboard.io/zZiKLC.jpg",Updated,This is the same error as above. 
Is the AI generated copy organized logically and easy to read?,Invalid - no error listed for this category.,Updated,
24: Removing hours from site as client has 24 hour emergency services and this is a mofac. https://snipboard.io/SCcQZL.jpg ,"Invalid: Business operating hours are different from extended emergency hours. CW used the hours from the questionnaire, and QAE should have kept them on the site. It's normal and reasonable for a business to want people to contact them only during specified business hours for non-emergencies, but to also offer emergency services outside of those times. The rule QA is thinking of involves the open/closed widget, not the hours in the footer.",Updated,
Generic placeholder text on Gallery page. https://snipboard.io/EXcvS2.jpg  ,Invalid: Build now handles all gallery components. ,Updated,
65: Gallery anchor placeholders in menu. https://snipboard.io/SArWZj.jpg  ,Invalid: Build now handles all gallery components,Updated,
"Footer: ""and surrounding areas"" should have been removed https://snipboard.io/kKHitI.jpg","Invalid: The site has SAPs. Part of the process for sites with SAPs is that the words ""and surrounding area"" are supposed to be in the footer linking to the PSAP page. We've been deducted before for this link not being present with a location-based business - in this case, CW followed process. ",Updated,
Semi Towing Near Me SAP page - replaced click-to-call button in hero with Contact Us linked to Locations page as all locations do not share same phone number https://snipboard.io/KOwyZP.jpg  Winch Out Service SAP page - replaced click-to-call number in hero with Contact Us linked to Locations page as all locations do not share the same phone number https://snipboard.io/93jBHP.jpg,"Can this go in the CTA category? It's a matter of the wrong CTA being chosen, not the actual number being wrong. ",,
24: Removing hours as they have 24/7 emergency services. https://snipboard.io/LZQAE9.jpg ,"Invalid: Business operating hours are different from extended emergency hours. CW used the hours from the questionnaire, and QAE should have kept them on the site. It's normal and reasonable for a business to want people to contact them only during specified business hours for non-emergencies, but to also offer emergency services outside of those times. ",Updated,
  65: https://snipboard.io/rLXQ9x.jpg Menu features gallery anchor placeholders. ,Invalid: Build error/Build responsibility,Updated,
Are the About page Content Library Fields correct per questionnaire and does the Open/Close widget appear in the hero of all pages?,"Invalid: CW Error marked, no feedback given for this category",Updated,
"1. Copyblocks and CAT pages should be alphabetical. Adding ""Professional"" to some H3s causes these copyblocks to no longer be alphabetical. ""Professional"" is also a power word, which we do not use anymore so they should be removed. https://snipboard.io/xkfbHC.jpg","Copy blocks need to follow page order, which CW's did. CW was remembering the old ""min. number of words in H3s"" rule, and we reviewed the fact that this is no longer in place - however, adding ""Professional"" is not incorrect even though it is also not necessary. ",Updated,"While most of the error is invalid, adding Professional to the H3s on the Lawn and Home Services page is incorrect as we're not supposed to use power words anymore, especially if the AI didn't include them on the original content. 
Original: https://snipboard.io/olERdv.jpg
CW Update: https://snipboard.io/W8BH4K.jpg"
55: Reviews header button not connected to collection. https://snipboard.io/DwmKRe.jpg ,Invalid: This button isn't a collections thing. Everthing with the button looks right to me. Connecting the reviews ID is not a CW task if that's what QAE means. ,N/A,"This is a QAE task. It wasn't marked as an error, though."
Address/Service Area:  Is the address and service area listed correctly?,"Invalid: CW Error marked, but no feedback for address/service area",Updated,
"2. Preferred Contractor page is out-of-norm, not a service/product page. should have a thin hero and no sidebar like the Resources page. meta needs to be adjusted to the out-of-norm format. ","Invalid: There is nothing in the page reviews or Q to indicate it is anything other than a service page. Since there was also no info provided and nothing on their old site about ""preferred contractors"" that we could have used to inform an OON page, I advised CW to hide and de-index this page for now.",Valid,"The page doesn't provide a product or service that is attainable by the public. It's an informative page and should have been a Utility page, based on our definitions. "
"3. Hero motivating factors: Free Quotes is already on the page twice. instead of a third time, something about product delivery would be better as that's an important part of their business. https://snipboard.io/8XyUsd.jpg ","I've never heard of Hibu being concerned with us repeating a motivating factor before. Free is a good one, and it's one that the business requested us to emphasize. I can't find anything special or stand-out about delivery, only that they offer it. Ultimately everyone is going to have an opinion on mofacs, but as a customer, before I'm even thinking about needing delivery, getting started with a free quote makes the path to conversion easy and frictionless.",N/A,"Agreed, but it's a good suggestion. Other errors. so it won't change the score."
"47: FWR: https://snipboard.io/2guwtA.jpg Breadcrumbs s/b below footer, not below header, in mobile view. ",Invalid: This was a template issue. CWs do not ever change the position of breadcrumbs nor do they check them on every page of mobile view. ,Updated,"Agreed - Due to other errors, won't change the score"
24: Removing Additional Hours as they conflict with the 24 Hour Emergency Service info. https://snipboard.io/8DnZtN.jpg https://snipboard.io/JwjRyp.jpg ,"Invalid: it doesn't conflict. It somewhat reiterates what the hours widget states, but also implies that people should try to call during weekdays for non-emergencies, which makes sense. There was no reason not to include the info contained in both widgets. ",Valid,"The questionnaire indicates their hours are 24/7. https://snipboard.io/21lsGm.jpg

This means that they always answer the phone. "
CW Error:  page title tags should not exceed 60 unless it's unavoidable. repeated keywords is avoidable https://snipboard.io/BP4JkR.jpg,Invalid: Site was completed before April 1st. Can this please be an FYI?,N/A,THere is no error marked on this. https://snipboard.io/zNYEPe.jpg
55: Snipboard URL on Gym Mirrors SAP. https://snipboard.io/Ru86kf.jpg ,Invalid: That isn't showing on post-FWR CW backup: https://my.websites.hibu.com/home/site/7acbf75ee9174ed5835e541da92c7363/home,Updated,
Footer - removed Get Directions button as the serving area was used in the footer and this isn't the type of business where customers go for service https://snipboard.io/87nkVo.jpg,Invalid: This button is a build responsibility,N/A,There was no error marked for this.
About page - unhid About (business description field) on page https://snipboard.io/vql3rn.jpg ,Same feedback appears in two categories for this site,Updated,
FWR to CW: Meta descriptions: -You’ve done a lot of the services page title tags with the CAT format (with the business name at the end instead of extra keywords added).,"Can we please FYI this? There has been too much back and forth about NOB vs an additional keyword, and I don't think we had a clearly defined hierarchy when this site was written. ",Updated,"Yep. We've remided folks of this. ATT of this site, we were going off of what we've normally done, not realizing the specs were updated."
"The chosen GEO San Diego County Area is missing the state, which is needed to match Yext","Can you show me where this is a published rule? I have seen a lot of geos that don't include a state name (think Chicagoland) and San Diego County makes sense as one of them. No one is confused about what state San Diego County is in, including Google.",,"Yext always includes the state in the County geo. https://snipboard.io/OFfGwg.jpg

Since the header/hero/and geo are supposed to align based on Yext, one would assume that the state should be included. 

Sent to Kim for Clarification."
“Enhance Your Property Security” in 1st position H3 for most service tabs creates visual monotony with information when advancing to the next service tab. Recommend mixing it up a bit.,"Invalid: The headlines aren't exactly the same and there are no repetitive headlines within a page. Site visitors also don't typically read through the site page to page. This is good feedback, but not a requirement.",,I don't see this error on this account. Can you check the account info?
"The SAP CTA hero buttons show the phone number. 
https://imgur.com/a/4fCrmPp https://imgur.com/a/Qrk5NBV
","Invalid: The multi-phone pop wasn't being used for this site. The screenshots QAE provided of the spec site are for the multi-phone pop, but that doesn't apply to this site. ",Updated,
"Storefront Interior Carpentry page: Placeholder text on Contact button
https://snipboard.io/UXZ5CH.jpg
",Invalid: This doesn't show on the CW backup. The only button in the hero is the phone number. ,Updated,
"Upsell, blog s/b published. https://snipboard.io/2VlWxp.jpg

Seeming placeholder button left on Alignment page. https://snipboard.io/k4HSxz.jpg ","Invalid: CWs don't do anything with the blog page. If build is importing a blog, then they would set it to publish. 

Invalid: This doesn't show on the CW backup. ",Updated,The blog is marked as a Build error
"Hardscape Services CAT – both copy blocks “learn more” buttons direct to Hardscape Services tab 

Tree and Shrub Care – both copy blocks “learn more” buttons direct to Hardscape Services 

Water Feature Landscaper – same thing. Both copy block buttons direct to Hardscape Services 

Error also appears on Patio Installation Services CAT","Invalid: Checked on the CW backup - the first ""learn more"" goes to the ""Retaining wall Installation"" page and the second ""learn more"" goes to the ""Walway Installation"" page

Invalid: Checked CW backup - both ""learn more"" buttons on this page direct to the correct product/service pages

Invalid: Checked CW backup - no error

Invalid: Checked CW backup - no error",Updated,
Buttons on Paint and Cosmetic CAT page do not point to the correct pages https://snipboard.io/Peycvt.jpg,"Invalid: Checked CW backup - all ""learn more"" buttons on this page go to the correct product/service pages",Updated,
"1) https://imgur.com/a/IpAwYuf Some of the thin heroes have the H1 bold and some do not.   The Mofacts in the hero are bold but the H1 and H2 are not. If the mofacts are bold since they are a H3 then the H1 and H2 should be as well for hierarchy reasons. The Mofacts are also bolded twice bc they are bold in the connected data and then bold again using the design panel. 2) The linked text in the footer is a size 15 however the rest of the text is a size 16. 3) Part of the links on the SAP directory are cut off on mobile. 4) The linked text on the contact page is bold, however the other linked text on the site is not. 5)  The hero for SAP Paving Contractor shows Asphalt Sealing. 6)  https://imgur.com/a/8u6caG7 The parking lot image depicts uneven application and finishing details that are not typically seen in professionally executed services. 7) https://imgur.com/a/0WAoOBV The Parking lot resurfacing image has a light yellow curvy line through the parking spots on the left and could potentially make a potential client think they do not do a good clean job.     ","1) These came in this way from CW, is this a design error? Also, is that a hard rule that the H1 has to be bold when the H2 or H3 is bold ""for hierarchy reasons."" In that hero in the example, the H1s are still larger than the descending headers, I don't see this being a hierarchy issue since your eye still goes to the larger text first. Is that a hard rule somewhere in the documents? 2) Correct me if I am wrong here, but I remember discussing this some months ago and that build shouldn't lose points unless the font sizes look obviously different to the eye, since designers aren't generally expected to check every single font size in the HWP edit text panel. When I look at what is being pointed to in the footer, my eye can't tell the difference. 3) Is this a common issue we should be looking out for now? I don't understand why that text isn't wrapping according to screen size like it should, we were not aware of this issue, what's the preferred way of dealing with this? Make the text smaller? Can we even fix it? 4) is this a CW issue, it came in to design like this, is design supposed to be checking all the text on the site? 5) Is this hero image not part of the asphalt paving process? 6) I don't see a problem with this parking lot repair image, is this not how it looks? They are showing sealed cracks, I would argue that the hero image that it was changed to of a building on a clean looking parking lot actually isn't an accurate representation of repairs 7) I have to disagree with this. You see yellow lines in parking lots like that in corners, I don't see how this looks unprofessional 8) https://imgur.com/a/WwRruef Street paving hero shows a parking lot. 8) Couldn't this one be argued that the road is next to a parking area as it's coming up to the building, is this worth marking someone off on? The AI note in there just says ""likely not"" 9) Why are points deducted for image clarity, I see a lot of questions raised about hero images that were pointed to as not being correct, not a low image quality or clarity issue 10) I am not seeing why points for ""hidden pages"" are removed, if points are taken from the SAP having links cut off, isn't that just copy font points, is this double dipping?",Valid/Updated Mix,"1.a Build is the ultimate font size and color guy, but I do not see the bold issues on the CW version.
1.b. Not a hard rule, more of a consideration.  Your argument is fair.
2. I don't recall that one, but it doesn't mean it didn't happen.  Did it make it to the dispatch/ spec sheet?
3. We see it from time to time, I think that is a good idea. 
4. As far as I am aware, creating links and pointing them is the CW, color and format is Build. 
5. Sealing is a part of what the biz does.  Maybe a little specific, and the picture may not be the greatest for a paving contractor as I would hope to see more paving, but it isn'ty a wide whiff. I think a FYI is fair, but I do think feedback is worth it - the image undersels the paving part a little.  
6. I agree with this, the subject is on point, but the repairs look like I did it.  Spoilers:  No one should hire me to do it.  
7.  I see it, the lines are also kinda freehand looking, too.  If they supplied it, fair.  Stock - I don't even know why that is in there, i'll kill it.  https://imgur.com/a/pgvctQc
8. This one seems pretty clear on the real site, it is def a parking lot. As soon as I saw it, looked like our old building in a business park.  We have a lot of clear streets in the resource, I do think this one was marked as I would.  Perfect for commercial, parking lot, or MAYBE something general.  I think it is a miss for streets, it doesn't give me street. 
9.  I don't see any clarity issues mentioned (full points for that category), can you share?  
10.  That is based on this:  https://imgur.com/a/LqSoOc2 Since the images are text heavy and part of the wording is cut off on mobile. The images should not have been used or hidden on mobile.  That first one is unreadable on mobile. https://imgur.com/a/kEvplgG"
Filler text in the video splash where the script normally goes. https://imgur.com/a/fhUl8kw ,"This was a newer upsell (not a silver/gold upsell) so no script was put in the video splash. CW did add the Name of Video, as required. ",Updated,
SAP directory page city links were not connected. - https://snipboard.io/zKrheA.jpg ,"Invalid: On the CW backup, all of the SAP directory page links lead to the city SAPs. I tested a handful on the backup. ",Updated,Agreed - Happened during Build https://snipboard.io/6xIth1.jpg
63: Dumpster Rental hero image below Hibu One image size minimums. https://snipboard.io/Q5dgNO.jpg,"As per latest update, the minimum dimension allowed for hero image is 1200 x534 px. https://snipboard.io/OuMdZ9.jpg",Updated,
The open/closed widget should not be in the footer. When they are opened 24/7 in the business info you changed the hours from working hours to open 24/7.  https://imgur.com/a/1BRHxXW ,Invalid - changing the hours in business text results in the widget displaying 12:00 AM-11:59 PM.,Valid,You take out the business hours totally and only use the Additional Hours that state 24/7 Service Available. The Open/Closed widget shouldn't be used. 
CW: The locations page should have the schedule service buttons.  https://imgur.com/a/GlCG3vY ,Invalid - the template does not deliver these buttons and they are on each individual location page instead of the landing page.,Updated,
"The first H3 on SAP has to have the KW they purchased and the City, State. https://imgur.com/a/HkJtQwI ","Valid, but this rule was only clarified on the spec site on 4/9; this site was completed on 4/3.",Updated,
"Footer spelling s/b ""Myers"" https://snipboard.io/lsA7eo.jpg",Invalid - it is spelled correctly on CW backup: https://snipboard.io/6U4QnD.jpg,Updated,Agreed - Happened during Build https://snipboard.io/lsA7eo.jpg
56: Call and text wasn't requested. The mobile button and text above the phone number in the header indicates texting. https://snipboard.io/xkGfJX.jpg  https://snipboard.io/9emLE3.jpg  https://snipboard.io/1jvNtJ.jpg ,"Invalid - if the field is not populated on the Q but texting is enabled in RCF view, the CW sets up call or text.",Updated,
"Request an Estimate button text changed to ""Request Estimate"" per best practice https://snipboard.io/nivybr.jpg ",Invalid - I can't find a rule that says the article cannot be included.,Updated,
Grammar/Spelling: Is all copy grammatically correct and is it spelled correctly?,Invalid - no notes for this section.,Updated,
Gallery button on Home page is incorrectly linked to Home page (https://snipboard.io/0VJy4Y.jpg). Linked button to Gallery.  ,Invalid - this is a build task. ,Updated,
"54: Replacing No-Nonsense etc. MoFac with Same-Day Consultations Available for SQOT (Speed, Time).","Invalid - free consultations was already added as a MF; while the CW could add same-day to speak to speed, what they did was not incorrect.",Valid,No-nonsense representation is unclear and doesn't speak to any of the SQOT qualities. 
Grammar/Spelling: Is all copy grammatically correct and is it spelled correctly?,Invalid — No errors reported for this category.,Valid,"Valid spelling error - unecessary capitalization 53: TPO Roofing, last block: Contact s/b contact. https://snipboard.io/LKnkW7.jpg "
Per Q220909 the client wants the home page with images for copy blocks,"Invalid — CW used the PBN selected by the DSC. Switching icons to images is a Build task, and if the client wanted a different PBN, DSC should have selected it.",Updated,The issue is that examples for #3 are inconsistent. Some have the alternating images and some have the icons. This has been brought up to Paul. 
"BBB isn’t an association, it’s an org that checks business quality. .https://snipboard.io/1fgdqN.jpg ","Invalid — This has never been an issue before, and using it here is not prohibited: https://websitespec.hibuone.com/better-business-bureau-bbb-logo-usage#:~:text=into%20static%20images.-,Prohibited%20Usage,-Hibu%20will%20not.",Updated,This Spec Site link is about logo usage. We need clarification on whether it can be considered under the Associations list. 
Is the Request Form set up correctly?,Invalid — No error reported for this category.,Valid,There were drop downs left on the medical site form. https://snipboard.io/Y5j1ea.jpg
Is the Request Form set up correctly?,Invalid — No error reported for this category.,Valid,Same as above. https://snipboard.io/Al2zH4.jpg
Gallery: unused anchors should be deleted .https://snipboard.io/3etz4E.jpg,Invalid — These are Build's responsibility.,Updated,
Driveway Services CAT: Buttons redirect to the wrong page. .https://snipboard.io/MR67eJ.jpg .https://snipboard.io/ZU0XzH.jpg,"Invalid — These are correct in the CW backup. https://snipboard.io/SNFPsk.jpg
https://snipboard.io/vrenw0.jpg",Updated,Agreed - happened during build 
Missing period on Retaining Wall Companies SAP too. .https://snipboard.io/o6xfJD.jpg ,Invalid — This was already counted under the meta description column.,Updated,It's all the same error. 
Septic Installation SAP also missing period. .https://snipboard.io/QUsJxS.jpg ,Invalid — This was already counted under the meta description column.,Updated,It's all the same error. 
All 10 GEO pages: hero images are still not linked after a second FWR. adjusted by QA. .https://snipboard.io/gwMZFP.jpg,Invalid — Not a CW error.,Updated,
"Removed ""Area"" from META title tags across the site to reduce Home and CAT page character counts. FYI to Copy - ""Area"" should be removed from title tags before the vertical pipes are removed. ","Invalid - There are conflicting rules. The QAF says the removal order is commas - Area - pipes (https://qaf-624.hibuwebsites.com/#:~:text=specific%20business%20name.-,Over%2060%20Characters%3F,-If%20the%20title) . The Spec site says it's pipes - Area - comma (https://websitespec.hibuone.com/title-tags).",Valid,Area was still included in the title when it was over character count. https://snipboard.io/4Sh25U.jpg
Reviews button on header not connected to reviews merchant ID in collection. .https://snipboard.io/pe3xoy.jpg ,Invalid — Writers do not do anything to this button.,Updated,At this time it was not a CW function
Banner service page: Related Links section missing .https://snipboard.io/OvxXh4.jpg ,Banner service page: Related Links section missing .https://snipboard.io/OvxXh4.jpg ,Updated,Invalid — Related Services widget is present in CW backup. https://snipboard.io/7jNcSC.jpg
All of the home page copy block buttons went to the Asphalt Services page. - .https://snipboard.io/6CiTUn.jpg; .https://snipboard.io/aMfGuQ.jpg,"Invalid — These are correct in the CW backup. https://snipboard.io/85VCQb.jpg
https://snipboard.io/jAgWli.jpg",Updated,Happened during build https://snipboard.io/DLvFPH.jpg
CW should have added address due to Q221992 and Q220586,"Invalid — Even if ""customers can stop by clients home address,"" the Google Maps photo shows this has a house in a residential neighborhood that has no commercial signage and would be rejected by GBP.",Updated,
All CAT pages: all copyblock buttons linked to Specialty Roof Repairs CAT .https://snipboard.io/anOzjq.jpg ,"Invalid — These are correct in the CW backup. 
https://snipboard.io/n0Ii31.jpg",Updated,
Is the Request Form set up correctly?,"Invalid — No errors listed for this category, and site was started on 3/27 before this form was CW responsibility",Valid,"There are errors listed for the superhero form, which is a CW task: 

""Other"" appeared in form dropdown twice https://snipboard.io/usZgzV.jpg It will populate by default and does not need to be added manually."
Is the Request Form set up correctly?,"Invalid — No errors listed for this category, and site was started on 4/2 before this form was CW responsibility.",Valid,"There are errors listed for the superhero form, which is a CW task: 

https://snipboard.io/nveNQA.jpg Other appeared in dropdown twice. It does not need to be added to the collection manually, it will auto populate"
74: https://snipboard.io/c6HQWp.jpg https://snipboard.io/hHxQPL.jpg CAT Buttons centered on mobile view.,"Build received the CAT pages with the buttons already centered, so it was left as is per process. https://snipboard.io/dIupFa.jpg

We tried adjusting the button but it appears to be glitched, it doesn't follow what alignment was selected. https://www.awesomescreenshot.com/video/51679330?key=e6837d37953b3207619b553412b01c18",Updated,The buttons appear to be left aligned in the Post CW view. https://snipboard.io/WzRc3v.jpg
 2. https://imgur.com/a/KOnPP6l Some of the links of the SAP directory are cut off on mobile.,"2. This is the expected design of the SAP links in mobile, formatted into two columns to reduce scrolling.",Updated,Correct. This is a template issue. 
"Textable RCF:  Was the textable RCF set up properly according to guidelines, when applicable?","Invalid - I can't find notes for this category, and there is already a RCF deduction in the phone number category.",Updated,
Projects folder was in the top level nav and mega menu .https://snipboard.io/ASnuG2.jpg ,Invalid — This is a gallery page and is Build's responsibility.,Updated,
 FWR to CW: Please add payment methods present on About page to Contact page. .https://snipboard.io/TZE0nX.jpg .https://snipboard.io/F0ZiBM.jpg,Invalid — This is Build's responsibility.,Updated,
"Superhero form - changed form title to ""Request a Service"" per process .https://snipboard.io/Hs0GWk.jpg",Invalid — James is looking into this.,Updated,
Speed Queen Washers page - added warranty information from current site that wasn't included .https://snipboard.io/1yP6kl.jpg,Invalid — Questionnaire does not request this material.,Updated,
Speed Queen Dryers page - added warranty information from current site that wasn't included .https://snipboard.io/MS5qj4.jpg,Invalid — Questionnaire does not request this material.,Updated,
"1 to 4 errors
Some of the services descriptions have extra spaces.",Invalid — No examples provided of this error.,Valid,The example is in the Imgur link. 
Jr is missing the period in the meta.,Invalid — Consistency about whether this kind of error in a meta is a meta catgory error or a grammar/spelling error is needed.,N/A,"There are other meta errors. So even if we removed this error, it wouldn't change the score."
Metal Buildings page is not connected .https://snipboard.io/Cf0ag6.jpg it had been connected properly prior to CW adding the two new SAPs. CW needs to investigate how/why it became unlinked and restore that link. ,Invalid — This is a technical issue that we've all been discovering as we go along.,Updated,We'll leave it at FYI until we get an answer.
breadcrumbs should not appear on Serving Area page,Invalid — The SAP Directory is not explicitly listed in either of the Spec Site lists about breadcrumbs and cannot be assumed to be included under Service Area Pages (SAPs): https://websitespec.hibuone.com/breadcrumbs,Updated,Added this to the clarification spreadsheet.
"FWR to CW: NOB in every tag instead of any keywords. Please add keywords instead when title tag is below 40 characters. (Per AM, NOB was supposed to be priority before Monday and now that’s changed.) .https://snipboard.io/kXfqt7.jpg ",Invalid — This site was completed on 4/11 following instructions to prioritze the NOB over the 2nd keyword on 4/10. That rule was not changed until 4/14.,Updated,
.https://imgur.com/a/LcDIEEw For the title tag of Car Maintenance Services both pipes should be removed before removing the comma in the geo if it is over 60 characters. ,"Invalid - The QAF says the removal order is commas - Area - pipes (https://qaf-624.hibuwebsites.com/#:~:text=specific%20business%20name.-,Over%2060%20Characters%3F,-If%20the%20title) . The Spec site says it's pipes - Area - comma (https://websitespec.hibuone.com/title-tags).",Updated,"Not sure when Paul mentioned it, but we're now supposed to follow the spec site rather than QAF 624. "
.https://imgur.com/a/rHOq7lb Quick turnaround times is not quantifiable. Quick to me could mean an hour where to the company it means within a week. I changed this to 50+ years experience.,"Invalid — Quanitifiable or not, customers are more interested in turnaround times promises than experience.",Updated,"Quick turnaround is relative. There's no specific time frame associated with it. Neither are great Mo Facs, but the 50+ years gives the end user a time frame. "
" .https://snipboard.io/jL7dNh.jpg These weren’t corrected, please omit NOB from service pages per AI Management Console. .https://snipboard.io/3jS8y7.jpg ",Invalid — This site was completed on 4/11 following instructions to prioritze the NOB over the 2nd keyword on 4/10. That rule was not changed until 4/14.,"Points given back on the original error, but valid on the FWR since the work didn't get done.","Per the notes in the Build case, CW indicated the AM told him he didn't need to do the adjustment. Whenever there is a spec update, we offer a grace period to allow teams to get used to the change. However we still FWR the work and the FWRd changes still need to be made to ensure the site follows spec."
"Request form - ""Request Call Back"" title changed to ""Request a Call Back"" per process .https://snipboard.io/ZKBwJf.jpg; ",Invalid — James in looking into this.,Updated,
"1 to 4 errors
Custom Wallpaper Crossed out text from local ranking text s/b deleted. .https://snipboard.io/WJ57Cq.jpg .https://snipboard.io/r5LRuQ.jpg",Invalid — This is correct in the CW backup. https://snipboard.io/R7vnxr.jpg,Updated,
Interior and Exterior Wall Graphics: .https://snipboard.io/h623N4.jpg,"Invalid — This is correct in the CW backup. https://snipboard.io/r7waKl.jpg
",Updated,
Request form: article error https://snipboard.io/wRE8CF.jpg,"Invalid: Valid error (checked CW backup) but this is a spelling/grammar error, which is a separate category. ",Updated,
"Commercial Demolition title tag, remove area and add pipe https://snipboard.io/Vbay4Z.jpg ","Invalid: The geo used for the site is ""Richmond, VA Area"" not just Richmond, VA, so the CW has to leave ""area"" in the meta so it matches the hero/header. (Won't change points, since there is a valid error in this category)",No change,
.https://imgur.com/a/erpDlzP About intro is more than 2 paragraphs. ,"Invalid — Per James, ""S/B FYI - Covered on 4/22 email""",Updated,
"1. Desktop Navbar: Areas Served anchor missing https://snipboard.io/5jAbGc.jpg 2. Tablet navbar: unused Service Area page should not be visible https://snipboard.io/WwaGJL.jpg 3. Mobile navbar: unused Service Area page should not be visible  https://snipboard.io/7hAOVG.jpg 
","Invalid: Adding or removing pages from the navigation bar is not considered a build task, (except for Gallery and Blog pages).",Updated,
FWR to Build: -The gallery links dropdown highlights the previous button clicked instead of the current one. I don’t know if there’s a way to fix this.,"Invaild: All anchors are linked correctly and the settings were look fine, however the selected states are not functioning properly. We attempted to fix the issue and also recreated all the anchors, but the problem persists. Assuming this is a technical issue.",Updated,
Gallery: unused anchors should be deleted https://snipboard.io/EtAJM3.jpg,"In the post-build backup, no anchor dropdowns were showing in the navigation, whereas the QA screenshot shows hidden anchors under Pages. This may be feedback rather than an error.",Updated,
Gallery: unused anchors should be deleted https://snipboard.io/YZehXL.jpg,"Upon checking the post-build backup, no anchor dropdowns were showing in the navigation (https://snipboard.io/fMmEtx.jpg), However, the QA screenshot shows hidden anchor links under Pages (https://snipboard.io/YZehXL.jpg). This could be treated as feedback rather than a error",Updated,
"1. https://imgur.com/a/tYnCiE4 Text span on the Career page is over 900 px wide.   https://imgur.com/a/slo45GD They do not have any associations we should just have the three brand logos. The National Association of Landscape Professionals and Garden Association are suggestions to get the DSC ideas of what to ask the client on the phone. If they are members of any association it will be in the blue print to the right of the question like it is in the question above about brands.   https://imgur.com/a/T8Wmxr7 text in the header is not balanced.   https://imgur.com/a/hl48h17 Since they do not have a garden bed page on their site and there is no cust in the file name I am assuming this is a stock image. We do not want to use stock images that have any trash in them. For example this one has a plastic bag.   https://imgur.com/a/lbHqBX0 The raised garden bed hero does not show mainly raised flower beds. Most of the image shows ones that are not raised.   https://imgur.com/a/e5j2AlR The brick patio hero show pavers and not bricks.   https://imgur.com/a/0eZuwUo Cobblestone walkway hero shows pavers.  https://imgur.com/a/P5ucoQt Gallery images can not be connected as it can make the images not show on the live site.   FYI: https://imgur.com/a/H55MzYJ Under the new image guidelines copy block images should be a min of 1200 px wide this also applies to why choose images.  

2. https://imgur.com/a/LGV7HxW Filler text on the video pop where the script would normally go. 

3. https://imgur.com/a/PW88H7U The icon will not work in the callout for all services such as firepit installation.

4. Build: https://imgur.com/a/fASejbo There should be an anchor link to each gallery on the gallery page that has a heading. ","1. As this was a rebuild site, as per the process we are required to retain existing images, logos, and other design elements as much as possible. and  For some services, better-quality images were not available; therefore, the designer used the best available generic images from the stock library and mentioned  this in the assumption. Can this be treated as feedback
2. Valid
3. Valid
4. Valid",Valid,"1. If you look at the garden bed image, they are individual plants in a carrying crate. This is not a garden bed. Alternative images: 
shutterstock_1444022057.jpg 
shutterstock_438441979.jpg 

Cobblestone walkway is actually stamped concrete sections. Alternative images: 
shutterstock_1200936652.jpg  
shutterstock_1157916172.jpg  
"
Gallery: unused anchors should be deleted https://snipboard.io/3etz4E.jpg,"In the post-build backup, no anchor dropdowns were showing in the navigation, whereas the QA screenshot shows hidden anchors under Pages (https://snipboard.io/3etz4E.jpg). This may be feedback rather than an error.",Updated,
Slab leak page shows a radiator https://snipboard.io/p5F28q.jpg,The image is showing the “Leak detector” as part of the image and assuming that justifies the content of the page.,Valid,Leak detection in this instance is about water leaks. It should reflect a home foundation. 
70: https://snipboard.io/Tpz2m8.jpg Reviews button same color as header.,"Invalid: Upon checking the backup, the review section included star ratings and a numeric score during the build. The button appeared only after QA added the customer ID.",Updated,
https://imgur.com/a/PQm1Puq Buttons background color can not be the same as the section it is on.  https://imgur.com/a/MmoNbKM All provided images were not included on the Gallery.   https://imgur.com/a/GaKHq0S Part of some of the links on the SAP Directory are cut off on mobile.   https://imgur.com/a/yIVPnZr There is text in the home page hero image. This is not allowed based on the Hero image spec. ,"1. https://snipboard.io/PIUp7r.jpg - Reviews was is the form of stars, not button. Therefore did not change the bg color.
2. https://imgur.com/a/MmoNbKM - the same image was placed as video image on the footer, adding it again would repeat the image on the gallery page. Therefore excluded that single image from the gallery page.
3. https://imgur.com/a/yIVPnZr - text on the hero image was not in direct contact with the texts on the hero section. Therefore chosen that customer supplied image since hero texts were clearly visible.",Valid,3. The spec is that there should be no signage or logos in the hero images. Those images belong in the Why Choose section if applicable. 
#70: Line spacing in content is too small making it hard to read https://snipboard.io/ZL67l5.jpg. This is throughout the whole site.,"Assuming there is a technical issue with line spacing—although set to normal, some pages were manually adjusted to maintain proper spacing.",Updated,
70: Reviews button same color as header background. https://snipboard.io/2fGzDE.jpg ,Invalid: the review section included star ratings and a numeric score during the build. The button appeared only after QA added the customer ID.,Updated,
70: Reviews button same color as header. https://snipboard.io/Jt06U3.jpg ,Invalid: the review section included star ratings and a numeric score during the build. The button appeared only after QA added the customer ID.,Updated,
Reviews button was not in the same theme as the forms button in the header https://snipboard.io/16JDmK.jpg,The review section included star ratings and a numeric score during the build. The button appeared only after QA added the customer ID.,Updated,
"Design Section Notes:
na","Build score has been deducted under ""Hero Images Build Score"" section but there is no any comment or Design Section Notes mentioned ",Updated,
"37: This is an attorney that handles personal injury. Services drop downs and message fields should be removed from the request form regardless of what they had on the forms on their previous hibu website. This applies to the hero forms and the standalone form.  https://websitespec.hibuone.com/form-restrictions-for-medical-related-service-websites  https://snipboard.io/wAtxzY.jpg  https://snipboard.io/290jdw.jpg   38: Because this business handles personal injury law, the message field needs to be removed from the form regardless of what they had on their previous hibu website.  https://snipboard.io/GA4jgr.jpg  https://websitespec.hibuone.com/form-restrictions-for-medical-related-service-websites","We were following this only for the Medical site, this new update was added to the spec site very recently (on 3/31/26), and there was no related dispatch or email on this. Can this be treated as feedback for now?",Updated,
Gallery: unused anchors should be deleted https://snipboard.io/sHohvu.jpg,"In the post-build backup, no anchor dropdowns were showing in the navigation, whereas the QA screenshot shows hidden anchors under Pages. This may be feedback rather than an error.",Updated,
Gallery: unused anchors should be deleted https://snipboard.io/VFekPm.jpg,"After checking the post-build backup, no anchor dropdowns were showing in the navigation (https://snipboard.io/6u8Ezw.jpg), However, the QA screenshot shows hidden anchor links under Pages (https://snipboard.io/VFekPm.jpg). This could be treated as feedback rather than a error",Updated,
"1. https://imgur.com/a/MgH8TSl 6 images were supplied there is no gallery page and an assumption was not left.
2. https://imgur.com/a/e35wmnN In the header the lead in text and geo and phone number are not balanced.","1. https://snipboard.io/S0NAJ6.jpg https://snipboard.io/FtCHDq.jpg Only 4 of these images are appropriate to use in a gallery page, the other images supplied are logos of the business, associated brands, and portraits of a person. All but one image meet the minimum dimensions to be used in a gallery page.
2. https://snipboard.io/td7QCK.jpg In Build's post-backup, the header lead in text and geo and phone number are balanced.",Updated,Images: I don't see this error on the form. 
Learn more is set to home. https://imgur.com/a/KnEIEnC ,Invalid - the button is linked to the correct page on CW backup.,Updated,
1. About page is still a page and not a folder because CW did not change the mega menu nor test whatever they may have done. https://snipboard.io/WFMbwg.jpg,Invalid - this rule was not clarified/rolled out at time of site creation.,Updated,
56: Texting wasn't requested for the RCF on the Q. https://snipboard.io/cEwOM8.jpg  https://snipboard.io/jIePF2.jpg  https://snipboard.io/zjYg3n.jpg  ,Invalid - CWs follow RCF view and texting was enabled.,Updated,This has been clarified for the team
35: FWR to CW: Please create coupon for First Responder and Veteran discounts. https://snipboard.io/x5V2EW.jpg ,Invalid - a first responder and veteran discount coupon was used on the home page.,Updated,
54: Replaced Price Matching MoFac w/ Discounts for SQOT (Offers). ,Invalid - price matching is a fine hero MF since the discount was included in the why choose section and on home page coupon.,Valid,"It seems like the stronger MoFacs were added to the Why Choose section, rather than the hero. Financing and Warranty info are also included both places. However the Discount is a guaranteed opportunity rather than price matching that may not be beneficial in certain situations. "
Are all pages included on the site per the questionnaire?,Invalid - I can't find an error for this category.,Updated,
ALL hyperlinks on ALL but one service tab were directed to Home tab.  ,Invalid - all buttons are connected to their respective pages on CW backup.,Updated,There is another linking issue. Won't change the score
Internal Services/Products pages should only have 4 paragraphs unless the client provide specific extra content for us to add. https://imgur.com/a/sA3t6Sa ,Valid but seems like invalid category - the content wasn't inaccurate. Shouldn't this be under'Is the AI generated copy organized logically and easy to read?',Updated,
FAQ tab retained duplicate line items multiple times.,Invalid - CW only worked the clone which was for SAPs.,Updated,
"3. Gallery: unused anchors s/b deleted https://snipboard.io/IDwU8t.jpg 
4. Footer: inconsistent text color https://snipboard.io/Yl1a8m.jpg","3. Gallery page is hidden. https://snipboard.io/IDwU8t.jpg
4. Build's post backup shows the footer color is correct. https://snipboard.io/r8jiIJ.jpg",Updated,
37: https://snipboard.io/nJ4krq.jpg https://snipboard.io/S7DaN3.jpg Name of student s/b included on form fill. Error as of 4/20 per AM.,"Invalid: CW omitted this with an assumption (see CW assumption #4), and was advised by AMs that it was OK to do so. https://snipboard.io/A4gjYu.jpg",Valid,The sensitive data list doesn't include that information. https://websitespec.hibuone.com/sensitive-data-restrictions
"Although requested on the questionnaire (Q219997), VIN# shouldn't be added to request form since it's considered sensitive data. Since this may indicate personal information about ones vehicle, spec site labels VIN#'s as sensitive data. https://websitespec.hibuone.com/sensitive-data-restrictions

Request button text needs to match. Header & hero say Request Quote, on req page button says Request A Quote.",FYI Please: Site was written on 4/13 which is within the first week of us taking over request form pages.,Updated,
47: The Auto Glass Replacement button was mistakenly connected to the Auto Glass Repair page https://snipboard.io/XUAZlH.jpg ,Button is connected to the right page on the post-CW backup: https://my.websites.hibu.com/preview/9d02e2d98811eee5a7aba3dfed44a716?device=desktop,Updated,
 Pool Plastering title tag missing pipe https://snipboard.io/dsYpv5.jpg,"Invalid: AM restored post-CW backup to check this. Pool plastering is a SAP. It was properly connected to the collection on the CW save. https://snipboard.io/oFjcrt.jpg  When I look in collections, title tags are correct and follow the same formula all the way down: https://snipboard.io/Fy9dT5.jpg  Also, Charlotte (from QAE's screenshot) is not included in SAP cities. I don't know what happened between the CW and QAE steps, but I'm convinced CW did not make this error. ",Updated,
" https://snipboard.io/dUHpNG.jpg Lindenhurst, NY used for meta geo. Nassau and Suffolk COunty are the header/hero geos. According to multi serving area geo rules the meta geo should be Nassau County, NY (primary area)","Can we please FYI this? I can see why QAE is correct, and I reviewed this with CW. However, CW worked with AM Garcia to choose geos for each site element, and left an assumption saying so (https://snipboard.io/o5texP.jpg). AM Garcia was mistakenly thinking we follow this: https://snipboard.io/KbzWSc.jpg, as we are all figuring out how to navigate each possible scenario. I just hate to penalize a CW for trusting & following an AM's guidance. ",Updated,
"Nassau and Suffolk County, NY should be Nassau and Suffolk Counties, NY throughout site copy and meta descriptions. ","Can we please FYI this? I can see why QAE is correct, and I reviewed this with CW. However, CW worked with AM Garcia to choose geos for each site element, and left an assumption saying so (https://snipboard.io/o5texP.jpg). AM Garcia was mistakenly thinking we follow this: https://snipboard.io/KbzWSc.jpg, as we are all figuring out how to navigate each possible scenario. I just hate to penalize a CW for trusting & following an AM's guidance. ",Valid,"This is simply a grammar error, not a mismatch error. The geo is essentially the same, just not formatted the same way. "
Header and hero geo content needs state abbreviation https://snipboard.io/64blqE.jpg,"Chicago North Shore is present in Yext (just like that without the state) and seems to be larger (region) than the individual cities listed… Can you show me where to find the rule saying geos must always contain a state, if that is true? Some regional geos are in multiple states and as far as I know it just needs to match Yext. ",Updated,Recently clarified with Kim et al and will be reflected on the Spec Site shortly.
"1. About, most services pages spelling ""members of the Winnetka/Northfield/Glencoe Chamber of Commerce "" s/b ""members of the Winnetka-Northfield-Glencoe Chamber of Commerce "" as per their website https://wngchamber.com/ 2. Home Electrical and Specialty CAT pages spelling "" in the Winnetka, Northfield, and Glencoe Chamber of Commerce"" s/b "" in the Winnetka-Northfield-Glencoe Chamber of Commerce"" ","Since punctuation and capitalization are not usually deducted under spelling/grammar category, this deduction should be part of copy best practices/formatting category.",Updated,
"multiple pages including videoscript, punctuation and formatting: ""across Fargo, North Dakota, Moorhead, MN, and surrounding communities"" inconsistent state formatting, s/b ""ND"" for north dakota to match MN for minnesota. should include semicolons after states ""across Fargo, North Dakota; Moorhead, MN; and surrounding communities"" otherwise the cities and states are all being treated equally as if they're all cities.","Since punctuation and capitalization are not usually deducted under spelling/grammar category, this deduction should be part of copy best practices/formatting category.",Updated,
47: Roof Installation CAT has wrong links across two copy blocks. https://snipboard.io/RXcJP3.jpg https://snipboard.io/pcN1zC.jpg ,Copy block links on Roof Installation CAT are correct on post-CW backup: https://my.websites.hibu.com/preview/f022cc03690583d3b5a687bed9274f23?device=desktop,N/A,"Agreed - Happened during Build
There are other linking errors, so the score won't change"
"FWR to CW: -I believe we want the serving areas in the title tags and meta descriptions to match each other, and to match the header geo.","Invalid: Per Geo Display Rules At-a-Glance Chart, Title tags only ever mention one area, and metas may always be expanded beyond what is in header/hero.",Valid,"Per the Spec Site, if there is one physical location, the geos match across the header, hero, title, and description. https://snipboard.io/Tmdb0k.jpg"
  https://imgur.com/a/6K6PqJz When the title tags are over 60 characters the pipes should be removed before the comma in the geo. ,"QAF and spec site give differently-numbered steps for removal. This leads me to believe there is not a definitive order for following the shortening steps, although both lists are numbered. This is on CW AMs' long list of questions to get clarity on, but can we FYI this in the meantime?",Updated,Agreed - Needs to be clarified. Has this been added to the feedback sheet for Product?
 https://imgur.com/a/xbySdEO The geo page does not state where the business is located.,"Previously the rule has been that we cannot claim a business is located somewere that they are not, which the CW did not do here. This is on our list to get clarity on, and if we need to roll it out to the team at that point we can, but can this be an FYI for now? ",Updated,"Agreed. Be nice if sales sold the right products, eh? "
SAP page error When looking for a decorative concrete contractor in (should not refer to business as in),"QAE seems to be thinking of a rule primarily for Geo pages. Here, it's reasonable to assume that the person looking for the services will be ""in"" that city, ST, and that the contractors will travel to that place to do a job. No one is going to attempt to visit a concrete contractor. ",Valid,I think this is what the QAE is referring to. We don't want to imply that the business is IN one of the cities on the SAP list...unless it is. https://snipboard.io/8f6y9Z.jpg
FWR to CW: -You didn’t format most of the title tags correctly. The QAF needs to be followed.,"No screenshots, guidance, examples, or specific feedback given. I have no way to know what CW did wrong or whether this is valid.",Valid,QAE did upload the meta check feedback. But I'll remind her to expand on the error. It seems that most of the pages have a geo formatting error or are missing elements.
FYI https://imgur.com/a/Nh8dmYz https://imgur.com/a/Ucd7k87 On the request intro sentence it says call the same day. On the questionnaire it says the same business day. It is important that we put business day incase someone fills out the form on the weekend. ,"I know there was no deduction here but I want to clarify - On p. 185-186 of the HOFO the example screenshots show the word ""today"" and that was how Kim trained it. What's your understanding of this? Is this something we need to get more clarity on? ",Valid,Pg 164 has the steps for completing the actual form. It indicates to fill out the text as in the questionnaire. https://snipboard.io/0edSIu.jpg
 https://imgur.com/a/GXwpCXo The About page intro is not two paragraphs.,S/B FYI - Covered on 4/22 email,Updated,
 https://imgur.com/a/F16yj2G Residential and Commercial was not included on the home intro paragraph.,S/B FYI - Covered on 4/22 email,Updated,
"You need to add a coupon for the veteran and first responder discount, especially as it’s not in the motivating factors.","No numbers given for these discounts, the last we heard, no numbers means it's not a coupon. I did coach the writer about choosing better mofacs (and there is also a deduction in that category for the site), however this didn't even qualify as a coupon, let alone required to have been made into one. ",Updated,It could be used as a callout rather than a coupon since we've been told that one callout in the right gutter and one under the content is acceptable. 
FWR to Build: -Related services menu is blank on all service pages.,"Upon checking build post-backup and the QA pre-backup, the Related Services Menu is displaying correctly, and only showed blank in the QA post-backup. Build Post-Backup: https://snipboard.io/9HgqFX.jpg QA Post-Backup: https://snipboard.io/wn1zY5.jpg",Updated,Agreed - must be a tech glitch.
 https://imgur.com/a/cYIFM5o About intro is not two paragraphs and does not have a linked CTA.  ,S/B FYI - Covered on 4/22 email,Updated,
  https://imgur.com/a/rPSubrR Internal service/product pages should only be 4 paragraphs. ,"Invalid: CW used ""Service - How to Know"" layout, which comes with 5. https://snipboard.io/moDxTI.jpg https://my.websites.hibu.com/preview/6aa68f5a04544595a03ec5f09ad024ac?t=1763486189346",Updated,
 https://imgur.com/a/rA7D8Iv The service/product pages should only have 4 paragraphs of copy unless there is specific copy the client asked that we add. ,"Invalid: CW used ""Service - How to Know"" layout, which comes with 5. https://my.websites.hibu.com/preview/6aa68f5a04544595a03ec5f09ad024ac?t=1763486189346",Updated,
 https://imgur.com/a/0q8KrkP About page intro is not 2 paragraphs and does not have a linked CTA. ,S/B FYI - Covered on 4/22 email,N/A,"There are other About page errors, so the score will not change"
 https://imgur.com/a/kY9VKw5 Since the Grading Services pages is on top-level nav it should not have the related services block. ,Invalid: it is not there on the post-CW backup. https://my.websites.hibu.com/preview/2ac5b5c9a901546758176b8df2dd6e71?device=desktop,Updated,Agreed - Happened during Build. 
 https://imgur.com/a/wdeMFhT The CTA lead in says Get superior results today. However the questionnaire does not say they offer same day services.,"Invalid: ""Today"" is commonly used in marketing CTAs to convey a sense of urgency. It is reasonable to understand that using the word ""today"" in a CTA is not the same as claiming the business offers same-day services. ",Valid,"I feel like the way it's used indicates that the work could be done today. If it was ""Call today for a free quote"" or ""Reach out to us today to schedule your appointment"", that would be closer to what you're talking about. But indicating ""results today"" implies immediate service. "
 https://imgur.com/a/oXsCpnP FB is not linked to their FB page,Invalid: It is connected in post-CW Backup: https://my.websites.hibu.com/preview/2ac5b5c9a901546758176b8df2dd6e71?device=desktop,Updated,Can't recreate the issue
" Request form Q221805 says ""next business day"" but site says ""same day"" https://snipboard.io/J4TUXc.jpg","FYI please? Looks like CW forgot to fill out the form text altogether, but this should have been written within the initial ""grace period"" after we were trained on forms. ",Updated,
Phone Number: Are the phone numbers listed correctly?,CW Error marked; no phone number errors mentioned in feedback. ,Updated,
FWR to CW: -Shouldn’t the rental search be under tenant resources?  ,All pages were present. Can this go under navigation best practices?,Updated,
FWR to CW: -The geos in the title tags and metas need to be consistent and match the header geo.,"Invalid: Looked at this with CW during FWR: Some title tags have the word Area removed to reduce character count. This is prescribed per QAF: https://qaf-624.hibuwebsites.com/#:~:text=Remove%20the%20comma%20between%20the%20city%20and%20state%20abbreviation%20or%20the%20word%20%27Area%27%20or%20both. 
>> For businesses with two serving areas, Title tags should only list one primary area, per spec site: https://websitespec.hibuone.com/geo-display-rules#:~:text=Must%20match%20header-,Primary%20area%20only,-May%20include%20both
>> The same chart on the spec site also says that meta descriptions may include both service areas. Based on this, CW's titles and metas were correct.",Valid,"If the word area is removed in one page's meta, it should be consistent on all of them. https://snipboard.io/cHuP6F.jpg

Additionally, some pages have Eagle & Boise, ID, which is also not consistent with other pages.  https://snipboard.io/tMQf9D.jpg"
   https://imgur.com/a/3MOAeVh The footer should be set up as a hybrid with a direction button under the address. ,"Invalid: It's valid to assume this is a service area business and treat it as such. Roofers would fall under the same category as plumbers, where DSCs very often incorrectly will say that people visit them, but that is illogical. There's no showroom or any mention of in-person services, there is no real reason to believe people would visit. ",Valid,"There is a permanent location with a labeled office. If the customer requested to have the address displayed and there is a permanent location, we should include it.  https://snipboard.io/eSN3jW.jpg"
 https://imgur.com/a/qrP8ptA The CTA link at the end of the About intro paragraph is missing. ,S/B FYI - Covered on 4/22 email,N/A,Already removed
  https://imgur.com/a/wk9CkTg The into paragraph on the home page did not include Commercial Roofing. ,S/B FYI - Covered on 4/22 email,N/A,Already removed
Button name was not updated to match the form submission type https://snipboard.io/aLQfAT.jpg,FYI Please - site was written on 4/16 which is within our first week of taking over request form pages.,Updated,
Service drop down and message field should be removed for med spa business https://snipboard.io/aXOlsw.jpg,"FYI Please? Hero forms were correct, and this was written on 4/16, which is within the first week after our request form page training. ",Updated,
 https://imgur.com/a/vC0RtJf About intro is not 2 paragraphs. ,S/B FYI - Covered on 4/22 email,Updated,
 https://imgur.com/a/j7wsm0U Prompt service is not quantifiable. Prompt to me might mean 30 mins and to the business they might mean in 2 weeks. I changed this to State of the Art Equipment to showcase their high quality of services.,"Invalid: ""State of the art"" is also not quantifiable. Both are equally weak gestures in the direction of different SQOT factors. From other feedback I would think weak speed beats weak quality, or at the very least, neither of these paltry options should be an error.",Updated,"Fair. Would be nice if the customer had actual reasons to call them, amirite?"
   https://imgur.com/a/yyghcZ3 Service/Product pages should only have 4 paragraphs. ,"Anatomy of an Internal Page linked below, leads me to believe five secions are acceptable. There is no duplicate content or inaccurate inforation on this page. https://snipboard.io/gnumeW.jpg https://my.websites.hibu.com/preview/6aa68f5a04544595a03ec5f09ad024ac?t=1763486189346",Updated,
 https://imgur.com/a/xUl6IeF The product/services pages should only have 4 paragraph's. ,"Anatomy of an Internal Page linked below, leads me to believe five secions are acceptable. There is no duplicate content or inaccurate inforation on this page. https://snipboard.io/gnumeW.jpg https://my.websites.hibu.com/preview/6aa68f5a04544595a03ec5f09ad024ac?t=1763486189346",Updated,
Contact page request forms incomplete ,"FYI Please - site was written on 4/7, before we were trained on request form pages",Updated,
"About page: with multiple locations, About page replaced with folder for nested pages https://snipboard.io/jsMDOJ.jpg",S/B FYI - Covered on 4/22 email,Updated,
Siding Installation page missing from CAT page https://snipboard.io/kUHdJX.jpg https://snipboard.io/nDQyFt.jpg,"Invalid: There is only one siding page (Siding Services) on page review and post-CW backup, and it is showing on its parent CAT page. ",Updated,
1. About page is still a page but should be a folder when there are multiple locations due to about content being on the separate contact pages https://snipboard.io/CJnfV2.jpg,S/B FYI - Covered on 4/22 email,Updated,
"1. Mini-Split (heating) page: unclear which version is correct. This is the version before the add-on https://snipboard.io/8xbXzp.jpg but it seems more correct than the post-add-on version. https://snipboard.io/YNu5Ez.jpg while the image of the second one is correct, it still has the text and hero elements from the homepage. unclear if this is a CW or Build problem - or both.","This was confusing but essentially, the DSC put in a clone to add AND an amends case, which overlapped - Heather's page was written the day before the Amend was completed. That was why there were two of the same page. CW did not put anything in assumptions about building two pages - we only added the one.  
Also the hero image issue was a Build task and CW left a note for build about it.",Updated,"I remember this. It's too confusing to go through, so POINTS RESTORED! "
54: Replaced Financing w/ Special Savings for SQOT (offers),Invalid: Financing is a strong and very motivating offer that allows a lot more people to consider their services now instead of later. Special savings is too vague to mean anything. ,Updated,"Agreed!  Financing is a hammer, I get it if the idea was ""there is no info on financing"", but special saving also tells me nothing.  "
49 - CW: No gallery meta was available. https://snipboard.io/WcKo0g.jpg,Invalid: The gallery page meta is still a QAE task,Updated,"Accurate, we'll make sure we understand that one."
https://imgur.com/a/Puk49zb Text in the header is not balanced.,Upon checking the post build backup the elements on the header is aligned. https://snipboard.io/KSxLgV.jpg https://my.websites.hibu.com/preview/f00fae5812ad21243513fc59ad09e022?device=desktop,Updated,"Agree, weird. "
"49: Images without alt text. https://snipboard.io/JdXixu.jpg FWR to CW: Meta Check doc must be in Build case.
  66: https://snipboard.io/HjBwt4.jpg Home page has OpenGraph placeholder image.
70: Call/Text pop up has differently colored buttons, one with the same color as the text. https://snipboard.io/64Gpnv.jpg","49. The logo shown in the screenshot has not been used on the website. As per the process, icons and image placeholders do not require alt tags. https://snipboard.io/uPHbJY.jpg 
66. Requesting for this to be treated as feedback for now. The rep who worked on this was not yet updated with this process since she was mostly working with Pre Live Amends Design from January 2026. She has been reminded about this
70. Assuming this as technical issue. The buttons ideally should follow the button theme settings without the need for additional Designer intervention. Upon checking the backup, the second button background color is not matching the theme settings. Please see recording attached.
https://hibu365-my.sharepoint.com/:v:/g/personal/reynan_delossantos_hibu_com/IQC4d_FCBA6sTotL9rXmmuj2Ad_Q7MTum7-HEnce4jQqchM?e=bBq5lZ",Updated - FYI,"49. Fair
66: I'll give you this one, but I need you to lock it down - if they are in your queue, leveling 'em up will save you pain.
70: Fair, and thank you for the video!  Now that we know, please check and address these manually until a fix it completed.  We'll open a ticket. "
Mobile CTA button was call or text rather than click to call.,"Invalid: Checked CW backup, and the mobile CTA has the number, not the words, ""call or text.""",Valid,"True, but we mean when you click it, it goes to the Call or Text Pop. https://imgur.com/a/hUp1ZUw.  Delivered feedback to add ""LINKED"" for clarity."
"When title tags are over 60 characters the pipes should be deleted before the comma. 
https://imgur.com/a/SaytbYt
","Invalid: QAE didn't specify which pages had errors, but I spot checked a few title tags and didn't see any that had pipes or commas removed. The spec site also says ""preserve clarity over rigid trimming"" which makes it seem like there is a little more fluidity here when deciding which characters to remove if you're over 60 characters. ",Valid,"The one from the screenshot has an example where pipes were retained but the comma was MIA.  The left column is the NOB and page slug.  Agree, but that is last after the other three in sequence.  Usually it is for Geos, extra KWs, etc. "
Contact page: Q222956 payment types missing Q222956,"Invalid: Marked as a CW error, but this is a build responsibility",Updated,"Agreed, ""About"" or bust for CW. Internal feedback sent."
"Removed ""Related Links"" from Pressure Washing standalone page: https://snipboard.io/UxSX2C.jpg",Invalid: This doesn't show on the CW backup - Build must have added. ,Updated,"Agreed, Build Error"
"Typo in the city for several descriptions ""Tuscan, AZ"" https://snipboard.io/rHDgKu.jpg","Invalid: I checked all of the SAP meta descriptions and only saw ""Southern & Central Arizona"" as the geo. Didn't find any instances of Tuscon or Tuscan.",Valid,"I think that is the pre-FWR, this is on the post FWR (Meta was one of the things addressed). https://imgur.com/a/pyxqbE6.  Looks like it changed after Matt's and on Janet's from Apr 27, 2026 7:14"
"The geo in the header has to match Yext.  https://imgur.com/a/q2JemLa
They do not have a mobile number.  https://imgur.com/a/K5b7Hlw
There is filler text in the coupon.  https://imgur.com/a/ksx37ez",Please review the 3 items to clarify these items as there is some uncertanty with them .  Also review the item about the coupon.,Updated/Valid,"Geo: Looks like he used the Geo that goes throughout the body (as per the Q in the questionnaire) opposed to what is to be used from Yext.  Header, Hero, and Meta need to match.
Mobile: The Q has no mobile #, looks like one is on the site (Clear it from Yext).
Coupon: The link is broken, they look fine on the backup - Corrected"
"Coupon mentions homes, Q says discount is only for company jobs. https://snipboard.io/Mguz9m.jpg https://snipboard.io/bvfuKN.jpg ","Invalid: This was a typo on the Q. Should be ""complete,"" not ""company"" - https://snipboard.io/rv6408.jpg",Updated - FYI,"Shouldn't it match the questionnaire? That amend was after the site was built. If there are changes like this in the future, please leave an assumption. "
duplicate copy blocks for Custom Ductwork and omission of Ventilation System Installation  ,Invalid: Ventilation System Installation is present on post-CW backup. https://my.websites.hibu.com/preview/ae47db334e7f826c8ebe10addc1fc070?device=desktop,Updated,Agreed - Happened during Build
Address/Service Area:  Is the address and service area listed correctly?,"CW Error marked, but Basic Business Information Section Notes says ""na""",Updated,
"33: FWR to CW: Per Q220281, client wants calls; please change callout button to show phone number w/ link. https://snipboard.io/mYozZF.jpg  ","“The customer’s primary CTA method is “request an estimate” and their secondary is “calls” according to Q220143 and Q220281 on the questionnaire. “Contact Us” as a button in the callouts is acceptable for this situation. The Spec Site page on Click to Call Buttons says that CTC may appear in Hero Sections, Callouts, Coupons, and Footers, but it doesn’t say that it’s required. https://websitespec.hibuone.com/click-to-call

For this client, leading to the Contact Us page gives site visitors both options. The CW didn’t make an error, there are just multiple options that could have been selected in this situation",Valid,"So yes. It does say that they ""may"" be included, which means they appear in those places but not always, depending on the site configuration. But if the button is strictly a Click to Call, it should always be formatted as a number. The only way it can be moved to a CTA (Contact Us, Call Us) is after the first proof. This indicates the buttons on the initial build should always be numbers. 
https://snipboard.io/4fYjaS.jpg"
" 35: FWR to CW: Per Q220281, client wants calls; please change coupon button to show phone number w/ link. https://snipboard.io/mYozZF.jpg  ","“The customer’s primary CTA method is “request an estimate” and their secondary is “calls” according to Q220143 and Q220281 on the questionnaire. “Contact Us” as a button in the callouts is acceptable for this situation. The Spec Site page on Click to Call Buttons says that CTC may appear in Hero Sections, Callouts, Coupons, and Footers, but it doesn’t say that it’s required. https://websitespec.hibuone.com/click-to-call

For this client, leading to the Contact Us page gives site visitors both options. The CW didn’t make an error, there are just multiple options that could have been selected in this situation",Valid,"So yes. It does say that they ""may"" be included, which means they appear in those places but not always, depending on the site configuration. But if the button is strictly a Click to Call, it should always be formatted as a number. The only way it can be moved to a CTA (Contact Us, Call Us) is after the first proof. This indicates the buttons on the initial build should always be numbers. 
https://snipboard.io/4fYjaS.jpg"
53: No space between periods on Commercial Storm Damage & Flood Recovery. https://snipboard.io/pXJIWn.jpg   Decapitalize Why Choose bullet points where needed. https://snipboard.io/u76AXb.jpg https://snipboard.io/zJBN6H.jpg https://snipboard.io/iRwfTZ.jpg https://snipboard.io/KbB5lS.jpg https://snipboard.io/qQnylD.jpg  ,"Since punctuation and capitalization are not usually deducted under spelling/grammar category, this deduction should be part of copy best practices/formatting category.",Updated,
2nd SAP content has keyword linked rather than city,"Checked post CW backup and didn’t see any errors on the SAPs. H2s and all instances of “city, ST” seem to be connected correctly.",Valid,Looks like the Post FWR backup had the 2nd page disconnected. https://snipboard.io/QYnt1q.jpg
SAP page content for both pages should say “in” rather than “near” as they’re service based.,Checked post CW backup and the SAP copy meets the requirements without claiming the business has a physical location somewhere they don’t. The CWs haven’t been told they have to remove instances of “near” in the copy when working on a service-based business. ,Updated,
  https://snipboard.io/JD39XI.jpg motivating factors in the hero are not spaced on separate lines ,Invalid: they are on separate lines and look normal on post-CW backup… https://my.websites.hibu.com/preview/e5060da1744cdf887b9364b0fe2498ce?device=desktop,Updated,
"Changed geo in title tags to “NH, MA, & VT” as it just had New Hampshire, which didn’t match geo.  ","Per Geo Display Rules chart on spec site, Title tags may only ever have one geo. https://websitespec.hibuone.com/geo-display-rules#:~:text=first%20area%20listed-,Geo%20Display%20Rules,-%3A%C2%A0%20At%2Da%2DGlance",Valid,There was another meta error for missing meta doc.
 https://imgur.com/a/y2iOR86 If the title tag character count is over 60 the pipes should be removed before the comma. ,"CW followed the QAF steps for removing characters, which unfortunately conflicts with the Spec Site. However, both are published resources and are fair to use. This discrepancy has been shared with Sarah and Paul and we’re waiting on a response. ",Updated,Agreed - We've sent this to them as well.
"49: Reviews description: ""Call for free consultation."" should be ""Call for a free consultation."" https://snipboard.io/9r8Kql.jpg",I am not aware of any rules on this. We use sentence fragments all the time in metas in the form of listing mofacs or services. Is it published somewhere that this is not allowed? ,Valid,"If there's room for proper grammar in the description, we should use it. Especially since there is punctuation included to indicate a sentence."
Motivating factors: Are motivating factors consistent with the questionnaire?,"CW Error marked, but no feedback provided for this category.",Updated,
53: Playavista s/b Playa Vista. https://snipboard.io/Jap75X.jpg https://snipboard.io/gE4fQU.jpg https://snipboard.io/RA09Zz.jpg https://snipboard.io/dEiTMU.jpg https://snipboard.io/PRx39j.jpg https://snipboard.io/wHpD5u.jpg https://snipboard.io/OxNeqF.jpg https://snipboard.io/R9mJwk.jpg https://snipboard.io/6Esfm2.jpg https://snipboard.io/1oVmNZ.jpg ,"Since this is specifically a geo issue, could we move this into the address/service area category? ",Updated,
"Header, Hero, videoscript, meta geo: three or more locations must use regional reference https://snipboard.io/1UWpgS.jpg https://snipboard.io/FERkU9.jpg
Under: Is the video splash set up correctly on each page?","Valid error was taken in NATWE. CW selected an incorrect geo, but was consistent in their usage throughout the site. This shouldn’t be deducted in the other categories as well, since the error was just in selecting an incorrect geo",Updated,
"SAPs were not linked correctly. following FWR, the links were still not correct.","This site doesn’t have SAPs, only GEO pages. Geo page title tags aren’t connected the same way that SAPs are. CWs don’t link images, so that deduction should be for Build, but was marked as CW error. ",Updated - FYI,"This is talking about the page URLs. When URLs are updated, the hero image collection also needs to be updated with the new URL so the hero image appears on the correct page. That's what drove the email on the 29th about sending to build after the CW updates the URL. We'll feedback this since it was before the email. "
Is the meta description set up for each page?,CW Error marked but feedback given in SEO section was only about URLs,Valid,First error is for the geo being inconsistent. https://snipboard.io/dLcDWX.jpg
54: https://snipboard.io/PoIvJ2.jpg Free Estimates MoFac s/b Free Estimates in 24-48 Hours for SQOT (Speed). ,"On the Q, the client stated that they provide estimates within 1-2 business days. This is similar to 24-48 hours, but it’s not exactly the same and shouldn’t be represented that way on the site, because of weekends. CW expanded on the motivating factor in the Why Choose section by adding “business hours” but that’s not an option in the hero section, which needs to be succinct.",Valid,Okay. The 1-2 business days should have been included as that's the entire MoFac. https://snipboard.io/nwZ82j.jpg
Is the Page URL (Permalink) set up correctly for each page?,Invalid: No Page URL errors notes in the deduction notes for this site. ,Updated,
SAP hero image links broken by CW during FWR for URLs. https://snipboard.io/CsVPLq.jpg,"Invalid: This should be an FYI for CW, as checking for the image hero links isn't something they have been trained on and would need to be fixed by Build. QAE should leave a note in the FWR that the site will need to go to Build after CW. ",Updated - FYI,This is what drove the email on the 29th about sending to build after the CW updates the URL. We'll feedback this since it was before the email. 
Geo pages do not state where they company is located. https://imgur.com/a/qzNvt0G ,"Invalid: Geo pages are meant to be sold only for businesses that have one or more physical locations, not service-based businesses. Unfortunately, these Geo pages were sold for a pest control business, which makes the requirement of stating where the business is located nonsensical. The geo page copy does clearly define the service area for that page, though. I think exceptions will need to be made when the business itself doesn't fit the guidelines of the product as intended. ",Updated,Agreed - Feeback is being given to product and (hopefully) sales about making sure the right products fit the right business type. 
"33: https://snipboard.io/feNWEu.jpg FWR to CW: per knowledge hub and Q220281, client wants calls, so button should feature phone number.  ","Invalid: The customer’s primary CTA method is “request a call back” and their secondary is “calls” according to Q220143 and Q220281 on the questionnaire. “Contact Us” as a button in the callouts is acceptable for this situation. The Spec Site page on Click to Call Buttons says that CTC may appear in Hero Sections, Callouts, Coupons, and Footers, but it doesn’t say that it’s required. https://websitespec.hibuone.com/click-to-call",Valid,"So yes. It does say that they ""may"" be included, which means they appear in those places but not always, depending on the site configuration. But if the button is strictly a Click to Call, it should always be formatted as a number. The only way it can be moved to a CTA (Contact Us, Call Us) is after the first proof. This indicates the buttons on the initial build should always be numbers. 
https://snipboard.io/4fYjaS.jpg"
"35: https://snipboard.io/feNWEu.jpg FWR to CW: per knowledge hub and Q220281, client wants calls, so button should feature phone number. ","Invalid: The customer’s primary CTA method is “request a call back” and their secondary is “calls” according to Q220143 and Q220281 on the questionnaire. “Contact Us” as a button in the callouts is acceptable for this situation. The Spec Site page on Click to Call Buttons says that CTC may appear in Hero Sections, Callouts, Coupons, and Footers, but it doesn’t say that it’s required. https://websitespec.hibuone.com/click-to-call",Valid,"So yes. It does say that they ""may"" be included, which means they appear in those places but not always, depending on the site configuration. But if the button is strictly a Click to Call, it should always be formatted as a number. The only way it can be moved to a CTA (Contact Us, Call Us) is after the first proof. This indicates the buttons on the initial build should always be numbers. 
https://snipboard.io/4fYjaS.jpg"
"1. Footer: ""and surrounding areas"" s/b removed https://snipboard.io/0fk5pN.jpg","Invalid: ""And surrounding areas"" link is required in footer to link to SAP directory page, per HOFO instructions. In this case, SAPs were sold to a brick-and-mortar business with no service areas in Yext, but the footer link to the directory page is still a requirement. ",Updated,
Motivating factors: Are motivating factors consistent with the questionnaire?,CW Error marked but feedback is not specific to motivating factors. ,Updated,"There was no error marked. It said Feedback, but I changed it."
"3. CW assumption ""Per Best Practice - did not include BBB."" BBB still needs to be used in some form. best option is to simply add it to  Listings Associations.",Invalid: we've been told it's safest to omit BBB altogether with assumption. We have asked Paul and Sarah for clarity on this and are awaiting a response.,Updated,
"No address/serving area appears in footer/contact page 
 Phone number missing from Contact tab
Business hours missing
Payment methods missing",Just needed Yext re-sync to fix entire site,Updated,
CW advised client would be contacted within 1 business day. Q states same-day callback.,"Q221805 says ""Same business Day"" - is this considered a different timeframe from ""within one business day""? I would expect them to mean the same amount of time. ",Valid,It's always best to use what the customer has stated on the call/questionnaire. 
Homepage: -View more offers button led to a 404 page.,"Invalid: On post-CW backup, CW used the Offers page, and the button was linked. ",Updated,
  BBB was missing from associations.,Invalid: we've been told it's safest to omit BBB altogether with assumption. We have asked Paul and Sarah for clarity on this and are awaiting a response.,Updated,
"42: FWR to CW: Additional payment options not added to About page, please add. https://snipboard.io/OEs7gQ.jpg https://snipboard.io/bYjkZl.jpg ",Invalid: Additional payment options are present on post-CW backup. https://my.websites.hibu.com/preview/f86ac3779b0e99528685aa41fa448192?device=desktop,Updated,Agreed - Happened during build
 Videoscript: unneeded space https://snipboard.io/8XonSs.jpg,Invalid: Not present on post-CW backup: https://my.websites.hibu.com/preview/03b8312f308aa275d4c6f4fd8543c80d?device=desktop,Updated,
1. About: Q222956 additional payment type missing https://snipboard.io/qCnI1o.jpg,Invalid: Additional types are present on post-CW backup: https://my.websites.hibu.com/preview/03b8312f308aa275d4c6f4fd8543c80d?device=desktop,Updated,Agreed - Happened during build
49: GEO s/b consistent across SEO titles. https://snipboard.io/CbhxFP.jpg ,"Invalid: Current documentation on QAF and spec site say that the word ""area"" may be removed from titles when needed to meet character count. They do not specify that this should then be done sitewide. We have raised the question to Paul and Sarah about whether ""area"" needs to be removed from all titles or not, however at this time the documentation does not require it. ",Valid,"It does not need to be removed, but the geo is supposed to be consistent across titles and descriptions. If you remove area in one, it needs to be removed in all. "
65: https://snipboard.io/LMf51n.jpg Blog on Contact section in nav bar. Blog also not published. ,Invalid: Build errors. Blog is not present on post-CW backup. ,Updated,
  https://imgur.com/a/yTf5Dtf The first H3 on a the SAP has to include the KW they purchased. ,"I cannot find this rule anywhere in the HOFO or spec site. I only know of the rule that the H1 has to be the keyword. In this case it was a difference of ""builder"" (kw) vs. ""construction"" (H3). Seems acceptable unless you know of a published rule saying otherwise? ",Valid,"On the Service Area Page of the Spec Site https://snipboard.io/8PUX4O.jpg
https://websitespec.hibuone.com/service-area-pages-saps"
"
Review button is not the same theme as request button https://snipboard.io/vqZwgb.jpg","Invalid: Upon checking the backup, the review section included star ratings and a numeric score during the build. The button appeared only after QA added the customer ID.",Updated,
1. header buttons mush match https://snipboard.io/NkuDSf.jpg 2. Mobile engagement menu: Get Directions should not be here https://snipboard.io/YRvdSJ.jpg ,"1. Invalid: Upon checking the backup, the review section included star ratings and a numeric score during the build. The button appeared only after QA added the customer ID.
2. Valid",Updated,
1. buttons should not match backgrounds and should match other buttons in the same section https://snipboard.io/nAIv2N.jpg https://snipboard.io/Wu5piK.jpg,Invalid: the review section included star ratings and a numeric score during the build. The button appeared only after QA added the customer ID,Updated,
Reviews button is not the same theme as the CTA button https://snipboard.io/SvE7sI.jpg,"Invalid: Upon checking the backup, the review section included star ratings and a numeric score during the build. The button appeared only after QA added the customer ID.",Updated,
"1. mobile engagement menu request button 404 error https://snipboard.io/fctgUb.jpg 2. header buttons should not match background but must match each other https://snipboard.io/mpMe3I.jpg 
","1. Valid
2.Invalid: the review section included star ratings and a numeric score during the build. The button appeared only after QA added the customer ID.",N/A,No error marked for the buttons
https://snipboard.io/7o4gjp.jpg Instagram gallery on gallery page not used and in template format so we would want to hide this anchor page and section on gallery page.,"Invalid: As per the spec site if there is a request for Instagram gallery we add default gallery widget and create a anchor link, it was not mentioned in the guidelines that we need to hide the section or anchor.",Updated,Agreed - Instagram gallery isn't set up until the site is live
Header: buttons in this section should match https://snipboard.io/uDJ5xL.jpg,"Invalid: Upon checking the backup, the review section included star ratings and a numeric score during the build. The button appeared only after QA added the customer ID.",Updated,Agreed
"66: OpenGraph placeholder image on Concrete Walkway Installation SEO. https://snipboard.io/LWQt3R.jpg   70: Call/Text pop up buttons have differently colored buttons, second button same color as the font. https://snipboard.io/O5BnDA.jpg  ","1. Invalid: As per the dispatch we are checking the Open graph images only in home pages, we don't have any additional communications on checking in all the other pages https://snipboard.io/1GlDvy.jpg
2. Valid",Updated,
Review button is not in the same theme as the CTA header button https://snipboard.io/QfV6L9.jpg,Invalid: the review section included star ratings and a numeric score during the build. The button appeared only after QA added the customer ID,Updated,Agreed
"47: FWR to CW: Locations buttons on footer have Request Quote link. https://snipboard.io/P6wobY.jpg https://snipboard.io/ubQlWz.jpg Per convo with AM, CTA links should really be going to the first location, not to the form fill; client primarily wants calls. https://snipboard.io/XerTpF.jpg https://snipboard.io/GDRMu3.jpg  ","Invalid - I agree it's strange to link to the form rather than location page, but HOFO says all links should go to the request page if form is present so CW was just following the rules.",Updated,"The Spec Site indicates that all links in the footer for additional locations should go to the Location profile, not any other destinations. https://snipboard.io/0Zmzdp.jpg

In the HOFO, it says that the location button should be linked to that location page. (letters don't match the list) https://snipboard.io/cMiFLs.jpg 

HOFO also says that the footer should follow the same formatting as the location, which means that the buttons should only be linked to the location's page. https://snipboard.io/QfS7yo.jpg"
Reviews button not connected to header. https://snipboard.io/3bVTEB.jpg ,Invalid - CWs do not handle this button.,Updated,"Per the HOFO, CW updates the button for the CTA https://snipboard.io/QAkTSH.jpg"
"u s a f Academy was not corrected/updated.  AI Overview: Yes, ""USAF"" should always be capitalized as it is an acronym for the United States Air Force, a proper noun. When writing out the full name, it is correctly styled as the U.S. Air Force or United States Air Force, with the branch name capitalized. ","Invalid - could not find a mention of ""USAF"" or ""U S A F"" anywhere on this site. ",Updated,This error doesn't appear on the form for this account. Please double check the account information. 
60: LR menu should be in page order. https://snipboard.io/2tdCli.jpg ,Invalid - this is not an error by the CW; this is a local ranking task.,Updated,
Form dropdown did not have any items https://snipboard.io/c3bS2m.jpg,Invalid - this was a system error where collections was completed but the form dropdown was not connecting.,Updated,There were no assumptions or tickets opened (per the build case). Can you please make sure a note is left if there are tech issues? Then we can make sure to check it.
22: FWR to CW: Phone numbers for Harlan and Middlesboro Offices not on footer or on Offices page. https://snipboard.io/wk5AVF.jpg https://snipboard.io/ZpEcHd.jpg Please add.  ,Invalid - CW left an assumption for QAE on the original build that said: “The phone numbers in the footer and location CAT page came unconnected twice. CW added new text boxes and reconnected right before saving the site. Please confirm their connections stuck.”  ,Updated,
"49: FWR to CW: https://snipboard.io/TXvIZJ.jpg 4 duplicate descriptions.   Medical Malpractice: with extra “Law,” title over 60 characters. https://snipboard.io/BUZRNO.jpg  
Offices Title - ? Formatting Error - Does not follow required format for Serving Area or Other Page Types. https://snipboard.io/yx1tXp.jpg  ",Invalid - descriptions can be duplicate and all rules were followed.,Valid,Spec site says to avoid duplicate descriptions. https://snipboard.io/XN8QbT.jpg
"49: Medical Malpractice is the original page title, Law not part of the page title. Puts it over 60 characters. https://snipboard.io/CX6sTE.jpg   Two duplicate descriptions: https://snipboard.io/zvDqFN.jpg  ",Invalid - we didn't think the 'Law' in NOB also counted for page name. ,Valid,"The keyword in the title includes ""Law"" when it's not necessary. That could be removed to reduce the character count. https://snipboard.io/rzlKos.jpg"
49: Specific product/keyword/page name should be on CAT titles. https://snipboard.io/7oFWxO.jpg,Invalid - 'Stair Building' is a clear enough keyword phrase. The CW removed the word 'Services' to ensure character limits were not exceeded.,Updated,
"Drain Cleaning CAT, unbalanced copyblock needs image for balance with double blocks above .https://snipboard.io/YBOe5M.jpg 
Invalid — This is a Build issue.

Hydro Jetting CAT, unbalanced copyblock needs image for balance with double blocks above .https://snipboard.io/uTzOZe.jpg 
Invalid — This is a Build issue.

Sewer and Drain CAT, unbalanced copyblock needs image for balance with double blocks above  .https://snipboard.io/vzlhLq.jpg 
Invalid — This is a Build issue.

Vacuum and Waste CAT, unbalanced copyblock needs image for balance with double blocks above  .https://snipboard.io/Mq7me5.jpg 
Invalid — This is a Build issue.
",Invalid — These are all Build issues.,Updated,
"On discounts page, third callout formatting didn’t match the others.","Invalid — In the pre-Build backup, all 3 have the same formatting. https://snipboard.io/587bx3.jpg
In the post-Build backup, one of them has all caps.",Updated,Agreed - Happened during build
About page should just be an about folder with multiple locations .https://snipboard.io/YpRHKe.jpg,Invalid — This isn't official until May 5.,Updated,We have an email on 4/22 from Julie asking for feedback only for a week. That would have expired on 4/29 https://snipboard.io/V93M5s.jpg
"More payment options, including Venmo, not on About page. .https://snipboard.io/c6reaw.jpg",Invalid — Payment Options are present in the CW backup. https://snipboard.io/Wo64zG.jpg,Updated,
Additional payments not on Contact page. .https://snipboard.io/ug81bW.jpg  ,Invalid — This is Build's responsibility.,Updated,
Gallery was left on nav even though it’s empty and hidden.,Invalid — This is Build's responsibility.,Updated,
"Footer: unused ""Serving Area"" should be removed .https://snipboard.io/Pf7EcG.jpg ","Invalid — This is the link to the Service Area PSAP that's expected when SAPs are present. This site has no service areas in Yext, so the link replaces the ""and surrounding areas."" https://snipboard.io/SJuR8l.jpg",Updated,"While it is supposed to be there, shouldn't it be under the address? It seems like it's there by mistake. "
"Contact: unused ""Serving Area"" should be removed .https://snipboard.io/M5I7d2.jpg","Invalid — This is the link to the Service Area PSAP that's expected when SAPs are present. This site has no service areas in Yext, so the link replaces the ""and surrounding areas.""",Updated,"While it is supposed to be there, shouldn't it be under the address? It seems like it's there by mistake. "
CW: Contact form was on the contact page when the client didn't want their email displayed (Q221855). .https://snipboard.io/CxKgHv.jpg,Invalid — This is Build's responsibility.,Updated,
"41: FWR to Build: Gallery s/b not published, only empty images. https://snipboard.io/hEGm7f.jpg 
  49: FWR to Build: Images without alt text. https://snipboard.io/jlQ0uv.jpg","41. Instagram Gallery was requested so Build displayed the Gallery page. https://snipboard.io/WKk2YV.jpg
49. The logo shown on the screenshot was not used on the website. Also per process, icons and image placeholders do not require alt text.",Updated,
"About: s/b a folder, not a full page, with multiple locations. folder was created but hidden and pages were still nested under the About page https://snipboard.io/9JgBSQ.jpg",Invalid - the site was created on 4/28 and this rule did not roll out until the 5/5 update.,Invaild,Confusion due to email sent from CW.
"Locations: better page balance would be 2 rows, 2 blocks each: https://snipboard.io/0ANsMP.jpg ",Invalid - visual balance is not a CW task; build adjusts copy blocks when necessary.,Valid,"There are other errors for the Contact/Locations page, so the score won't change. "
Commercial & Industrial Mobile Repair page margins wider than the rest of the site https://snipboard.io/rLpf02.jpg ,Invalid - the spacing error does not show on CW backup and this is not CW responsibility.,Invaild,Agreed - this is for build
Mega menu CAT pages should be collapsed if they're long enough to produce a scroll bar https://snipboard.io/UdZux0.jpg,Invalid - isn't this a build task?,Invaild,
Grammar/Spelling: Is all copy grammatically correct and is it spelled correctly?,I could not find an error for this category.,Invaild,Agreed - punctuation and capitalization errors
65 - CW: Related Services links section should have been hidden from the SAP - https://snipboard.io/Vpi2d3.jpg,Invalid - related services section does not appear on CW backup.,Invaild,Agreed - Happened during Build
Request page was hidden,Invalid - the request page shows on CW backup.,Invaild,
“and surrounding areas” hyperlink in footer directs to Home,Invalid - the link leads to SAP directory page on CW backup.,Invaild,
Is the Page URL (Permalink) set up correctly for each page?,I could not find an error for this category.,Invaild,
"
60: FWR to CW: No FAQs on Window Coverings Products and Services, please check this. ",Invalid - I'm not sure what page the error is on; all service pages have FAQs on CW backup.,Invaild,
 50: SAP URL incorrectly formatted. https://snipboard.io/j6GiXP.jpg  ,Invalid - HOFO says the url should be formatted as /SAP/keyword/city-st and /city-st is dynamically inserted so it doesn't need to be typed out.,Invaild,
Is the meta description set up for each page?,Invalid: No QAE notes for this category - only page URLs,Invaild,
"Pricing, incorrect meta formatting for out-of-norm page https://snipboard.io/i1mAP4.jpg ","Invalid: The Pricing page was set up like a core page, so CW followed that meta formatting.  ",Valid,The page should have been set up like an out of norm page since it isn't information about a specific product or service. 
"Gallery: unused anchors should not be on navbar https://snipboard.io/FjHL9c.jpg

Gallery: unused headlines should be removed https://snipboard.io/Bravu7.jpg  

About page Q223398: significant content requested but not used. CW did not include a complete assumption about it. https://snipboard.io/4LaU9f.jpg","Invalid: This is a build error - that team cleans up the Gallery page after they insert the images. 

Invalid: Build team writes the headlines after they have decided what images to place on site. 

Invalid: All content from Q223398 was used - it's below the dynamic content. QAE might not have scrolled down. ",Invaild,"Gallery links and headlines are marked as a Build error
https://snipboard.io/MeylEW.jpg

About page cotent is updated"
"Given Q220281, callout and coupon buttons need to be linked to phone number. https://snipboard.io/9cJdEv.jpg https://snipboard.io/QnEFCH.jpg
(One deduction was in the callout category)","Invalid: As long as the CTA used in the callout or coupon is either the primary or secondary CTA from the Q, it's OK to use. The questionnarie says that the client want to drive form fills as the primary and calls as the secondary. The site has the phone number in the header (secondary) and the request form buttons in the callouts/coupons. ",Invaild,
"Given Q220281, callout and coupon buttons need to be linked to phone number. https://snipboard.io/9cJdEv.jpg https://snipboard.io/QnEFCH.jpg
(One deduction was in the coupon category)","Invalid: As long as the CTA used in the callout or coupon is either the primary or secondary CTA from the Q, it's OK to use. The questionnarie says that the client want to drive form fills as the primary and calls as the secondary. The site has the phone number in the header (secondary) and the request form buttons in the callouts/coupons. ",Invaild,
 .https://snipboard.io/ptsyRq.jpg Review button on header not connected to collection. ,Invalid — CW does not do anything with this button. It's supposed to come in linked.,Valid,"It comes in linked on the template. But it looks like the CW removed/replaced elements and inserted a new widget button, which was not linked.  https://snipboard.io/rykUHc.jpg"
"SAP bullets should not include ""BBB accredited"" without verification link .https://snipboard.io/f6b5Vc.jpg in the Was Inaccurate Information Removed category",Invalid — This was already counted in the mofacs category.,Invaild,"SInce there are no errors marked for the mo facs, I removed that error."
Additional payment types weren't added to the about page.  .https://snipboard.io/1tWj8N.jpg ,"Invalid — Payment Options are present in CW backup. https://snipboard.io/QexYr6.jpg
Curiously, they are also present in the Build and pre-QAE backups.
",Invaild,
Is the SEO indexing blocked for the blog and ecommerce pages?,"Invalid — No errors reported in this category, and CWs do not handle these pages.",Invaild,
"as per CW assumption regarding PSAP title tag formatting: "" The URL is fine. The formatting also follows the format that is here."" CW included a link to QAF624, which we no longer use. CW should be using .https://websitespec.hibuone.com",Invalid — The QAF has not been retired.,Invaild,"The Spec Site is supposed to be the primary source for hibu best practices and rules. While the product team attempts to update both, we should be using the Spec Site first. Only using the QAF means that updates may be missed. "
1. Tablet and Mobile navbars: Areas Served missing https://snipboard.io/V3zNFY.jpg https://snipboard.io/hPvqJo.jpg,Build received the job with the Areas Served not added to the tablet and mobile navigation. https://snipboard.io/3tNpLx.jpg https://snipboard.io/C03Eum.jpg ,Invaild,
66: https://snipboard.io/Eex0P4.jpg Window Replacement SAP image file name not formatted correctly.,The file name appears to be correct.,Invaild,
"31. The background of the popup is white and the font was white so could not read the script. QA changed the background to red. https://snipboard.io/eSXost.jpg
  41. Questionnaire Q221371 requested that artist try to import existing blog, please try to import from their existing site and publish . If this could not be completed, please leave an assumption.
66 Serving Area page: Please add image next to the intro paragraph per new training/guidelines effective 5/5 Also, on the About page, under Brands, there are notes to CW/Artist from DSC: ""list of makes on HOME page Q220013, assuming since client gave a signed consent form, referring to all the car brands on the old site: https://snipboard.io/EMDBZY.jpg FWR to Build to add auto brand logos on the footer.","31. May this be considered as a technical issue? Upon checking on build's post backup, text color was set to black. https://snipboard.io/nHQsT3.jpg
41. Blog couldn't be imported as the feed URL is invalid. https://snipboard.io/mZSH34.jpg
66. Build received the job without the image beside the intro paragraph in Serving Area page. https://snipboard.io/O0xQIs.jpg
Regarding the brands listed in Q220013, it's not clear that build should refer to the existing site for the list of brands. Build understood the line as add ""List of Makes"" on home page. Build left an assumption regarding this. https://snipboard.io/sTMBWl.jpg",See notes,"31. FYI - We can update for now, but agent should also visibly check the font to make sure it is visible and adjust accordingly. 
41. Valid - Assumptions should always be left if the blog cannot be imported. 
66. Agreed - will get feedback to the CW
About page - this instruction is to refer to the list of makes on the existing home page. "
"1. Gallery page not created, 6+ customer images
2. Dark text on dark background is illegible for reviews widget. Please update all reviews widgets to white text. https://snipboard.io/9qWLSl.jpg","1.There is no provided images and no specific instruction to add gallery page using existing site. Build dropped an assumption regarding this. 
https://snipboard.io/alQeST.jpg
https://snipboard.io/oeWtaO.jpg

2.Invalid, as during site editing https://snipboard.io/H0T3MX.jpg, the color was changed to white sitewide. However, there was no visible indication in the default view showing whether the text color was set to black or white, since there was no actual review yet, making it difficult to identify during layout checking.",,"Per Q220786, it tells us to use images from the existing site. Per the Hibu One for Operations document, when 6+ images are provided, the gallery should be created. It doesn't need to be specifically asked for. https://snipboard.io/3ARIsN.jpg

2. Agreed - bringing this up on the Websites call."
1. Unused Gallery page should not be on all navbars https://snipboard.io/ETraU7.jpg,"1. https://snipboard.io/pXGReI.jpg - on Q221045 in questionnaire, it is stated that an Instagram Gallery is requested. Hence, a Gallery page should be visible.",Invaild,
Engagement menu: -Text us button had wrong number.,The Engagement menu button is linked via connected data in the Listings Dashboard. Modifications to the Dashboard are outside the scope of the Build process.,Invaild,
FWR to CW: Any mention of West Moreland County needs to be changed to Westmoreland County.,"Invalid - although CW should google unfamiliar geos, this is how it was entered by DSC on the questionnaire.",Invaild,
 Video widget: script missing https://snipboard.io/Hy0KE7.jpg,Invalid - CW used existing video script and removed text box in widget per upsell process. ,Invaild,
"Q222917 Q221082 Q222918 Q222524 multiple requested content items not found, should be copied from their existing site as mentioned in questionnaire https://snipboard.io/wVeWmk.jpg buttons appear on homepage and reservations is at the top of all menu pages.",Invalid - There were no specific instructions to link to Grubhub/Doordash and CWs are not expected to pull content from FAQs. DSC is instructed to provide explicit instructions on what content to include and where. No specific instructions were provided to include the mentioned content items. ,Valid,"Some of these questions are from the Motivating Factors, which CW reviews to decide the best options for the site. CW has the discretion to add those items to the site for more information. "
CW: alternate phone number in Yext was incorrect. – CO: https://snipboard.io/tS2FON.jpg | Yext: https://snipboard.io/hIzr3L.jpg,"Invalid - this account had an RCF, so the assistant target phone became the alternate phone: https://snipboard.io/StIid6.jpg",Valid,"The number that should be in Yext is the provisioned number (757) 780-1097 not the target number.
https://snipboard.io/StIid6.jpg"
 Pain Management page: incorrect bullets https://snipboard.io/VMwSvK.jpg,Invalid - the bullet spacing is correct on CW backup: https://snipboard.io/SmvoC2.jpg,Invaild,Agreed - Build Error
CW: SAP URLs are incorrect. - https://snipboard.io/oUX9s3.jpg ,"Invalid - per the 5/5 update, the URL should be /sap/[sap-keyword-term]/[city-st]",Valid,The instruction in the previous Spec Site update indicated that the [city-st] is inserted dynamically. https://snipboard.io/TX8z9n.jpg
"Primary CTA Calls, not used prominently, should be hero button https://snipboard.io/D1xBwg.jpg","Invalid - this site has the additional locations product with unique phone numbers; per process, this should be a button linking to the locations landing page.",Invaild,
Contact: san antonio Get Directions linked to wrong address https://snipboard.io/Bt0uC4.jpg ,Invalid - 'get directions' button was properly linked but connection dropped.,Valid,"There are other Contact page issues, so the score won't change."
"Urgent Care page should not have main navbar as related links https://snipboard.io/4rXt7o.jpg

Mobile header unbalanced with single button. one button for each location or a Call button are recommended https://snipboard.io/CUzwSM.jpg
","Invalid - there is no related services widget for this page on CW backup.

Invalid - the correct process is to link to the locations landing page and remove the extra button if there is not a secondary CTA.",Valid,"There are other linking errors, so the score won't change. "
Serving Area title tag: second keyword missing https://snipboard.io/I6rxsy.jpg,"Invalid - CW followed the correct format of [Business Type or Primary Keyword/(s)] Near You in [Geo (City, County, or Area)]",Invaild,
50. Serving Area page url is missing ,Invalid - the URL shows properly on CW backup,Invaild,
"47: Anchor on Fremont should redirect to REQ section on that page. https://snipboard.io/CR7hm6.jpg  

Same with Anchor on Stores page. https://snipboard.io/NugE3Q.jpg ",Invalid - both buttons are linked to the request section on CW backup.,Valid,"The Post CW Backup has all location page Request forms linked to East Hampstead 
https://snipboard.io/PoEkAI.jpg
https://snipboard.io/YsWDn0.jpg 
https://my.websites.hibu.com/preview/9ee896ba114c8064fc4b484b4ade287b?device=desktop"
"49: Avante Garage Doors -  Title - ? Consistency Error - ""Avante Garages"" should align with page name/topic (""Avante Garage Doors"").",Invalid feedback - the keyword phrase describes the page content well enough without the word 'doors'.,Valid,"The title should be specific to the page. Omitting ""doors"" gives the idea that they sell garages and could lead search engines to that page when users are looking for garages. https://snipboard.io/cjD2N0.jpg"
60: Gallery section s/b hidden on Fremont page. https://snipboard.io/vUiESy.jpg,"
Invalid - this is a build task.",Invaild,Agreed - Build Error
"Are all links for buttons, images and text linked correctly?","Invalid: All QAE notes for this category should be under the ""headlines and body copy"" category",Valid,the last line is about the links on the Serving Area page not set up https://snipboard.io/BegYQE.jpg
"There is no special offers page, but the button was left on the Roofing Services landing page.  https://snipboard.io/PgG3e1.jpg",Invalid: This button doesn't show on the CW backup,Valid,"It is on the CW Backup https://snipboard.io/HwRuCN.jpg
https://my.websites.hibu.com/preview/2bd0f179a83205a595a1f72287ebdabf?device=desktop"
"Two of the services are on the nav rather than the mega menu, and crime scene cleanup is missing.",Invalid: These errors don't appear on the CW backup. All Cat 1 pages are in the mega menu. ,Valid,"Hoarding Cleanup Serivces and Commercial Carpet Cleaning pages are missing from the CW Backup. https://snipboard.io/O1EpQ0.jpg
https://my.websites.hibu.com/preview/8d235b4167e1cb3641ab50b17117d37e?device=desktop"
Home page link repeats on nav bar. https://snipboard.io/BN6MLn.jpg ,Invalid: This doesn't show on the CW backup  ,Invaild,
Replaced Fair Pricing w/ Licensed Workers for SQOT (Quality),"Invalid: These two MoFacs are on the same level. It's OK with QAE prefers one over the other, but there is no error here. ",Invaild,
Request Consultation form: business misspelled. https://snipboard.io/OTIQ9t.jpg ,"Invalid: ""Fence Dynamics"" is what shows on the CW backup. Not sure what QA is seeing. ",Valid,"The word ""business"" is spelled wrong https://snipboard.io/irmTje.jpg"
"All notes from this category - ""Was the content used in the site per questionnaire instructions?""","All product details were included by Build, not the CW. CW only set up the basic page structure following Paul's instructions. I verified that all of the sub-categories were included from Paul's document. It seemed like Build missed keying in some products, though.",Invaild,
Is the AI generated copy organized logically and easy to read?,Invalid: No QAE notes for this category. ,Invaild,
"Per Q220281, client wants calls so callout button s/b phone number. https://snipboard.io/ChSyi2.jpg",Invalid: The client's primary CTA is form fills and their secondary is calls. It's OK to go to the request page in the callout. Phone number is secondary and is also in the header and thruoghout the copy. ,Invaild,
Gallery URL s/b Our Work to match page name. https://snipboard.io/K7bZEW.jpg,Invalid: This is a Build error ,Invaild,
Template/blank social icons were left on Contact page. - https://snipboard.io/IJWGnZ.jpg ,Invalid: This is a Build error,Invaild,
Is the Page URL (Permalink) set up correctly for each page?,Invalid: No QAE feedback for this category,Invaild,
"Textable RCF:  Was the textable RCF set up properly according to guidelines, when applicable?",Invalid: No QAE feedback for this category,Invaild,
Pickup and Delivery text s/b added to About page. https://snipboard.io/MYuAN8.jpg,"Invalid: Q223289 says the business offers in-store pickup and delivery, but this is info that is supposed to be added to Yext manually by the Listings FF team. It's not a CW responsibility to update this. Maggie is looking into why this may not have happened correctly for this site. This won't change the score, but just an FYI.",Invaild,Agreed - CW has never added this as it's a Yext field
"SAP URLs were incorrect. Do not include the city, st/geo in the URL https://snipboard.io/Y6SVle.jpg 

Serving Area page URL was incorrect/changed when it doesn’t need to be. - https://snipboard.io/Y6SVle.jpg
","Invalid: Valid error, but conflicting circumstances. SAP slug format is ""/sap/keyword/city-st"" but the city-st is dynamically inserted, so CW shouldn't fill that out manually. CW will only see ""/sap/epoxy-concrete-floor"" and should not manually add the city-st to the page URL. There was confusion due to phrasing on the spec site. The clarification email was sent on 5/20 with the latest dispatch update. Requesting feedback only. 

Invalid: Unfortunately, there is nothing published currently on the Spec Site for the SAP Directory page slug. We clarified on 5/20 that CWs should use ""/serving-area"" until something is published, but before that there was phrasing on the Spec Site implying a keyword was needed for this slug. Phrasing has now been taken down, but it was after this site was written. ",Invaild,FYI'd due to conflicting information
All FAQs on all service pages were duplicated. - https://snipboard.io/bWBNxE.jpg https://snipboard.io/r0W2mQ.jpg,"Invalid: I checked the CW backup and saw different FAQs on each internal page. QAEs first screen shot doesn't show the page name, so I can't tell which page they were looking at that has laboratory FAQs on it. ",Valid,Laboratories Page: https://snipboard.io/al7XdM.jpg
Related Services widget left on SAP and is empty. https://snipboard.io/2aynNt.jpg,"Invalid: I checked the CW backup, and the Related Services menu doesn't appear on any of the SAPs.",Invaild,Agreed - Build error
"SAP URLs were incorrect. Do not include the city, st/geo in the URL https://snipboard.io/Y6SVle.jpg 

Serving Area page URL was incorrect/changed when it doesn’t need to be. - https://snipboard.io/Y6SVle.jpg","Invalid: Valid error, but clarification on this issue wasn't sent to CWs until 5/20. The SAP URL on the CW backup says, ""/sap/home-remodeler/bossier-city-la"" but there shouldn't be a city there at all. It should stop at keyword, since the city will pull in dynamically. 

Invalid: There is nothing published on the Spec Site for the SAP Directory page URL, unfortunately. We clarified on 5/20 that CWs can use /serving-area until something is published. ",Invaild,FYI'd due to conflicting information
Hard to see but this appears to be a residential address and clients don’t visit it. Removing from Contact page. https://snipboard.io/gC2tqH.jpg ,"Invalid: When a service-area business requests to show their address, the CWs put it on the contact page. Q220467 says the client does want to display their address. We will not use this address anywhere else on the site, however.",Invaild,
"Serving Area goes after About in the page order. https://snipboard.io/OjGa0x.jpg   

Mega Menu items s/b expanded. https://snipboard.io/p0Alob.jpg  ","Invalid: Incorrect category. This is already deducted in the navigation best practices category, where it's marked as valid.

Invalid: This isn't a CW responsibility, since Build has to rearrange the layout of the mega menu to avoid scrolls",Invaild,
Replaced In Business Since MoFac with Fully Licensed and Insured for SQOT (Quality),Invalid: Being in business for over 50 years speaks to the quality of a business as much as being licensed and insured. This is fine for the CW to use in the absence of more specific or promising mofacs,Valid,Being in business for a length of time doesn't necessarily indicate quality. But being licensed and insured speaks to a solid advantage to the customer if concerns arise during a job. 
Address/Service Area:  Is the address and service area listed correctly?,"Invalid: No QAE notes for this category, only callouts.",Invaild,
"As client wants calls per Q, secondary CTA button on Callouts s/b button with phone number. https://snipboard.io/5sJFhQ.jpg https://snipboard.io/glZ7Nn.jpg ","Invalid: It's fine to use the primary CTA in the callouts. In this case, that is form fillls. The phone number is in the header and hero, so it shows on every page of the site as the secondary. ",Invaild,
Pick-Up and Delivery options s/b on About page. https://snipboard.io/U2wlbn.jpg https://snipboard.io/uETfyZ.jpg ,Invalid: This is info that is supposed to be added to Yext manually by the Listings FF team. It's not a CW responsibility to update this.,Invaild,Agreed - CW has never added this as it's a Yext field
"SAP h1 and h2 are not linked correctly. H2 is unlinked, h1 goes to the wrong collection. https://snipboard.io/vnxCgw.jpg",Invalid - headlines were connected properly on CW backup: https://snipboard.io/9xySl6.jpg,Invaild,Agreed
 Serving Area still in wrong place on navbar https://snipboard.io/picJVX.jpg,Invalid - the page is in the correct spot on CW's post-FWR backup; build must have moved it.,Invaild,Agreed
47: Exterior Cleaning: Power Washing block link redirects to Home. https://snipboard.io/tlAJN9.jpg ,Invalid - the link goes to the correct page on the pre-build backup.,Valid,I see it broken on her 11:35 (last) back-up:  https://my.websites.hibu.com/preview/9e40de1438001f0966fa97676347f41b?device=desktop.  
FWR to CW: Wrong connection on Power Washing Companies SAP hero text. https://snipboard.io/M1pxtn.jpg ,Invalid - the hero is connected properly on the pre-build backup: https://snipboard.io/KQCMpb.jpg,Invaild,Agreed
FWR to CW: Two of the paragraphs on the SAP page aren’t linked.,Invalid - I'm not sure where the error is; the SAPs have a core page linked in the first paragraph and CTA links in the first and last paragraphs. A link is not required in the SAP directory page intro.,Valid,"Looks like the actual city links in the SAP page slug had issues, I gave the agent feedback regarding the lack of a screenshot.  https://imgur.com/a/BgawjOI"
49 - CW: Missing a location according to the SAP locations on the plan. https://snipboard.io/MygRoj.jpg https://snipboard.io/bVlSiG.jpg,Invalid - this is not an error made by the CW; the cities pull from SF.,Follow up,"Q: in these instances, do we expect the team to double check that the order matches the output? "
AI meta check doc missing from Build case .https://snipboard.io/ms0bc2.jpg,"Invalid — As of 5/12, these go in the DSC files.
",Invaild,
"Home meta title tag and description is incorrect..https://snipboard.io/dcDSq0.jpg Title - Formatting Error - Missing pipe between keyword and geo; should be [Core Keyword] | [Geo Location] | [Name of Business].
Description - Formatting Error - Does not follow Home description format (should list specific keyword phrases followed by benefits/offers).""
","Valid — But this is in the wrong column. It should be a meta error, not an SEO indexing error.
",Invaild,
.https://snipboard.io/vPBmkw.jpg SAP URLs for new pages are incorrect,Invalid — This was not updated everywhere in the Spec Site until 5/19. What was correct depended on where you looked. https://snipboard.io/D90M8x.jpg,Invaild,FYI'd due to conflicting information
 footer: address needed .https://snipboard.io/fmTXho.jpg,"Invalid - Per copywriter assumptions, this site was built believing all services are provided virtually and no visits are needed.",,
"CW assumption ""built as a service based business because it appears they focus on virtual appts, since they said people dont visit them. no open/close widget either."" but no evidence of this in questionnaire. only mention of ""virtual"" is virtual consultations for their request form and only one page for Teletherapy. Open/close widget should be restored.
",Invalid —  The evidence in the questionnaire is that is says people do not visit them in the question that specifically asks about this (Q220918).,Invaild,"Looks like the DSC asked the question and marked the questionnaire incorrectly. The location should have been on the site as a brick and mortar location, but DSC didn't mark it that way. https://snipboard.io/CpE8LF.jpg"
"Home title tag: remove area, add pipe .https://snipboard.io/l8m5cH.jpg","Invalid - ""Area"" is fine in title tags.  This came up in another FWR that I checked with James about. There is no rule against using ""Area.""",Valid,"Removing extraneous words from the title to maintain the formatting is ideal. Area can be included if there's room, but that's a good word to remove if you need the space. "
.https://snipboard.io/ZblhKa.jpg SAP URL not correctly formatted as of 5/5/2026. ,Invalid — This was not updated everywhere in the Spec Site until 5/19. What was correct depended on where you looked. https://snipboard.io/D90M8x.jpg,Valid,"There are other meta errors, so the score won't change. "
QA has added the footer address that CW would not add.,"Invalid — Still not an error. Per copywriter assumptions, this site was built believing all services are provided virtually and no visits are needed.",Invaild,
"Home title tag: pipe was still missing, now added.",Invalid — Still not an error.,Valid,"Removing extraneous words from the title to maintain the formatting is ideal. Area can be included if there's room, but that's a good word to remove if you need the space. "
"
https://snipboard.io/EFt8i3.jpg  As of 5/5 the SAP URL format is changed. This uses the old format. 
",Invalid — This was not updated everywhere in the Spec Site until 5/19. What was correct depended on where you looked. https://snipboard.io/D90M8x.jpg,Valid,"There are other meta errors, so the score won't change. "
.https://snipboard.io/oEZrWk.jpg SAP URL should be sap/keyword,Invalid — This was not updated everywhere in the Spec Site until 5/19. What was correct depended on where you looked. https://snipboard.io/D90M8x.jpg,Invaild,FYI'd due to conflicting information
: The SAP page URL's aren't using the correct format. .https://snipboard.io/raW5IE.jpg S/B: /sap/ac-services,Invalid — This was not updated everywhere in the Spec Site until 5/19. What was correct depended on where you looked. https://snipboard.io/D90M8x.jpg,Invaild,FYI'd due to conflicting information
Delivery s/b on About options. .https://snipboard.io/1Pvbda.jpg .https://snipboard.io/vWREVN.jpg ,Invalid — CWs don't change this field in Yext.,Invaild,
"
All Service pages: NOB period error Why Choose H3 .https://snipboard.io/2hs0uo.jpg ","Invalid — Period is part of the NOB and the NOB is not in the middle of a sentence, so period is correct.",Invaild,"This one is a challenge.  I do think it looks weird, because the period makes it look like a sentance, which throws off the look.  I also couldn't finsd ANYTHING that really landed on it, either way.  FYI for now, I'll try to get it settled/addressed somewhere on paper."
FWR to CW: SAP URLs incorrectly formatted as of May 5th. .https://snipboard.io/ZfdtL4.jpg .https://snipboard.io/SZzBkA.jpg .https://snipboard.io/sriVlI.jpg .https://snipboard.io/L0CZqG.jpg .https://snipboard.io/ZR8Tla.jpg  ,Invalid — This was not updated everywhere in the Spec Site until 5/19. What was correct depended on where you looked. https://snipboard.io/D90M8x.jpg,Invaild,"Q: We had that training that rolled on 5/5. Did the agent miss the training?  I thought the buffer between training and roll out was the grace period, but I am open if I misinterpreteed the scenario for the floor. "
Desktop and Mobile headers: Unclear why Request button was removed while there is still an active request page. Button should be replaced unless there's an explanation. https://snipboard.io/Y45qAo.jpg https://snipboard.io/tIY8nD.jpg,Invalid: Q219997 and Q221824 say that the client declines a secondary CTA (they don't want to drive visitors to complete the form from the hero) but they do still want the request service page. CW followed questionnaire request. (QAE didn't update the header to include the Request Form button.),Invaild,"Fair.  Weird request, but this did match what the questionnaire was trying to say. "
47: REQ button on header redirects to Home page. https://snipboard.io/8GVdI9.jpg ,Invalid: It goes to the correct page on post-CW backup. https://my.websites.hibu.com/preview/29cae6dc9d97221a9343515d9116b8e6?device=desktop,Invaild,
49: Gallery Description - **Formatting Error** - Should include the Name of Business. https://snipboard.io/eI54bf.jpg,Invalid: Gallery metas are QAE responsibility,Invaild,
"page description series usage ""custom embroidery, logo design, and promotional products & services"" s/b ""custom embroidery, logo design, promotional products, & services""","Invalid: Second example removes context from the word ""services,"" essentially listing ""services"" as an item by itself which could be or mean anything. The business offers ""promotional products & services,"" meaning promotional prodcuts and promotional services. It makes sense in this case to keep this phrase together as one item.",Invaild,
Wrong URL for SAP as of 5/4/2026 Dispatch. https://snipboard.io/o3qbn5.jpg ,Invalid — This was not updated everywhere in the Spec Site until 5/19. What was correct depending on where you looked. https://snipboard.io/D90M8x.jpg ,Invaild,FYI'd due to conflicting information
"1. title tags should not include ""Area"" - ""Radon Mitigation | Dayton, OH Area | Guardian Radon Removal"" please review all title tags and remove all except Serving Area title tag. ","Invalid: This is a serving area business. Title tags may use the word ""area.""",Valid,"There are other meta errors, so the score won't change. "
 https://snipboard.io/Jc4Spi.jpg Copy hotlink was missing from the SAP page,"Invalid: the word ""gaskets"" is internally linked on the SAP page on post-CW backup: https://my.websites.hibu.com/preview/59aad7987f49962d2a78c4a91f8e3941?device=desktop",Invaild,
"4. SAPs"" URLS should begin ""/sap...""",Invalid — This was not updated everywhere in the Spec Site until 5/19. What was correct depending on where you looked. https://snipboard.io/D90M8x.jpg,Valid,"There are other meta errors, so the score won't change. "
"1. CW was supposed to remove ""service-area"" from SAP URLs but did not: https://snipboard.io/ZxUjDY.jpg",Invalid — This was not updated everywhere in the Spec Site until 5/19. What was correct depending on where you looked. https://snipboard.io/D90M8x.jpg,Valid,"There are other meta errors, so the score won't change. "
Header: phone lead in should not exceed phone number https://snipboard.io/4jJMa0.jpg,"Invalid: This isn't always avoidable with the ""No CTA"" header, because it places the serving area text above the phone number. It's not lead-in text, it's the geo. This is the correct header for businesses without a second CTA.",Invaild,
"Inspection Services title tag 62 char: now under 60 by removing unnecessary ""services"" as per current guidelines https://snipboard.io/SE8pak.jpg","This is the page name for a CAT, and removing the word ""services"" makes it read very strangely. I don't think this is an unnecessary use of the word ""services"" at all, and I support the CW's choice to keep the full page name in this case.",Valid,Inspections is fine for the page name. It keeps the meta title short and still relays the same information. https://snipboard.io/nlJHUS.jpg
"Home and CAT pages: gallery buttons 404 error due to URL ""showroom"" https://snipboard.io/k8GTUb.jpg",Gallery elements are Build's responsibility,Invaild,
 Home title tag 62 char but shorter keyword needed https://snipboard.io/lY8BLo.jpg,"Invalid: The client is a swimming pool contractor - this is the best keyword that adequately encompasses the business as a whole. The spec site does not demand choosing a shorter keyword; spec site says, ""Step 9: Accept truncation. If the title tag still exceeds 60 characters after Steps 1-3, keep both the primary keyword and the NOB in the title tag."" which is what CW did.",Invaild,
63: Electrical Panel Replacement hero image below Hibu One image minimums of 1900 px. Even Legacy images should only be 1500 px minimum. https://snipboard.io/T9Y0kj.jpg   66: Hero image on Electrical Repair SAP not renamed according to file name standards. https://snipboard.io/OY6mr2.jpg Same with Electrician SAP. Had to reconnect both. https://snipboard.io/VTpGW2.jpg  ,"1. Invalid: As per the dispatch the minimum hero images site is 1200*534. the image used in the site has 1200*798. (https://snipboard.io/9eqIBQ.jpg)
2. Valid",Invaild,
63: FWR to Build: Specialty Shutters hero image below Hibu One/legacy image minimums of 1500-1900 px. https://snipboard.io/JPgdhM.jpg   66: FWR to Build: Specialty Shutters hero image has wrong file image name format. https://snipboard.io/JPgdhM.jpg   75: Text Us button s/b removed from EM. https://snipboard.io/gQV3ZO.jpg  ,"1. Invalid: As per the dispatch the minimum hero images site is 1200*534. the image used in the site has 1440*1598. (https://snipboard.io/9eqIBQ.jpg)
2. Valid",Invaild,
70: https://snipboard.io/QoKSYM.jpg Reviews button same color as the header background.  ,"2. Invalid: Upon checking the backup, the review section included star ratings and a numeric score during the build. The button appeared only after QA added the customer ID.",,"This QAE was completed in April, so it's not elegible https://snipboard.io/KfDNeC.jpg"
Page SEO sections have OpenGraph placeholder image. https://snipboard.io/bAhzQ2.jpg  ,"2. Invalid: As per the dispatch we are checking the Open graph images only in home pages, we don't have any additional communications on checking in all the other pages https://snipboard.io/1GlDvy.jpg",,"There are other image errors, so the score won't change."
na,"No error description mentioned in the Design Section Notes but build score is showing as 93.55%. We noticed that the build points were reduced in ""Mobile and Tablet View Build Score and Engagement Menu Build Score""",Invaild,"In the future, please include the question that is marked with an error. "
66: OpenGraph placeholder image on Gutter Services SEO. https://snipboard.io/8gmPTU.jpg ,"1. Invalid: As per the dispatch we are checking the Open graph images only in home pages, we don't have any additional communications on checking in all the other pages https://snipboard.io/1GlDvy.jpg",,"There are other image errors, so the score won't change."
na,No error mentioned in the Design Section Notes but build score is showing as 93.55%. We noticed that the build points were reduced in Images Relate to Page Content Build Score section,Invaild,"In the future, please include the question that is marked with an error. "
"2. Hot Tub page images are cut off, incomplete https://snipboard.io/MxT0Je.jpg 3. Pool Product Sales images cut off, incomplete https://snipboard.io/OdTxzf.jpg 4. Pool LIners page images cut off, incomplete https://snipboard.io/dC3xtc.jpg ","2. The user has used the Gallery widget to place the product images. In the Gallery widget, displaying full-size images may result in inconsistent image dimensions. However, using the Gallery widget allows users to click on the images, which opens them in a pop-up for a clearer and more detailed view. Can this be treated as feedback",Valid,All of the images are the same size and can be fully displayed using the entire image. https://snipboard.io/CXP2lf.jpg
"60: FWR to CW: Please include Partial List of Clients supplied somewhere on the site, possibly Structural Engineering Projects. https://snipboard.io/bxjQLw.jpg ",Invalid - DSC must specifically state where content should go in order for CW to include it on the site. Only a blanket note about client-supplied information was included.,Invaild,Agreed - there's no mention of that list of clients in the questionnaire. 
"54: Replaced Fair Pricing with Free Fast Quotes for SQOT (Speed, Offers).","Invalid - ""free fast quotes"" was not an available MF on the questionnaire.",Invaild,"Agreed - couldn't find ""free fast quotes"" on the questionnaire. "
Per Q221864 please pull info for hot tub winterization page from https://swimkinghottubs.com/winterize-instructions. Requested info was not added to page. ,Invalid - there were no instructions on what to do with the link provided; DSC is required to specifically state what content needes to be included.,Valid,"The link is 8 steps to winterize a hot tub. With such little content, I feel like it could have been added without needing to know what to do with it. "
Are the About page Content Library Fields correct per questionnaire and does the Open/Close widget appear in the hero of all pages?,Invalid - I could not find an error for this category.,Invaild,
" There is a gallery anchor that is still part of the navigation. If not being used, it needs to be hidden or removed. .https://snipboard.io/DT6jyX.jpg ",Invalid — Cleaning up unused gallery pieces is Build's responsibility.,Invaild,This is marked as a build error. 
"Hillsborough appears to have been misspelled/abbreviated in yext and on the questionnaire, appearing as Hillsboro County NH, but Hillsborough, NH is the county name. FWR to have it corrected throughout the site, header, geo, footer, video splash and wherever else it appear","Invalid — CW followed geo as presented in questionnaire. Hillsboro is not an unreasonable spelling, and the CW is not required to double-check all place names.",Invaild,Agreed 
"QA noted that the second FAQ question uses Hillsborough County, NH, the second FAQ question also lists the client's address, which the client did not want on the site. Taking this deduction here. FWR to remove.",Invalid — CW used FAQs  as presented in questionnaire.,Invaild,Agreed 
"1 to 4 errors
QA noted Hillsboro is misspelled in all the meta s/b Hillsborough County, NH, this was misspelled in the questionnaire and throughout the site FWR to correct all meta for the misspelling of Hillsborough and to correct the state in the 3 SAP page meta descriptions.
","Invalid — CW followed geo as presented in questionnaire. Hillsboro is not an unreasonable spelling, and the CW is not required to double-check all place names.",Valid,There are other spelling errors.
"Hillsboro - the geo - is misspelled throughout the site and all all meta s/b Hillsborough, NH - it was misspelled on the questionnaire.","Invalid — CW followed geo as presented in questionnaire. Hillsboro is not an unreasonable spelling, and the CW is not required to double-check all place names. Additionally, this has already been counted in other categories.",Valid,There are other spelling errors.
Amherst - the serving area that the client wanted used for the site is misspelled as Amhurst when it is used on the site - it was also misspelled on the questionnaire.,"Invalid — CW followed geo as presented in questionnaire. Hillsboro is not an unreasonable spelling, and the CW is not required to double-check all place names.  Additionally, this has already been counted in other categories.",Valid,There are other spelling errors.
1st locations page is missing address. https://snipboard.io/1SRqUF.jpg,Invalid — Address is present in CW backup. https://snipboard.io/tf2P8G.jpg,Valid,"There are other address errors, so the score won't change. "
Invalid — Address is present in CW backup. https://snipboard.io/tf2P8G.jpg,Invalid — CWs use Yext as provided.,Invaild,"I think the argument is the missing address? It was on Anna's b/u. This was removed by build.  Let us know if that was NOT the issue, I think there was a pasting mishap. "
Associations are missing from locations pages.,Invalid — CW uses Yext as provided and does not assume that primary locaiton info applies to secondary locations.,Valid,Associations are present in Yext for the additional locations. https://snipboard.io/jCXxUz.jpg
"SAP URLs are written in old format.
",Invalid — This was not updated everywhere in the Spec Site until 5/19. What was correct depended on where you looked. https://snipboard.io/D90M8x.jpg,Invaild,FYI'd due to conflicting information
.https://snipboard.io/UryPxu.jpg Insurance not included in payment types,"Invalid — Insurance info is present in CW backup. https://snipboard.io/AEb9nR.jpg
",Invaild,
"Devine location business hours are 24/7 in listings, should be on site also ",Invalid — 24/7 is in hero mofacs and site text. https://snipboard.io/F8aU0u.jpg https://snipboard.io/NYadQG.jpg,Valid,There are other Location page errors. 
Location pages: unused gallery section should be removed .https://snipboard.io/hPR39E.jpg ,"Invalid — Build removes unused Gallery pieces.
",Invaild,This is marked as a build error
CAT pages: reviews section content missing .https://snipboard.io/IEn4sj.jpg ,"Invalid — Reviews widget is present on all CAT pages in CW backup, and CWs do not do anything with this widget. https://snipboard.io/iVxZDt.jpg
",Valid,There are other linking errors
Facebook and Instagram icons from the live site are not present on the updated site.,"Invalid — Nothing about Facebook or Instagram is provided in the questionnaire.
",Invaild,"I think the issue is that they disappeared with the clone. But since we don't look at those things with the new productions, I'm not sure if we should check it. They're in the footer on the previous site and not on the new site. "
Awkward H3 – Commercial Glass and Mirrors Improve Your Business Image with Professional Commercial Glass and Mirrors,Invalid — Clone to Add was for an Add. Loc. page; CW isn't required to edit H3s and have been told to only do what is needed for the Clone.,Invaild,Agreed - we wouldn't adjust anything outside the purchased products. 
Shower Door Replacement H3 Error Tform Your Bathroom with a New Shower Door ,Invalid — Clone to Add was for an Add. Loc. page; CW isn't required to edit H3s and have been told to only do what is needed for the Clone.,Invaild,Agreed - we wouldn't adjust anything outside the purchased products. 
Venmo not added to payment types .https://snipboard.io/F2K4cV.jpg,"Invalid — Venmo is present in CW backup. https://snipboard.io/ZSvsgo.jpg
",Invaild,"Weird.  It was on her final, but gone pre-build.  I can't explain or blame. "
"Team -  Description - ? Formatting Error - Description should include the business name ""RPR Construction"" .https://snipboard.io/eqbxZ2.jpg  ","Invalid — Per the Spec Site, a Meet the Team meta description does not have to include the NOB. https://snipboard.io/pOA1hQ.jpg
",Invaild,Agreed. Tool error
"CAT pages reviews section: content still not visible .https://snipboard.io/8SWj2u.jpg following FWR, CW should have sent site to Build for correction if unable to fix it.","Invalid — CW doesn't work with this widget. If it's not visible, QAE should FWR to Build.",Invaild,That was a tech issue opposed to an implementation issue. 
"Nearly all pages, sometimes multiples times per page, and meta content throughout site have ""A+ Rating with BBB"" must be removed as it's not permanament and the site might have to be edited .https://snipboard.io/LKqyRT.jpg ",Invalid — This is already counted in the meta column.,Invaild,Fair
Is the meta description set up for each page?,Invalid — No errors reported for this category.,Invaild,x
Is the primary and secondary CTA set up correctly?,"CW Error marked, but no feedback given for this category (placed coupon button feedback under callouts)",Invaild,
1. Midlothian individual location page address missing as per Q220467 ,Invalid: this is a house; CW left assumption about this,Valid,"It is, but they also have Geo pages, so the address should be included. We went through this with a roofer that had Geo Pages. Sarah indicated that because the Geo pages are related to locations, the address needs to stay on the location pages. Additionally, if the customer is paying for additional locations, the address should be included on the page. "
"Are all links for buttons, images and text linked correctly?","Invalid: CW error marked, but feedback given is not specific to links.",Invaild,
"1. Serving Area page, not used, shouldn't be on navbar https://snipboard.io/SLIJnt.jpg",Invalid: Serving Area page is not on any nav (mega or mobile/tablet) on post-CW backup.,Invaild,"Agreed - Build Error
However there are other navigation errors, so the score won't change. "
"3. Contact page, not used, shouldn't be on navbar https://snipboard.io/SLIJnt.jpg ",Invalid: Not present on mega menu or mobile/tablet nav of post-CW backup,Invaild,"Agreed - Build Error
However there are other navigation errors, so the score won't change. "
"4. Request form, not used, shouldn't be on navbar https://snipboard.io/htdbQE.jpg",Invalid: Not present on mega menu or mobile/tablet nav of post-CW backup,Invaild,"Agreed - Build Error
However there are other navigation errors, so the score won't change. "
49: https://snipboard.io/0i76Zq.jpg GEO s/b inconsistent across tags - you can remove Area but you have to remove them across titles/descriptions.,Invalid: Sarah et al confirmed this is not the case,Valid,"This wasn't confirmed until last week or so, but this site was done at the beginning of May, when specs were different. "
The request call back button isn't linked to the anchor on the page. https://snipboard.io/KkYExV.jpg  ,it is on post-cw backup. Won't change score d/t other deductions,Valid,
Social Icons: Were the applicable social icons entered correctly and do they link to the correct page?,"CW Error marked, but no feedback given for this category",Invaild,
FWR to CW: -SAPs need to say “in” rather than “near” as they’re a service-based business.,"Invalid: Checked post CW backup, and the SAP copy meets the requirements without claiming the business has a physical location somewhere they don’t. The CWs haven’t been told they have to remove instances of “near” in the copy when working on a service-based business. ",Invaild,
 https://snipboard.io/saBRtN.jpg City not connected on SAP page,Invalid: It is connected on post-cw backup. https://snipboard.io/8iDJxK.jpg,Valid,"There are other content errors, so the score won't change."
"GEO content: multiple locations, main GEO should be the first of the largest locations, Worcester County, MA, instead of provider's residential location/town https://snipboard.io/4XbInT.jpg","Invalid: At the time this site was written, guidance was to use the location of the business as the primary geo. From https://websitespec.hibuone.com/geo-display-rules - https://snipboard.io/hcgRUP.jpg https://snipboard.io/T1i8Go.jpg",Valid,"This is in the overall site geo, not just meta. In the case of overall geos on the site, the Geo Display rules indicate it should be the largest first 
https://snipboard.io/bFSYij.jpg
https://websitespec.hibuone.com/geo-display-rules"
"1. All meta content: GEO needs to be changed with new GEO of Worcester County, MA ","Invalid: At the time this site was written, spec site required the primary geo to correspond w/ the primary business address. https://snipboard.io/hcgRUP.jpg https://snipboard.io/T1i8Go.jpg
Won't change meta score d/t other valid deductions here.",Valid,"This is in the overall site geo, not just meta. In the case of overall geos on the site, the Geo Display rules indicate it should be the largest first 
https://snipboard.io/bFSYij.jpg
https://websitespec.hibuone.com/geo-display-rules"
 https://snipboard.io/BkwEKc.jpg Free estimate callout cannot have fine print,Invalid: It makes sense that they might not allow customers to combine this with other offers. We have asked Paul for clearer definition on callouts vs. coupons and are still awaiting response. ,Valid,"Callouts don't get fine print. This should have been formatted as a coupon. Also, coupons should have a value to them, so since this doesn't, it's not a coupon and shouldn't have fine print. "
 Coupon buttons are not set up https://snipboard.io/2srRL9.jpg,"Invalid: The site does not have coupons, only callouts, and there is already a valid deduction for the callouts question",Valid,"The issue is that the CW left ""Coupon Button Text"" on the callout. It should have been updated. https://snipboard.io/LIPYru.jpg"
1. mega menu should not be so big it needs a scrollbar https://snipboard.io/270nRD.jpg CATS should not be expanded,Invalid - I think it is a build task to resolve overflow?,Invaild,This is a QAE task
49: Team - Description - ? Meta Formatting Error - Description should include the business name (Insulpro). https://snipboard.io/eb80GW.jpg ,Invalid - the spec site does not have the NOB in the description on the example for team pages: https://snipboard.io/FZsKNn.jpg,Invaild,
Do the headlines and body copy follow the writing style guidelines and best practices?,"CW Error
Invalid — No errors reported for this category.
",Invaild,
Contact page description has no motivating factors. .https://snipboard.io/aobYn1.jpg,"Invalid — Per the Spec Site, there is no requirement for mofacs in a Contact meta decription. https://websitespec.hibuone.com/title-meta-contact-location-pages",Invaild,
Header: lead-in text size must match .https://snipboard.io/CNITAM.jpg,Invalid — Font size is a Build error.,Invaild,
"Backflow Testing -  Title - ? Formatting Error - Missing the name of business in a Category title; should be ""[Keyword] | [Geo] | [Name of Business]"" .https://snipboard.io/n3Uupe.jpg  ","Invalid — Backflow Testing is a Core page that has subpages nested beneath it. It is not a Category page, so it has Core page metas instead of Cat page metas.",Valid,"Backflow Testing is a Cat Page. 
https://snipboard.io/C2YZ6e.jpg"
na,"This was not built by John Morgan, it was built by Renuka Prasad, please update the build person, thanks!",Invaild,
Hero Image Build Score,"2 pts taken for hero image, but I don't see any notes as to why and also don't see any hero images that were changed out",Invaild,
66 - Build: Mini gallery on Cat pages still has template images - https://snipboard.io/qxLDcG.jpg,"66: Checked the build save, I don't see the template gallery images, it's just the white space that was noted that couldn't be removed, gallery images connected to collections per spec.",,"There are other errors for the images, so the score won't change"
49: 7 images without alt text. https://snipboard.io/hUlsrS.jpg,"These are imported blog images, and our process does not require alt text for them.
https://snipboard.io/hUlsrS.jpg",Updated,Agreed
73 - Build: Background opacity was below 40. Opacity needs to be at minimum of 40. https://snipboard.io/wnEWJH.jpg ,73. Recommended best practice overlay opacity is 20-30%.,Updated,Agreed
"1. Septic Inspection image is a sewer system, not septic https://snipboard.io/ptYC3v.jpg
2. Septic Pump Repair image is of a sewer system, not septic https://snipboard.io/2Eiogu.jpg
3. Septic System Maintenance is a grease trap, not a septic system https://snipboard.io/Xm7lo3.jpg
4. Septic Tank Cleaning image is a sewer system, not septic https://snipboard.io/UtLr56.jpg
5. Septic Tank PUmping image is a sewer system, not septic https://snipboard.io/Axd3ZJ.jpg
6. Septic Tank Repair image is a sewer system, not septic https://snipboard.io/AbXWJH.jpg","Requesting that this be treated as feedback. Build used the best available images from the resource library that align with the content, as the service focuses on septic tanks. All images used in Build are available in the resource library and appear in search results when using the keyword ""septic.""",Valid,"A search of septic systems in the library shows a variety of images. They don't need to match the actual service, since it's hard to pin that down. The images should be of septic systems, though. 
https://snipboard.io/MnwjVK.jpg"
"Gallery from old site should be recreated since there's a CCA, over 6 customer supplied images available triggers a gallery.","As per questionnaire, there's no specific instruction to use images from existing site for Gallery.
https://snipboard.io/nZ3SLV.jpg",Updated ,Agreed - we only pull images from upsell/rebuild sites. 
Walkway installation services button led to softscape page.,Invalid - the Walkway Installation button on the home page led to the correct page on CW backup.,Updated ,Agreed - Happened during Build
social media restored on the Bolivar contact page but not added to Stockton as the URLs and pages specifically include that one city ,"Invalid - the Facebook URL was not provided on the Q for this clone and CWs are not instructed to look at the previous questionnaire for links. The facebook URL for this location is also not in Yext, so it did not auto populate.",Valid,"The Pre CW version of the cloned site has the link on the footer. https://snipboard.io/U13Qrf.jpg
The previous Contact page also has it. https://snipboard.io/sW4Fhm.jpg 
And in Listings. https://snipboard.io/H18tIs.jpg"
Video splash - video description field wasn't completed https://snipboard.io/BX6Ylj.jpg ,Invalid - CW does not fill out this field; only NOB and video summary.,Pending,Trying to get clarification from process
"multiple page descriptions and title tags, full NOB missing, LLC only gets removed when needed to keep title tags 60 characters or less .https://snipboard.io/pEHzry.jpg","Invalid — Per the Spec Site, https://websitespec.hibuone.com/title-meta-home-cat ""Do not: Include any extensions to the NOB like LLC or Inc. in any title tag or meta description."" Even if this is just the Home & CAT page in the Spec Site, this has come up in multiple meetings. James is reaching out to Paul et al. to have this clarified in the docs.",Updated ,"I see it on some pages, but not on specific pages dedicated to title and description overviews. I'm going to suggest that we have one page for titles and one for meta with an accordion menu for each page type. There's too much conflicting information. "
"
1) Home title tag should include full NOB with LLC .https://snipboard.io/wLudns.jpg abbreviated NOBs are only for attempts to stay under 60 characters in title tags .https://snipboard.io/dAZxjw.jpg
2) Serving Area Directory page description should include full NOB .https://snipboard.io/voy5U0.jpg
3) Auto Ceramic Coating SAP description should include full NOB .https://snipboard.io/JsZwLm.jpg
4) PPF Coating SAP description should include full NOB .https://snipboard.io/sG3kWA.jpg
5) About meta content should have full NOB .https://snipboard.io/B9Kd8G.jpg
6) All Service page descriptions should have full NOB
","Invalid — Per the Spec Site, https://websitespec.hibuone.com/title-meta-home-cat ""Do not: Include any extensions to the NOB like LLC or Inc. in any title tag or meta description."" Even if this is just the Home & CAT page in the Spec Site, this has come up in multiple meetings. James is reaching out to Paul et al. to have this clarified in the docs.",Updated ,"I see it on some pages, but not on specific pages dedicated to title and description overviews. I'm going to suggest that we have one page for titles and one for meta with an accordion menu for each page type. There's too much conflicting information. "
"Home h1 is redundant to the GEO, it should not use ""serving cleveland metro"" .https://snipboard.io/mTQdl1.jpg",Invalid — The H1 specifies the entire metro in ways the geo does not.,Valid,The H1 should not encompass a different geo than what's below it. The H1s are meant to relay the primary product or service for the page or site
"1) Service Area directory page description still missing full NOB .https://snipboard.io/wcVYhR.jpg
2) About meta still missing full NOB .https://snipboard.io/cjqzye.jpg 
3) FAQ meta still missing full NOB .https://snipboard.io/2OKvSH.jpg 
4) Reviews meta still missing full NOB .https://snipboard.io/HWNvnG.jpg
5) Contact meta still missing full NOB .https://snipboard.io/FjcbHQ.jpg
6) Request form meta still missing full NOB .https://snipboard.io/EVeoDv.jpg 
","Invalid — Per the Spec Site, https://websitespec.hibuone.com/title-meta-home-cat ""Do not: Include any extensions to the NOB like LLC or Inc. in any title tag or meta description."" Even if this is just the Home & CAT page in the Spec Site, this has come up in multiple meetings.  James is reaching out to Paul et al. to have this clarified in the docs.",Updated ,"I see it on some pages, but not on specific pages dedicated to title and description overviews. I'm going to suggest that we have one page for titles and one for meta with an accordion menu for each page type. There's too much conflicting information. "
Video splash - Home page meta description was not added to the video description field per process .https://snipboard.io/Iav7Cl.jpg ,"Invalid — Per the HWP Manual p. 146, this is QAE's responsibility. https://snipboard.io/aQDm73.jpg",Pending,Pilot feedback doesn't impact the agents montly totals. I'm not sure that the manual is updated. We go off the HOFO. Getting clarification from process
The about information on the About page isn't showing on mobile and tablet views. Desktop: .https://snipboard.io/mI8kW7.jpg  .https://snipboard.io/eiL51o.jpg Mobile: .https://snipboard.io/WiJLrP.jpg,Invalid — Web Writers don't check mobile and tablet views for this.,Updated,"This was hidden by Build - not sure why.

Pilot feedback doesn't impact the agents montly totals. "
The Serving Area page was left on the mobile menu. This client doesn't have a serving area page.  .https://snipboard.io/FY3sMj.jpg It was also left under the Contact page. .https://snipboard.io/0iTbIh.jpg,This should be FYI since this is the new dynamic process and this was not an issue in the previous process.,Updated,Pilot feedback doesn't impact the agents montly totals. 
Spacing in copy on core pages was inconsistent (see: space/no space before bulleted lists). - .https://snipboard.io/lqmGKN.jpg; .https://snipboard.io/XjSc8y.jpg ,"Invalid — Web Writers don't fix the template spacing.
",Updated,Fair
Tablet and mobile nav bar still has a link to the Serving Area page which is not being used since they have Geos. Changes to the desktop nav do not carry over to the tablet or mobile versions of the nav - .https://snipboard.io/56Z4r1.jpg,"This should be FYI since this is the new dynamic process and this was not an issue in the previous process.
",Valid,"Pilot feedback doesn't impact the agents montly totals, though new, I believe it was an expectation at the time of build.  Also, I think it is imperative to check all views on a site for weirdness, especially on a pilot that has some volatility. "
"Phone number on mobile header s/b Click to Call link with the phone number on the button, not a Contact link with Call Us on the text. .https://snipboard.io/GP2hqH.jpg   ","Invalid — This writer has been doing this this way for a long time without it ever being a problem before. What rule is being applied here, and where is it?",Valid,"The spec site indicates that the click to call button should be the phone number, but can be changed in amends. https://snipboard.io/MVzEPT.jpg
https://websitespec.hibuone.com/click-to-call"
"There are several areas of meta that is over character count with no reductions.  .https://snipboard.io/aUW2GF.jpg  .https://snipboard.io/4AjBcb.jpg

Spaces are needed between words. .https://snipboard.io/VwPtis.jpg

NOB isn't capitalized in the description and all titles are over character count without any reductions. .https://snipboard.io/0YnNSE.jpg  ","Invalid — These all appear to be based on the meta tool, not the metas that are actually on the site, in the collections, and visible with the SEO META in 1 CLICK extension.
https://snipboard.io/qnJY7i.jpg
https://snipboard.io/yXAuUx.jpg
https://snipboard.io/VAPKsw.jpg
https://snipboard.io/xG2we8.jpg",Updated,Pilot feedback doesn't impact the agents montly totals. Hopefully the new meta tool will help with these issues.
"Video splash - video description field wasn't updated with Home page meta description per process .https://snipboard.io/0lCNsY.jpg
","Invalid — Per the HWP Manual p. 146, this is QAE's responsibility. https://snipboard.io/aQDm73.jpg",Pending,I'm not sure that the manual is updated. We go off the HOFO. Getting clarification from process
"Home page: Questionnaire indicates PBN 4, which has icons instead of images for the copy blocks. Unclear why CW used images, no assumption left.","Invalid — Site was created with PBN 4. If current template does not match sample sites, Build should fix it. https://snipboard.io/q6SNxn.jpg",Updated,"Agreed - I've tried to get the numbers removed on older sites, but no luck. "
"Header - ""Serving Enid, OK | Woodward, OK"" changed to Located in Fairview, OK as the business has a physical location where customers can go .https://snipboard.io/b7QHSa.jpg  
","Invalid — CW followed new process and used the serving areas as provided in the questionnaire. https://snipboard.io/omEMDG.jpg
",Valid,"Since they have a single brick and mortar location and the address is displayed in Yext, we should be using the address as the heo in the header and hero.  https://snipboard.io/F5Vnhf.jpg"
"Geo in hero - ""Enid, OK | Woodward, OK"" changed to ""Fairview, OK"" as this business has a physical location where customers can go .https://snipboard.io/b7QHSa.jpg",Invalid — CW followed new process and used the serving areas as provided in the questionnaire. https://snipboard.io/omEMDG.jpg,Valid,"Since they have a single brick and mortar location and the address is displayed in Yext, we should be using the address as the geo in the header, hero, and meta  https://snipboard.io/F5Vnhf.jpg"
Video Splash - the Name of Video field wasn't completed with the name of the business and the Video Description field wasn't completed with the Home page meta description as per process .https://snipboard.io/0zx9lh.jpg ,"Invalid — Per the HWP Manual p. 146, this is QAE's responsibility. https://snipboard.io/aQDm73.jpg",Pending,I'm not sure that the manual is updated. We go off the HOFO. Getting clarification from process
Tablet and mobile Navigation menu - removed Serving Area page from menu as there are no SAP pages or active serving area directory page .https://snipboard.io/xQ0hDi.jpg,"Invalid — Unclear if this is really CW responsibility, but we're checking in an upcoming meeting.",Pending,
Video splash - Name of Video field was not completed with name of business and Video description field was not completed with Home page meta description as per process .https://snipboard.io/orvlY0.jpg ,"Invalid — Per the HWP Manual p. 146, this is QAE's responsibility. https://snipboard.io/aQDm73.jpg",Pending,I'm not sure that the manual is updated. We go off the HOFO. Getting clarification from process
Related services link box not removed for single pages: https://snipboard.io/9Upsue.jpg,Invalid: It is not present on T1 interior pages on post-CW backup: https://my.websites.hibu.com/preview/5ae7ed172d45a1c968314bed79161fd9?device=desktop,Updated ,Agreed - Build Error
"both Location pages, request forms are template version https://snipboard.io/lTEu2B.jpg","Invalid: Per the HOFO in multiple places, if request forms are not chosen as a primary or secondary CTA, which it was not for this client, Build is responsible for the contact forms on the individual location pages. Q: https://snipboard.io/Lo9lCN.jpg HOFO: https://snipboard.io/htwq58.jpg https://snipboard.io/MHYWzt.jpg https://snipboard.io/0V8ypD.jpg",Updated ,Agreed - Build Error
Serving Area: still in wrong place on navbar https://snipboard.io/qehl5X.jpg,Invalid: Liz didn't work this FWR as she was OOO - Brett Smith did: https://snipboard.io/b8WOsp.jpg,Updated ,Updated user
Some hero h2 geos had an extra comma at the end. - https://snipboard.io/apqD7V.jpg ,"For accuracy/SEO purposes, actual geo info was not incorrect. Can we please move this to copy best practices?",Updated ,
22 -  CW: Main phone number was not LM RCF. – Yext: https://snipboard.io/svTmic.jpg | RCF View: https://snipboard.io/6mEwJZ.jpg,Invalid: This appears to have been changed after CW step. Post-CW backup shows listings RCF: https://my.websites.hibu.com/preview/697621ef14e6f75f7ad5e4051e7e6282?device=desktop,Updated ,Agreed - Build Error
55 - CW: H1 and h2 geo were not connected to data on the SAP.  https://snipboard.io/VqxonD.jpg; https://snipboard.io/M6AGws.jpg,Invalid: It is connected on post-CW backup: https://my.websites.hibu.com/preview/697621ef14e6f75f7ad5e4051e7e6282?device=desktop https://snipboard.io/jp9U1S.jpg,Updated ,"Agreed - Build Error 
However, because we moved the error from line 30 to this section, the score won't change. "
" 49. Deduction: SAP pages meta description ""must read naturally and serve the user."" Both SAP pages: 24-Hour Tow Truck and Towing Services meta: Both start with ""Request a quote..."" which is fine but then the mofac is ""Free quotes for towing services"" use a different mofac as it is repetitive as written. Also, ""Immediate assistance for lockouts"" could be changed out for a mofac that's more relevant to someone searching for towing. ","Can we please FYI this? Metas follow technical specs and while this is good feedback, spec site does not forbid repetition, and this is not a distinction we've discussed as a CW group when learning metas at this pace and scale. ",Valid,The quote CTA and 24/7 services are both repeated. There are examples on the SAP of how to write the SAP meta descriptions and none of the examples or formulas have repetitive information.  https://websitespec.hibuone.com/title-meta-sap-and-geo-pages
"2. Fixed Dental Prosthetics CAT page, Reviews widget missing https://snipboard.io/wIeChf.jpg",Invalid: It's there on the post-CW backup. https://my.websites.hibu.com/preview/60ac4c248b95e9ef0545388070be6856?device=desktop,Updated ,Agreed
"Primary GEO is incorrect, for a visit type business it should be the address city, not the serving area. https://snipboard.io/DpwnYq.jpg","Inavalid: We have confirmed the new guidance with primary and second-largest serving areas from Dispatch applies to all site types, whether location-based or serving-area.",Updated ,"Fair, still a work in progress. "
"Two of the core page copy block buttons on the home page were still linked as “category,” meaning they were broken links. - https://snipboard.io/xpvwgY.jpg; https://snipboard.io/eUoJXR.jpg","Can we please FYI, since this is a new feature as part of the Pilot? ",Valid,"Since this is the pilot, the score wouldn't impact the agents monthly total.  It is good data to retain. "
"Home page buttons were still linked to /category/ while there are only core pages on this site, leading to 404 errors. - https://snipboard.io/lFUOrC.jpg ","Can we please FYI, since this is a new feature as part of the Pilot? ",Valid,"Since this is the pilot, the score wouldn't impact the agents monthly total.  It is good data to retain. "
Header and Hero GEO content should be identical (except with local ranking) https://snipboard.io/q2xlKY.jpg,"Invalid: The ""&"" vs. the pipe are OK, as long as the primary and secondary geos are the same. ",Valid,"Q: Is that located in the spec doc? I do not see that situation covered, though I can certainly be looking in the wrong place.  Ex. ""and"" replaced with ""&"" I recall, I don't remember & for |, last I heard on Tuesday Paul likes the seperation pipes."
Specialized Plumbing CAT: Sump Pump Repairs copyblock missing https://snipboard.io/wI7ZNa.jpg,"Invalid: On the CW backup, there are only three kittens under Specialized Plumbing Services, and they all have a paragraph on the Specialized Plumbing Services CAT page. The only page I can find for Sump Pump Repairs is an SAP",Updated ,"Even more interesting, LR added the page!  "
"Any mention of Traverse City needs to be changed (including FAQs) to Traverse City County, as it’s only a county rather than a town","Invalid: I spotchecked a few pages on the CW backup (including FAQs) and didn't find any mentions of ""Traverse City"" by itself. However, the local ranking keyword is ""Pest Control Services Traverse City, MI per Q224331"" so if it had been used, this seems to be OK. I'm assuming that Semify put in ""Traverse City"" throughout the site since it was optimized for that location. ",Updated ,I couldn't find any instances of it in the backup either. No LR on the site. 
SAP needs to be linked to a page on the main site.,"Invalid: Checked CW backup, and ""Pest Control"" in the first H3 is linked to the pest control page. ",Updated ,Agreed - Build Error 
Additional payment types weren't added to the contact page. https://snipboard.io/ywUVZf.jpg,Invalid: This is a build responsibility,Updated ,"This is marked as a build error 
https://snipboard.io/4tJXKz.jpg"
"Invalid: No QAE notes for this category, but marked as a ""CW and Build Error""
","Invalid: No QAE notes for this category, but marked as a ""CW and Build Error""
",,Which question?
Video splash - the video description field was not completed with Home page meta description https://snipboard.io/qw46JO.jpg ,Invalid: This is a QAE task ,Updated ,"Since this is the pilot, the score wouldn't impact the agents monthly total.  It is good data to retain. "
Meta title tag incorrect https://snipboard.io/kzLhjt.jpg,"Invalid: On CW backup, the meta title for the Home page says, ""Locksmith Services | Fort Myers, FL John A. Koons Locksmiths"" ",Updated ,Local Ranking https://snipboard.io/YX8Gb5.jpg
"1. There were some image without alt text https://snipboard.io/N1xdPf.jpg 
 2. Home page hero on mobile - adjusted h1 to avoid break in ""Maintenance"" https://snipboard.io/TjEVHO.jpg","1. Image in the screenshot is not used in the website. https://snipboard.io/N1xdPf.jpg 
2. May this be considered a technical issue? Build adjusted the width of the H1 headline on desktop only to avoid an orphan text and assumed that the mobile widget would not be affected since it has its own settings.","1. Updated 
2. Valid","1. Agreed
2. Agents should still be looking at the site to ensure alignment and spacing is correct. "
"Retaining Wall image is a property/privacy wall, not retaining https://snipboard.io/gWT0Su.jpg","Per our research, image used matches ""retaining wall"". https://snipboard.io/nmJgoU.jpg
Copilot also agrees with the image used being considered as ""retaining wall"". https://snipboard.io/u8XRby.jpg",Valid,"Those images don't match the one in the error. Per the search in the image library, retaining walls are short and usually have plants and flowers in them. They aren't meant to be tall for privacy. https://snipboard.io/NQLCS0.jpg"
ABOUT tab missing imagery with intro copy,"May this be considered as technical issue? Image was added to the About page during Build and may have been disconnected by the system. As evidence, the image is visible as uploaded in the editor at the same time Build was processing the website.
https://snipboard.io/T7kJHZ.jpg",Valid,"The image placeholder is an element in the editor. It doesn't show up if the image is not showing. If an image is not showing, there is just a white space. The presence of the placeholder means that an image was not placed there. "
"1. Concrete Retaining Walls image is stone/block wall, not concrete https://snipboard.io/TcDw6n.jpg
2. Stamped Concrete Patio image is a walkway not a patio https://snipboard.io/TdMqsx.jpg","May these be treated as feedback? Build used AI to identify these images.
https://snipboard.io/ZRyEda.jpg
https://snipboard.io/fhRzOP.jpg",Valid,Concrete retaining walls are different from concrete block. AI isn't always a good judge of these things as there is no way to know what those blocks are made from. 
https://snipboard.io/RI6k1z.jpg Call or text pop buttons are not consistent,"Call and text popup is not used in this website since the client declined using RCF.
https://snipboard.io/4AXk2L.jpg",Updated ,
"1. Gallery page - as there were no images provided and no link to an Instagram page, hid the Gallery page from navigation and removed from the mega menu per best practice https://snipboard.io/kouGQ4.jpg 
2. Our Tours CAT page - Since the page layout uses a left-side icon for the copy blocks, per the Hibu One spec site the page layout should be two copy blocks per row with a supporting image https://websitespec.hibuone.com/balancing-copy-blocks-with-icons and not changed to be three copy blocks https://snipboard.io/NtOF3L.jpg","1. The Instagram Gallery is currently displayed because it was specifically requested. Please refer to the questionnaire screenshot where the instruction to include the Instagram Gallery was provided. https://snipboard.io/yToViE.jpg
2. Assuming this is feedback only, the layout created by Build does not deviate from the established layout standards, as there is already an existing example of a three-column section.","1. Updated 
2. Valid","1. Agreed 
2. The template has 2 copyplbocks per row, but it was changed to 3. 
Template: https://snipboard.io/MrjK86.jpg
Post Build: https://snipboard.io/cfOQ3G.jpg 

Per the balancing copyblocks specs. Left Icon layouts should not move to 3 across. It should always have an image to fill the empty space. https://snipboard.io/wAz61l.jpg
https://websitespec.hibuone.com/balancing-copy-blocks-with-icons"
75: Client didn’t want address displayed on site. https://snipboard.io/DqUrVu.jpg https://snipboard.io/CH1Xha.jpg,"The questionnaire did not display the field intended for Build to determine whether the Get Directions button should be retained in the EM. As a result, the button remained visible. The process is currently being clarified.",Valid,I'm showing the question on the Build Output. https://snipboard.io/5YLPyZ.jpg
Licenses were missing.,Invalid - license information was included on About page: https://snipboard.io/MqYTO0.jpg,Updated ,
Video Splash - video description field wasn't completed with the Home page meta description per process https://snipboard.io/nvYeOL.jpg ,"Invalid - CWs only fill out the NOB and video summary fields in the widget. Per the HWP Manual pg. 146, this is a QAE task.",Updated ,We don't use the HWP manual for process. But this has been addressed and changed as of 6/22
31 - CW: Video Description is missing for the video splash. Should be copied from the Home page meta description - https://snipboard.io/7bBDHW.jpg,"Invalid - CWs only fill out the NOB and video summary fields in the widget. Per the HWP Manual p. 146, this is a QAE task.",Updated ,"Since this is the pilot, the score wouldn't impact the agents monthly total.  It is good data to retain. "
47 - CW: Buttons on mini gallery rows go to URL /gallery but the Project Gallery URL is /project-gallery so it leads to a 404 error - https://imgur.com/a/v3YB7Nf,"Invalid - CWs do not do anything with the gallery section, including buttons.",Updated ,"Since this is the pilot, the score wouldn't impact the agents monthly total.  It is good data to retain. "
Video splash - Video description field was not completed with Home page meta description https://snipboard.io/rL3eb5.jpg ,"Invalid - CWs only fill out the NOB and video summary fields in the widget. Per the HWP Manual p. 146, this is a QAE task.",Updated ,We don't use the HWP manual for process. But this has been addressed and changed as of 6/22
"Video Splash - Video description field should be the Home page meta description, not the name of the business.  https://snipboard.io/yX4mqs.jpg ","Invalid - CWs only fill out the NOB and video summary fields in the widget. Per the HWP Manual p. 146, this is a QAE task.",Updated ,We don't use the HWP manual for process. But this has been addressed and changed as of 6/22
"1. Header and Hero GEO content s/b only the largest area due to ""Three+ Locations"" policy ""If there are multiple locations in Yext, select the largest service area"" which is Central WI ",Invalid: the old policy is overridden by the 5/26 Dispatch which states we should use the primary and second-largest areas listed on questionnaire (for all site types) ,Valid,"There is no second-largest service area on the questionnaire, so shouldn't it just be the first area? https://snipboard.io/2bE431.jpg
"
"2. Facebook URL in questionnaire worked fine, unclear why CW assumption said it didn't work ",Invalid: This is what I see when I try to go to the link in Q225773 - https://snipboard.io/zj43sq.jpg,Valid,"I had no issues getting into it, either. https://snipboard.io/ZyqPdB.jpg
https://www.facebook.com/profile.php?id=100082908623749#"
"1. Appliance Repair H1 ""Fast Action Appliance Repair"" uses a shortened version of the NOB that was not approved. https://snipboard.io/EPaprs.jpg","Invalid: The H1 isn't using a shortened NOB. It could be seen as a PLAY on the NOB, but that's never been prohibited, and the words ""fast action"" are not exclusive to this business. It's legitimate to assume this business takes fast action to repair your applicances (which would be in title case for an H1). ",Valid,"Fast Action is also considered a power word/phrase, which we no longer use in H1s. Simply ""Appliance Repair"" is more suitable."
" https://imgur.com/a/cu8ZQ6o The formula used for services pages was [Action Verb] keyword, similar keyword at [NOB]. H3 Motivating factor. CTA (space permitting). However not all of the service pages descriptions had 2 KWs. ","Invalid: On the same page, the spec site also says ""These are starting points, not rigid formulas."" - the meta description shown follows the spirit of the formula very well, and at 149 characters there is not much room for another keyword. Deck painting is also a straightforward enough service that another keyword isn't needed to describe it. 

https://websitespec.hibuone.com/title-meta-core-product-service-page#:~:text=These%20are%20starting%20points%2C%20not%20rigid%20formulas.%20The%20description%20must%20read%20naturally%20and%20serve%20the%20user.",Updated ,
" https://imgur.com/a/ZpY7csK All of the descriptions for the services meta did not have 2 KWs when the format used was [Action Verb] keyword, similar keyword at [NOB]. H3 Motivating factor. CTA (space permitting).",Same comment as above. ,Updated ,
Is the Contact/Location page set up correctly?,"Invalid: CW Error marked, but Pages Section Notes say ""na"" ",Updated ,
"Contact: ""and surrounding areas"" s/b linked to Service Areas page https://snipboard.io/WrC3G2.jpg ","Invalid: We only link that text in the footer, not the contact page.",Done,"There is another linking error, so the score won't change. "
The Gallery title does not get Geo treatment. Gallery of Projects | Premier Ag Supply | KY ,"Invalid - Build responsibility
Feedback for QAE: Please include screenshots of meta errors to avoid AMs having to restore site backups. 
",Done,"It's QAE responsibility, so I'll remind the team. 

There are other meta errors, so the score won't change."
"Request CTA button in Mobile header directs to a dead Request form page that isn’t requested. 
All service tab buttons on Home CAT should read “Learn More” not “Contact Us”
","Invalid: Both of these appear to be changes made by Build. Post-CW backup shows ""learn more"" on copy block buttons and no ""contact us"" button in Header. 
Post-CW: https://my.websites.hibu.com/preview/25d6eee1f0f635a8a16c16e2e0912ce6?device=desktop
Post-Build: https://my.websites.hibu.com/preview/03c3208a259b38eda47d046b9e78d899?device=desktop",Done,"The header on the mobile has the Request CTA button in it.  https://snipboard.io/4BfKkA.jpg

The second issue is a build error, but with the other error, the score won't change. "
"Geo in header and hero - because this is a business with a location where customers can go, changed to ""Located in Laona, WI"" in header and ""Laona, WI"" in hero https://snipboard.io/liepc3.jpg ",Invalid - all sites get service areas now per the 5/26 dispatch update: https://snipboard.io/jeGO2K.jpg,Updated ,"Doesn't make sense to me, but agreed. I think there was some clarification with DSC on when to use this, but at the time of the QAE, we just had to go with it. 

Also, this is a dynamic site and it won't impact the agent's score."
Video splash - Video description field was not completed with home page meta description per process https://snipboard.io/9CoHdt.jpg ,Invalid - this task was not clarified to be CW task at the time of site build; an upcoming dispatch will delegate this task to CW.,Updated ,
Q225773 facebook missing despite CW assumption that it's added https://snipboard.io/mU0pau.jpg ,Invalid - the facebook link is present on CW backup.,Updated ,"It's weird because it's on the CW backup, but not the Pre Build backup. "
Before and after gallery should be linked to the before and after anchor in the gallery because the gallery contains office photos as well. ,"Invalid - galleries are a build task, the anchor was not set up yet at CW stage.",Updated ,
"Hours widget should be removed, this is a service business https://snipboard.io/CTcE5H.jpg ",Invalid - hours widget was removed on CW backup.,Updated,"Agreed - Build error
Also, this is a dynamic site and it won't impact the agent's score."
Is the AI generated copy organized logically and easy to read?,Invalid - could not find an error; no notes that fit this category.,Updated,
Serving Area page: CTA button missing. QA added per 5/5 update training and hibu one spec site.,Invalid - the page introduction content standards page on the spec site says a CTA or phone number are not required: https://snipboard.io/fvZAeK.jpg,Updated,Agreed
New SAP page URLs do not follow current formatting: https://snipboard.io/n2XFE1.jpg,Valid but invalid category - should be Is the Page URL (Permalink) set up correctly for each page?,Updated,"Logical, adjusted"
Attic Insulation Company SAP indicated in the subscriptions and the CO was no generated for the site. https://snipboard.io/t9I4dn.jpg ,"Invalid - the SAP is present on CW backup. This is a clone, so QAE might have looked at previous site?",n/a,"I wonder if we fixed it after the FWR, both have 100% for the CW on my end"
"Request Button Text is listed as ""Request Service"" (https://snipboard.io/UqnC5r.jpg). Should be ""Request Estimate"". Updated button text.","Same as request form error, do we need to deduct twice for mistaking the CTA? ",Updated,
"Gallery page META description references pricing guide instead of gallery (https://snipboard.io/X6OPaE.jpg). Changed ""Check out Custom Decks' pricing guide for decks & patios in Denver, CO."" to ""Check out Custom Decks' gallery to view recent deck and patio projects in Denver, CO.""",Invalid: Gallery metas are QAE's responsibility.,Done,"There are other meta errors, so the score won't change
Also, this is a dynamic site and it won't impact the agent's score."
 https://imgur.com/a/6TTTQhr The footer should not be the hybrid since you have to visit this business. ,"Invalid: CW left an assumption about this: ""This is a location-based business, but a hybrid footer was used to satisfy the Serving Area pages."" - CW AMs have told writers this is a valid approach when a location-based business purchases SAPs. Additionally, this business DOES offer delivery, meaning they are hybrid. Q225296",Updated,"We defintely should have seen the assumption, but the hybrid footer doesn't need to be used if there are no services where they travel to the customer. We've seen ""and surrounding areas"" linked under the address. "
  https://imgur.com/a/wdxvsAM The first H3 on the Harley Davidson Minnesota SAP does not use the full KW.,"Invalid: The H3 contains the primary ""service category"" (per spec site) for the page. H3 reads: ""Harley Davidson Service Across [City], MN"". Adding ""Minnesota"" for full keyword would have made the H3 awkward and redundant. ",Updated,"If the SAP is adjusted to prevent rendundancy, please leave an assumption so we have a heads up. "
Address/Service Area:  Is the address and service area listed correctly?,"Invalid: CW Error marked, but Basic Business Info Notes say n/a",Updated,
Video splash - Video description field not completed with home page meta description per process https://snipboard.io/nmWpyL.jpg ,Invalid: That was not added to CWs' process until 6/22,Updated,
"Under Why Choose - ""Tours Offered Designed for Active Senior Adults"" changed to ""Tours Designed for Active Senior Adults"" ","Invalid: Not an error - CW used ""offered"" so as not to imply ALL their tours are designed for seniors. ",Valid,"The grammar is off. If the implication is that it's not all tours, it could be ""Select Tours Designed for Active Seniors"""
"Team page - ""Meet Our Tour Director"" changed to ""Meet Our Tour Directors"" to match the style of the supporting copy https://snipboard.io/iutmjL.jpg ","Invalid: On the post-CW backup, there is only one tour director listed",Valid,"The implication is that the paragraph above mentions plural travel professionals, so the travel directors should also be plural. "
1. Home page description needs at least 2 motivating factors https://snipboard.io/oztd6C.jpg,"Invalid: Homepage formula calls for at least ONE motivating factor: https://snipboard.io/HU1wD2.jpg
from https://websitespec.hibuone.com/title-meta-home-cat
",Done,"Since only 99 characters were used on the description, a second motivating factor could have been used to fill out the description more. The guidlines say ""at least one"", so more is allowed. Since there are other meta errors, so the score won't change. "
NOB misspelling: https://snipboard.io/NDX1ca.jpg,Invalid: NOB isn't misspelled in this screenshot. Inc is never used in metas. ,Valid,"The NOB is Modern Drywall. 
The screenshot says ""Modery"" https://snipboard.io/n4XEfb.jpg"
21: GEO s/b the location as client has a showroom and ppl visit the location. Hybrid business but services seem minor compared to products. https://snipboard.io/5QqP9X.jpg https://snipboard.io/COQjId.jpg https://snipboard.io/LRmabI.jpg,"Invalid: CWs have to follow the primary (and ""next-largest"" when one exists) serving area fields regardless of the type of business. https://snipboard.io/U4TurK.jpg",Updated,
49: Comparison Chart - Description - ? Formatting Error - Missing the name of the business. https://snipboard.io/I5hOT1.jpg,"Invalid: From https://websitespec.hibuone.com/title-meta-out-of-norm-pages, OON pages get the NOB only in the title tag, not the meta description. https://snipboard.io/PB6Zfq.jpg",Valid,"The description section of the Out of Norm pages of the spec site shows the NOB in the description. 
https://snipboard.io/eEp6ia.jpg"
   57: Showroom copy block repeats twice. https://snipboard.io/61qist.jpg ,Invalid: Not on post-CW backup: https://snipboard.io/4xtX0L.jpg,Updated,Agreed - Build error
" Facial Treatments East Cobb, GA page - ""…for patients serving the East Cobb, GA area"" changed to ""…for patients in the East Cobb, GA area"" https://snipboard.io/MudgZ0.jpg",Invalid: Not an error,Valid,"The sentence structure makes it sound like the patients are serving the East Cobb area 
https://snipboard.io/SNdyc2.jpg"
"Motivating Factors - ""Multiple Certifications"" changed to ""Botox, Implant, & TMJ Certified"" https://snipboard.io/uc0UMW.jpg  ",Invalid: Not an error,,"Not strictly an error, but it's always better to specify things like certifications and licensing. There are other errors that won't change the score. "
" Facial Treatments Vinings, GA page - changes to text to include located in Marietta, GA text per best practice https://snipboard.io/lLt9Cz.jpg ","Invalid: Post-CW backup mentions Marietta, GA: https://snipboard.io/9kGBDs.jpg",Valid,"It mentions Marietta, but not that the office is located there. Other Geo pages specifically say ""located in""
https://snipboard.io/elt5Ab.jpg"
"Home page - Under Aesthetic Services - ""Our Botox certified team …"" changed to ""Our Botox-certified team …"" https://snipboard.io/XgEW6k.jpg

 under Restorative Dentistry - ""…provide TMJ certified treatment …"" changed to ""…provide TMJ-certified treatment …"" https://snipboard.io/PFXVJN.jpg 
","I have always been under the impression that Hibu is not this paricular about hyphens, and that consistency is most important. CW was consistent. ",Valid,Hyphens still need to be used where they should be. And they should be consistent. 
"Exomind page - h1 in hero ""Exomind"" changed to ""Exomind Treatments""; content of the page doesn't apply to the subject of the page.

 https://imgur.com/a/uI2aD4p  Hyper Pigmentation page - should be one word Hyperpigmentation - content on the page doesn't apply to the subject of the page. Hyperpigmentation relates to skin, not teeth.

Invisia page - the content on the page doesn't match the subject. The page is Invisia , not Invisalign. As this is a page under Aesthetics, presume the content should relate to skin treatment, not teeth.

   Emface page - h1 in hero ""Emface Treatment"" changed to ""Emface Treatments""  Exion page - h1 in hero ""Exion"" changed to ""Exion Treatments"" https://snipboard.io/TyiqMe.jpg","While it would be nice if writers were given time to research clients and their more obscure services, that is not the current process. With no info on the questionnaire, the guidance from above is to ""trust the AI."" This level of information is not something writers can be reasonably expected to know or research. ",Valid,"I feel like this could be addressed in an FIR for content from the DSC. If we're not sure what it is, we shouldn't include that content in the site. I have seen situations where the page isn't created as we don't have the content or reference for the content. Especially if the FIR is not answered accurately. 

The last thing we want is a totally irrelevant page of content for a service that the customer offers. "
Do the page names (navigation menu) follow best practices?,"Invalid: None of this feedback is about actual page names or navigation labels. H1s are different from page names (a type of headline), and QAE did not update page any names.",Updated,
The single pages are not added to the menu: https://snipboard.io/A2IrVM.jpg,Invalid: Those single pages shown are all utility pages; only service pages are required to be in the mega menu.,Updated,
Callouts: Are the callouts appropriate for the page and set up correctly?,Invalid: CW error marked; no feedback for this category,Updated,
Was the content used in the site per questionnaire instructions?,Invalid: No feedback for this category,Valid,The SAP for Plumbing is about headting and AC https://snipboard.io/U36Zkp.jpg
TURF SERVICES CAT – Turf Pest Control copy block Learn More button directs to Tree Pest Control. It is misdirected on the live site as well.,Invalid: This case was only to add SAPs - checking links on CAT pages is not part of the CW process on this clone case,Updated,
 https://imgur.com/a/aE81CUS Venmo and Cash App were not added to the payments. ,Invalid: CW added them to About page per process: https://my.websites.hibu.com/preview/d4472eca2269d21f9f1873a13becb2ad?device=desktop,Updated,
"1. Contact: Q226869 customers do not visit, so no pinpoint map https://snipboard.io/5hP4a0.jpg",There is no map on post-CW backup: https://my.websites.hibu.com/preview/966cc6d5f41a2e703376a567867e6a44?device=desktop,Updated,Agreed - Build Error
"1. Contact: ""and surrounding areas"" s/b links to Service Areas page https://snipboard.io/b5OqLr.jpg ",Invalid: We only link that text in the site footer,Done,"There are other linking errors, so the score won't change. "
"1. Contact: serving area still not linked, https://snipboard.io/vDl7CR.jpg QA adjusted https://snipboard.io/rvzDFQ.jpg ",Invalid: Not part of spec,Done,"There are other linking errors, so the score won't change. "
2. https://imgur.com/a/yzvj41t Text in the header is not balanced.,"2.As per checking, header elements are aligned in Build's post backup. https://snipboard.io/cD1xKs.jpg
",Updated,
Electric Bicycles for Sale SAP image not clearly an electric bike https://snipboard.io/HKrdIs.jpg,"The image was taken from the client's existing website
https://www.fcbikeshop.com/general-1
https://snipboard.io/BEijSR.jpg
and this product page
https://www.specialized.com/us/en/turbo-creo-2-comp-e5-sram-apex-eagle/p/4221861?color=5383373-4221861
was also used as a reference, which identifies the bike as an e-bike.",Updated,
Multiple images were missing alt text https://snipboard.io/9Gsx3e.jpg,"Can this be classified as a technical issue? Build had added the alt text using the Generate Alt Text button in the widget, ensuring that all images had their own alt text. A screenshot has been provided showing that the image identified by QA as missing alt text did have alt text during the initial build.
https://snipboard.io/EDW1hy.jpg, https://snipboard.io/vqeCnO.jpg",Updated,
67: The client requested red and blue for the site colors and red wasn't used nor are there assumptions regarding the red color. https://snipboard.io/Nhfbm5.jpg https://snipboard.io/1tjvQr.jpg https://snipboard.io/5njOJX.jpg,"The colors were taken directly from the client's logo, as our process is to use the logo's color palette to maintain brand consistency. Since the logo did not include any red, no red elements were incorporated into the design.
https://snipboard.io/kNoZ43.jpg",Updated,"Understood that the logo colors did not contain red, but it is okay to use that color (red) as an accent on the site since it won't look out of place and it fulfills the customer request. We'll mark this as an FYI for now, but make sure assumptions are left in the future. "
Related Services widget not on Commercial Demolition and Excavation pages/kittens. https://snipboard.io/4k0Z8X.jpg https://snipboard.io/rzh6Ey.jpg ,Invalid: CW backup shows that the Related Services widget is included on both pages.,Updated,Agreed - Happened during build
Where Asbestos Is Found copy block is not on the Asbestos Removal CAT. https://snipboard.io/WGg15F.jpg,"Invalid: CW backup shows a third row of content that includes the ""Where Absestos Is Found"" copyblock and ""Learn More"" button.",Updated,Agreed - Happened during build
"Geo in header and hero ""Lehigh County, PA | Bucks County, PA"" changed to ""Lehigh & Bucks Counties, PA"" https://snipboard.io/QGyIte.jpg  

About page - ""…serving Lehigh County and Bucks County …"" changed to ""…serving Lehigh and Bucks counties …"" https://snipboard.io/Lbw8Z2.jpg ","Invalid: Using the pipe to separate primary and secondary service areas follows spec. CW used pipe on the CW backup. 

Invalid: Both are correct ways to phrase this. This isn't a spelling/grammar error.",Updated,
Contact page: additional ACH payment from About page missing https://snipboard.io/I3EAeT.jpg ,"Invalid: This was marked as a CW error, but adding the payment methods to the Contact page is a Build responsibility. ",Updated,
Metal Fabrication service page shouldn't have related links with entire menu https://snipboard.io/fCkV9P.jpg ,"Invalid: On the CW backup, the metal fabrication page doesn't have a related services menu, because it's part of the top level navigation.",Updated,Agreed - Happened during build
Asphalt Paving SAP title tag not connected https://snipboard.io/HjTLKA.jpg,"Invalid: On the CW backup, the connection is there and it pulls in the geo of ""New Orleans, LA."" I think the connection broke after this went to Build and needed to be refreshed.",Updated,
SAP page description needs NOB https://snipboard.io/rZ9tuM.jpg https://snipboard.io/e42Qzi.jpg,"Invalid: On the CW, the meta description for Fire Features includes NOB. ""Call Huser's Outdoor Design + Build for fire features."" Similarly, the Outdoor Kitchens page also includes the NOB in the meta description on the CW backup. ""Call Huser's Outdoor Design + Build for an outdoor kitchen builder.""",Valid,"Post CW Backup does not have the NOB in any of the SAP descriptions: 
Fire Features: https://snipboard.io/8lpQL9.jpg
Hardscaping: https://snipboard.io/gk5CYv.jpg
Landscaping: https://snipboard.io/0Bk2Dv.jp
Outdoor Kitchen: https://snipboard.io/bL69AU.jpg
Outdoor Living: https://snipboard.io/YAufPD.jpg"
"Home copy blocks were for all of the menu anchors, so there were over 15 copy blocks on the home page. The home copy blocks format should have been for Catering, Delivery, and Menu. ","Invalid: Per Spec Site on Restaurant Menu Pages, all menu categories should have their own copy block on the Home page to help diners quickly understand the restaurant's offerings and ensure the Homepage fills its role as the top-level category hub. https://websitespec.hibuone.com/restaurant-menu-pages",Updated,
"Build assumption: ""No CCA is available, so we cannot pull images from the existing website."" however, Build doesn't need a CCA for Facebook and Instagram. Please build a gallery with those images.","There was no specific request to create a gallery page using Facebook images. This should be explicitly requested, along with details about which images should be used. https://snipboard.io/VMv9Ho.jpg",Pending,"There are instructions to pull images from FB in the images section of the questionnaire. https://snipboard.io/Vp1hqO.jpg
Clarifying with training and process if the customer needs to specify specific images or if a reference to the FB account is enough. That first bullet point is confusing. "
Customer supplied assets were supplied on 06/19/26 and include an image with pricing (0AC747C8-699B-4D71-8D34-B4D7533E8B82.jpeg). FWR to Copy to create a Specials and Pricing page as requested.,Invalid - no notes from DSC on the Q regarding where to find and place additional info so CW did not know to look for/use the info. It is not CW process to look for content in files unless instructed to do so. ,Updated,"That is fair.  There was no direction, and the files all had those brutal names, and they were image files, I am glad we found it and kick it over, but agree that it was DSC error and not the CW missing something. "
"The service pages in the description use the format  [Action Verb] keyword, similar keyword at [NOB]. Motivating factor. CTA (space permitting). — This approach works well for transactional pages where user intent is to purchase or hire. However, there are not 2 KWs in the descriptions. Counting the KWs is something the AI tool will always miss. ","Invalid - Per ""These are starting points, not rigid formulas. The description must read naturally and serve the user"" in the same set of rules (https://websitespec.hibuone.com/title-meta-core-product-service-page) and a clarifying conversation I had with James on 6/16 regarding FWRs for this issue, two keywords are not explictly required.",Updated,FYI for this error (others listed)
"Serving Area Directory page title tag ""Contractor"" too generic .https://snipboard.io/HmCuai.jpg","Invalid — Serving Area page covers door installation, flooring, gutters, roofing, siding, and windows. Contractor is broad, but this one offers a broad range of services.",Valid,"Agreed with concept, disagree with execution. Contractor is too broad and a weak term by itself, add something like ""Home Improvement Contractor"" and you are back in the game. "
Home H1 should not include GEO content as it's right below .https://snipboard.io/uKk1cs.jpg,"Invalid — This is not a real rule, and this H1 covers a broader area than the 2 counties listed below it. ",Updated,"It should be a thing...but maybe not the side you'd expect.  This is actually very clever, and a ""real"" practice, just not commonly done at the 'bu (because no one mentioned it).  It works because they are going for two different things - the h1 is hitting the wider area while the h2 handles the local one.  This is a good technique that Hibu doesn't really touch on.  Let's bring it up on Tuesday, sounds like a smart way to do complex coverage... In my head, I see like 5 bullets, it will be 23 pages...  "
"Some of the service page descriptions did not have 2 KWs for example the alterations page. When using the format  [Action Verb] keyword, similar keyword at [NOB]. Motivating factor. CTA (space permitting). There has to be two KWs. ","Invalid - Per ""These are starting points, not rigid formulas. The description must read naturally and serve the user"" in the same set of rules (https://websitespec.hibuone.com/title-meta-core-product-service-page) and a clarifying conversation I had with James on 6/16 regarding FWRs for this issue, two keywords are not explictly required.",Updated,"I went from the bottom up, the rest of these will be FYI's until we get some better guidance (I still don't hate the other option advisement below if they can)."
Gutter Installation SAP: CW adjusted URL but did not reconnect hero image .https://snipboard.io/lMdc9X.jpg,"Invalid for Anna Lahey — This FWR was worked by Lauren Schugg.
",Adjusted,Adjusted
.https://imgur.com/a/VcdJaw3 All of the service page descriptions did not have 2 KW in them. ,"Invalid - Per ""These are starting points, not rigid formulas. The description must read naturally and serve the user"" in the same set of rules (https://websitespec.hibuone.com/title-meta-core-product-service-page) and a clarifying conversation I had with James on 6/16 regarding FWRs for this issue, two keywords are not explictly required.","I didn't see an error, unless I fixed it subconciously.  40% chance. ","Just adding more insight.  It can be tricky, esp with the ""starting point"" verbiage.  ""Okay, where is the line?""  There isn't always a great second KW - We didn't talk solutions, until we get something official in the docs we want to use the ""Question"" opening when you don't have a second KW, that one works best because the second KW is optional in that instance.  - JC"
Concrete Contractor SAP needs 1st paragraph related page text link .https://snipboard.io/pIgVc3.jpg,"Invalid — the words ""concrete work"" are linked in the first paragraph right below the H3 in the snipboard provided by QAE.
",Updated,"Agreed, we were having some visibility issues on our monitor. On mine, slaps me in the eyes."
"Home page intro blocks should only feature CATs, not anchor points. https://snipboard.io/v86O2q.jpg","Invalid: When there are menu category landing pages, the individual menu categories need to be listed on the Home page. This is from the spec site. https://websitespec.hibuone.com/restaurant-menu-pages",Updated,Agreed and adjusted
Exhaust Manifold image indistinguishable https://snipboard.io/tcPFkD.jpg,The tube part is clearly the focus of the image and is the main part of an exhaust manifold. https://snipboard.io/AQsSkB.jpg,Updated,"While that is an image of a manifold, I feel like it's too closely cropped. Including more of the engine block and centering the manifold will give the image more context. "
"63. Deck Builder SAP page: It appears the builder is in his bare feet which doesn't look professional so changed out the image: https://snipboard.io/UVOfDN.jpg
75. Build left an assumption that even though the pinpoint map was requested, CW assumption said client is primarily a service business so no map added. Similarly, no Get Directions button should be added, so QA removed from EM. https://snipboard.io/iHZDAm.jpg Also, client wanted SMS texting so use their mobile number 8167038961 for text button on EM. https://snipboard.io/8gG7CY.jpg","Can this be tagged as suggestion.
1. The image used is appropriate. Although the individual is barefoot, this does not negatively affect the overall quality or purpose of the image. He was actively staining the deck, and wearing shoes during this process could track dirt and debris onto the freshly treated surface. Being barefoot was a practical choice for the task and should not be considered an issue with the image.
2. The assumption left by build was for the map only since it was also stated by CW on the assumption. However for the engagement menu build still follow the standard process that when the physical location was set to ""yes"" Get direction button in engagement menu should be added. https://snipboard.io/M8RpfN.jpg.
3. Updating the Engagement Menu link was not included as part of the build task since this is done in KG. Additionally, a different phone number cannot be manually added to the Engagement Menu, as this is not supported by the standard build process.",Valid,"1. The US has stringent labor and safety laws. We don't allow any professional home improvement work to be done barefoot. Especially when dealing with heavy materials, power tools, and sharp fasteners during deck construction. Using an image where workers don't follow safety laws implies the business isn't professional.

2. The screenshot provided is not the same business. However, the assumption left implies that the build agent followed the assumptions of CW. If the map and Get Directions button is left off the site, it should not be on the Engagement Menu."
"1. Location pages template text https://snipboard.io/fM530b.jpg 
2. Contact pages, additional payment type missing Q228492 ","1. Unused Yext fields should disappear from live site
2. Build adds this to contact pages",Updated/Valid,"Traditional site, fair. On location pages, CW would do the Yext stuff, Build would do the icons.  Holiday - agreed"
"57. Serving Area intro: Please refer to hibuone spec site for specifics on Serving Area intro. https://websitespec.hibuone.com/page-introduction-content-standards#SAPDirectoryIntro In particular, the headline should not list an individual city, ST, refer to the broader area, in headline and copy. 

Also, per hibu one spec site and 5/5 update training: Add a CTA button this is CW's job and can either be Contact Us or Request CTA, please add. https://snipboard.io/0di1kh.jpg Also, Career page needs a CTA in the intro, can be text link. Add text-linked CTA to About page intro. 

Per the 5/5 update training, each SAP page needs an internal link in the first paragraph that links to a core page of the same topic. If no core page has similar topic, link to a CAT page. In this case, consider linking """"mobile truck and trailer repair"""" at the end of the first copy block to the mobile truck and trailer services CAT page. https://snipboard.io/cqODK0.jpg ""
","This all reads like copy best practices to me. Can we have a category adjustment, please?",Updated,"Updated the error. FYI, there are also linking errors that should have been counted separately, but we left those as is to avoid adding more errors during the rebuttal process. "
"1. Home H1 unclear, should directly describe services ""Professional Roofing and Related Services""  ","Good feedback, but I don't agree that this is unclear enough to constitute an error.",Updated,"There are several services laid out on the site of what this business does. They should be included in the Home H1. ""related services"" is not clear enough.
https://snipboard.io/cb2CpM.jpg
Spec Site: https://websitespec.hibuone.com/hero"
"2. Q230536 page name request not followed, no assumption ",The request is for a gallery page; this is now a Build responsibility,Updated,
header content: inconsistent fonts and sizes https://snipboard.io/wC4hE3.jpg,"Requesting that this be treated as feedback. Based on our review of CW's backup, the font size has been kept the same as what we originally received. The font styling appears different because the text widget being used is a heading, which we did not notice since this is not the expected outcome for the header elements.
https://snipboard.io/RJ9Y04.jpg
https://snipboard.io/rS2hM0.jpg",Valid,"It is a build responsibility to adjust fonts and sizes to be consistent. CW could have added content, but your teams size and color them correctly."
"3. https://imgur.com/a/J1KiDmL The geo and phone number are not balanced in the header.
4. https://imgur.com/a/WgRjg0A Daily Living Aids icon shows silverware, while the copy block does say utensils these are not the main ones that this service would sell. We need the icon to show for sure that it is a medical item.
5. https://imgur.com/a/v2AioUt The Complex Medical Equipment hero is not clear on what the device is.","3. Upon checking Build's backup, text elements are aligned properly. https://snipboard.io/v3Ds0k.jpg
4. The icon used is appropriate, as it matches the kitchen and dining tools and adaptive eating utensils featured on the page. https://snipboard.io/b60UWT.jpg
5. The image used depicts a recognized component of a power wheelchair, which is one of the products listed on the page. https://snipboard.io/f7dZbt.jpg https://snipboard.io/9qMP2n.jpg","1. Fair
2. Valid","1. Fair
2. this could be any piece of equipment that uses a joystick. There are a variety of power chair images in the library."
"41: The Gallery page should have been hidden as there are no images yet. Images will be imported from IG. The Gallery page should also have been named ""Instagram Gallery"" instead of just ""Gallery."" https://snipboard.io/AQDm6G.jpg",The update regarding IG gallery is for Hibu One Websites created on and after June 22. This website was sent to build on 6/18/26 https://snipboard.io/9d3NOf.jpg,,
SAP meta descriptions don’t follow correct format.,Invalid: No screenshot or specific feedback on what is being considered incorrect.,Updated,Looks like the NOB thing from the other one. Fair
SAP page descriptions should include NOB https://snipboard.io/or7Pzn.jpg ,"Invalid: On the spec site, the ""schedule/request opening"" meta does not include the NOB, which indicates it is not strictly required - this would make sense becauses the NOB is already in the title tag for the SAP, and on other pages it's in one or the other, not both.",Updated,Fair
40: FWR to CW: Please create a generic careers page with a standard career/application form. ,"Last we discussed this (QAE and CW leadership, possibly +others) it seemed we were aligned that we didn't like the idea of ""faking"" our way through any utility pages. CW left an assumption, and I'm not seeing anything on spec site re: which pages are allowed or required to be built with generic content.",TBD,"I thought we were doing this as well, worth a mention on the Tuesday call. "
 https://imgur.com/a/qLqHF7r There was no info given on the Q for the support ticket page. The form that was pulled in from the old site had filler text and no assumption for build to look at the form. Since it is not mentioned on the Q there is not an expectation for build to check the old site.  ,"Invalid: We look at clients' previous sites all the time, especially when no info is provided on the questionnaire. My understanding is this is preferable over omitting pages, which affects billing and creates more work for other teams. While a note mentioning Build in the CW's assumption would have been ideal, Build teams s/b aware that contact forms beyond hero and request page are their responsibility.",Updated,"Proactive is great, and no error due to the effort, but Build tends to be very black and white - if it isn't on teh Q they'll assume it was a CW thing. "
home H1 should not be the NOB https://snipboard.io/rI9Wmf.jpg,"If the NOB contains main keyword(s), what's the harm? I was unable to find a published rule against this.",Updated,"I think that is okay, will confirm"
SAP directory content needs NOB mentioned https://snipboard.io/ebcKR3.jpg,Invalid: NOB is not mentioned as a requirement anywhere on this page of spec site: https://websitespec.hibuone.com/page-introduction-content-standards#SAPDirectoryIntro,Valid,"The NOB should appear once per page in the copy somewhere.  Re: ""Consistant use of the NOB"". https://websitespec.hibuone.com/common-things-to-look-for"
Serving Area intro section should include NOB https://snipboard.io/RV5uca.jpg,Invalid: NOB is not mentioned as a requirement: https://websitespec.hibuone.com/page-introduction-content-standards#SAPDirectoryIntro,Valid,"The NOB should appear once per page in the copy somewhere.  Re: ""Consistant use of the NOB"". https://websitespec.hibuone.com/common-things-to-look-for"
"Header phone lead-in request not followed Q228619 ""please say ""Call or Text"" and the phone number"" ","Invalid: We are only permitted to use ""call or text"" lead-ins when the client has a textable RCF. This client does not. https://snipboard.io/uHfs6m.jpg",Updated,Looks like they requested one on the questionnaire but DSC failed to set them up correctly in the dashboard.  CW did leave a perfect assumption.
"1. Header phone lead-in still not adjusted as per Q228619 ""please say ""Call or Text"" and the phone number"" c",Invalid: Not permitted without textable RCF. ,Updated,Looks like they requested one on the questionnaire but DSC failed to set them up correctly in the dashboard.  CW did leave a perfect assumption.
Home H1 should not be the NOB https://snipboard.io/zwFUa3.jpg,"If the NOB contains main keyword(s), what's the harm? I was unable to find a published rule against this.",NA,"Unconventional, but since it does have the KW's - fair.  I think they came to the same conclusion, looks like they adjusted it. "
 .https://imgur.com/a/ROtI7V1 The service pages that were not LR did not have 2 KWs in their description. Counting KWs is something the tool will always miss.   On the hot tub page the additional KW should only be added if it fits without having to delete the comma or pipes.,"Invalid — This is the two keyword issue that's being investigated.
",Done,"There is another meta error, so the score won't change."
Foot phone for primary location is a 610 template number .https://snipboard.io/UVDJ2f.jpg,Invalid — Footer phone is correct in CW backup. https://snipboard.io/lm8cia.jpg,Updated,Agreed - I think it was disconnected from Yext
Venmo missing from payments on About page. .https://snipboard.io/kvU3C7.jpg,Invalid — Venmo is present in the CW backup. https://snipboard.io/tER5vG.jpg,Updated,Agreed - Build Error
".https://imgur.com/a/q3ITJG2 Additional Payment methods were not added to the location page.
",Invalid — This is a Build task.,Valid. ,There are two places to add the payments. The About section also doesn't have the payment options. https://snipboard.io/owuaFS.jpg
.https://imgur.com/a/TQ6REkK Home description did not have 2 KWs. Service page description did not have 2 KWs when the verb format was used.,Invalid — This is the two keyword issue that's being investigated.,Updated,
.https://imgur.com/a/pUTncL9 The phone numbers in the footer were not both bold. ,"Invalid — This is a Build task.
",Updated,
ACH was not added to the payment options on the About page: .https://snipboard.io/Z6xjla.jpg QA added.,Invalid — ACH is present in the CW backup. https://snipboard.io/NoTQJu.jpg,Updated,Agreed - happened during build
.https://imgur.com/a/Z7U9Sf8 The Homepage description does not have 2 KWs.   Service description does not have 2 KWs.  Repiping has the & glitch.,Invalid — This is the two keyword issue that's being investigated.,Updated,
 Some of the CAT for example Drywall Repairs page did not have 2 KW in their description. ,Invalid — This is the two keyword issue that's being investigated.,Updated,
"Mentioning ""over 5000 5-star reviews"" is against hibu policy. .https://snipboard.io/mE5If6.jpg .https://snipboard.io/RoKtAk.jpg  Too many instances for all screenshots.",Invalid — This is not a real rule.,Done,"We had a rule back in the day that if they can't quantify claims like that (or an A+ BBB rating, etc.), we can't include it on the site. I guess it's not a thing anymore. Since there are other errors, the score won't change."
1. Callouts - bolded call to action text so it stands out from body text https://snipboard.io/p1HPXv.jpg 2. adjusted the size of the Reviews button for mobile https://snipboard.io/v2kc3g.jpg,"1. I remember this being discussed in the meeting somewhere, but is it somewhere in the spec site or in writing in instructions? How would a designer new to the pilot in June know to do this when sites just used to come to design that way. Can we get an FYI this time? 2. I don't see where the Write A Review button is too small, this is what it looks like when I look at Neville's save https://snipboard.io/w3jskB.jpg",,"1. Apparently we don't have a design guide for callouts/coupons anymore. Fair enough.

2. I can't recreate it. Seems like a glitch.

With both of these errors, there are other errors on the same question, so the score won't change. "
72: The alignment on the mobile version wasn't set correctly. The text is half covered. https://snipboard.io/pxu1rL.jpg,"When I look at the designer's post save, I don't see the same issue with the overlap, unless it's on a different page that I am not seeing. Here's a snip of what I see: https://snipboard.io/RGpvWM.jpg",Updated,"Agreed. I can't recreated it, either. "
Switched hero images for Holding Tanks & Water Systems page and RV & Boat Waste Pump-Out page to better match the subject of the page https://imgur.com/a/1NdMcas  ,Should the designer lose points for this even though the Waste Pump-Out and tank is the same correct item? ,Valid,"I know it may seem like minutae, but in the RV/boating community, the photos are different. 

On the waste pump-out page, it shows a tank with a white pipe going from the top of the tank into the trailer. White is the common color of a water pipe/hose. Also, if this was pumping waste out, leading away from the tank for removal. https://snipboard.io/UwqKo2.jpg

The holding tank page shows a hose coming out of the tank. The hose is also orange, which is the common color of waste tank hoses. https://snipboard.io/5feqQB.jpg"
Cosmetic Dentistry core page - hero image was not replaced as requested https://snipboard.io/UxYJlT.jpg ,I don't see that this was actually requested in the FWR,Valid,"The FWR notes on the build case reference case comments for FWR notes. 
https://snipboard.io/DcuhHW.jpg"
1. Video splash - adjusted size of mobile video pop-up so the close icon shows https://snipboard.io/89KCcZ.jpg  2. Emergency Heavy-Duty Towing page - replace hero image with same hero as used on Heavy Duty Towing page as the vehicle being towed on this page is not heavy-duty https://snipboard.io/IqtOND.jpg and limited options in stock library  3. Long-Distance Towing page - replaced hero image as this doesn't accurately reflect long-distance towing https://snipboard.io/GuelLz.jpg ,"1. Video splash - in the editor it does not show that there is an issue with the close icon, it is there 2. lack of options was the reason the designer could not find something heavy duty, but didn't want to duplicate a hero image that wasn't on a GEO or SAP, admittedly neglected to make an assumption note, can we get an FYI for this one? 3. You don't tow through a city or town when towing long distance? ",Valid,"1. The site preview shows the oversized video widget. https://snipboard.io/BfFlwK.jpg

2. We can FYI this, but the score won't change due to the other image error. 

3. It's possible, but that image doesn't give long distance towing vibes. Most of the time, long distance towing is done on a flatbed to avoid unnecessary wear and tear on  what is being towed."
Hero image build score,What caused losing 2 pts for this? I don't see it here.,,Please supply the form question.
Coupon - bolded call to action text to stand out from body copy https://snipboard.io/BsTQ5h.jpg  Callouts on core and geo pages - bolded call to action text so it stands out from body text https://snipboard.io/cehzJZ.jpg  Coupons on core and geo pages - bolded call to action text so it stands out from body text https://snipboard.io/LMvdQW.jpg ,Can we get an FYI this time for this? This was not something design had to do and now the template's broken so new designers to the pilot do not know to look out for that.,,"Looks like there are other errors for font color/treatment, so the score won't change. "
- The hero image used for the Logo Design and Digitizing does not properly represent the service (EF15). Please update to a service related image.  ,"Can we get these 2 points back, this actually an image of an embroidery machine putting a logo on a product....at hat. Actually the same thing that we replaced the image with except it's further back so you can see what's happening more. There are not many options for this type of hero image in Shutterstock.",Valid,Logo design and digitizing is done on a computer by turning a physical logo into a file that can be used for printing and embroidery. So any image of someone working on a tablet or computer would be a good fit for this page. 
Callouts/Coupons - bolded CTA text to stand out from body text https://snipboard.io/zXuagV.jpg,"Again, this is a template issue that design never had to deal with, can we get an FYI on this. We gotta really get the template folks to fix this, is there anything in writing about this anywhere? This is another designer that is new to the pilot this month.",FYI,"Fair, I can't quantify it, it just makes it look the part. Holler if you need us to push that up the chain. "
Core page bullet sections have different spacing: https://snipboard.io/6sW2IA.jpg,This is something that we have no control over and cannot be fixed. The bullets show proper formatting when you click into the text box and revert back once you refresh the page.,,
Commercial Deck Installation page - Gallery widget was added without any customer photos (https://snipboard.io/WidBH0.jpg). Hid widget.,The gallery in the screenshot is showing the placeholder photos that show when the gallery is properly connected to collections. Images are not visible in preview of Post_Build save,Updated,"Agreed, it is connected, no issues"
"Lost point for ""Callout Font Treatment Build Score"" ",I don't see why points were taken for this,Valid,"Wrong category - Logo was not included in Callouts (https://snipboard.io/2FMAfV.jpg). Added logo. Moving it to the right category (""Are the images, icons, logos...""). knocks it down further than this category, so I left it in order to avoid making it punitive. "
"Is the Blog, eCommerce, and Gallery page hidden if applicable?",I don't see why points were taken for this and blog is showing correclty in post build save,Valid,I see a note in there:  41: *The CCA is required for us to import 3rd party blogs. Build assumptions state there is no CCA and they imported the blog. 
41: H3 missing from the gallery page. https://snipboard.io/JouxVt.jpg ,"Assuming When multiple gallery sections are not present, the H3 heading is optional and not mandatory, can this be treated as feedback.",,
"70 - Build: Black text on red background with FAQ's doesn't pass color contrast checker on core pages. https://snipboard.io/fkIa0U.jpg  77 - Build: Color on video splash was white, which made the text invisible. https://snipboard.io/DjV8Qk.jpg","1. The Color contrast is passing, it is showing the green check mark, hence designer used the black text on red bg can this be treated as feedback.
2. Valid",,
41: H3 on the gallery page is missing. https://snipboard.io/iZB40y.jpg ,"Assuming When multiple gallery sections are not present, the H3 heading is optional and not mandatory, can this be treated as feedback.",,
Build: https://imgur.com/a/C1Aby2m The H3 heading above the gallery on the gallery page is missing.,"Assuming When multiple gallery sections are not present, the H3 heading is optional and not mandatory, can this be treated as feedback.",,
"1. Tablet and mobile menus: unused ""Service"" page shouldn't be visible https://snipboard.io/g68kqu.jpg 2. Serving Area should be next to About https://snipboard.io/oYRldT.jpg","Invalid: Adding or removing pages from the navigation bar is not a build task, (except for Gallery and Blog pages).",,
Tablet and Mobile menus: Serving Area s/b next to about https://snipboard.io/JLR84n.jpg,"Invalid: Adding or reordering the pages in the navigation bar is not a build task, (except for Gallery and Blog pages).",,
1. Better Business Bureau logo only used if code provided https://snipboard.io/rnUctH.jpg,As per the Spec site if the business is accredited we can add plain BBB logo https://snipboard.io/uCxZ6f.jpg,,
41: H3 missing from the gallery page. https://snipboard.io/z3mROL.jpg ,"Assuming when multiple gallery sections are not present, the H3 heading is optional and not mandatory, can this be treated as feedback.",,
1. Mobile header: button should match in same section but not match background https://snipboard.io/qY3Sw8.jpg 2. Desktop header: button should match in same section but not match background https://snipboard.io/JH05Qk.jpg 3. Navbar: Serving Area in wrong place https://snipboard.io/4niSkH.jpg ,"Invalid: Upon checking the backup, the review section included star ratings and a numeric score during the build. The button appeared only after QA added the customer ID.
Invalid: Adding or reordering the pages in the navigation bar is not a build task, (except for Gallery and Blog pages).
",,
"1. Mobile engagement menu: Q234170 calls only, text should have been removed https://snipboard.io/zUMpAI.jpg
2. Kitchen Cabinet Painting shows unpainted cabinets https://snipboard.io/aEw8Wn.jpg ","1. Questionnaire mentions a mobile number and that the client allows texting hence the button is left in the EM popup. https://snipboard.io/7cUqAs.jpg
2. Can this be tagged as feedback? The image used is highly suitable for the content in the bulleted list, as it accurately represents both topcoat application and cabinet refinishing, which are highlighted in the page content. https://snipboard.io/0MdroQ.jpg",Invalid,"1. The RCF is listed as ""Call Only"" and added to the texting button, so if we did add that it should have been for the mobile #.
2. Images need to support the main page theme.  This is a poor example of painted cabinets.  Stained, it would be a great example. "
"1. Callouts - bolded call to action text so it stands out from the body copy https://snipboard.io/3OsMQT.jpg
3. Text Us button to engagement menu as requested Video pop-up is too wide on mobile and close icon doesn't show https://snipboard.io/0JuxYI.jpg, adjusted size of pop-up for mobile","1. Unsure which part of the callout needs to be bolded. If QA is referring to the CTA lead in text, it has been verified that bolding this part of the callout is no longer required.
https://snipboard.io/8T4UFn.jpg
https://snipboard.io/T5gSyP.jpg
3. Upon checking on an actual mobile device, the close icon is visible. It is only hidden on the preview mode because of the scroll bar that is not present on the actual device itself. Requesting to be treated as feedback instead.
https://snipboard.io/EAmILH.jpg",,"1. Updated
3. This is a known issue that has been reported via meetings and dispatch. It should be adjusted as needed."
Images related to page,Can't see why points were taken off here,,Please supply the error and the question that was marked
"Home page - h1 in hero ""Pro Tire and Automotive Services"" is the name of the business, changed to ""Auto Repair, Maintenance, & Tires"";",Invalid: We confirmed there is and has been no rule against this.,Valid,"At the time of this rebuttal, that option had not been confirmed."
"75: The clients mobile number wasn't added to the engagement menu for SMS. While there is an assumption about this from Build, if the process isn't known or it isn't clear, they should be checking with management on how to proceed vs. ""assigning"" the task to QA. https://snipboard.io/rlhIW2.jpg","Invalid : In accordance with the build process, when the SMS Text field in the content output is set to Yes, the Text Us button should be available in the engagement menu. Since the engagement menu link was not included in the build scope, it was not part of the implementation. This has always been the established process, which is why an assumption was made for QA to assist for the correct link. https://snipboard.io/wKiZCM.jpg",Q,"Q:  It says that the agent wasn't trained.  Is that an individual agent issue or is all of Build not able to add a SMS link?  I feel like you guys do it oftenm, but maybe I am confused."
75: The engagement menu wasn't set up. https://snipboard.io/BbivCg.jpg https://snipboard.io/NdRnJI.jpg,"It appears the issue may be with the dynamic page template. Build was unaware the website was received with the buttons unlinked, as they were expected to be linked by default. Build's process verifies the required buttons are present in the Engagement menu popup, but training did not cover manually correcting links. Please see CW post backup as proof.
https://snipboard.io/tZXU7I.jpg",FYI/Updated,Q.  Do you guys test the buttons after they are done to make sure they go where they are expected?  Seems like we may need to reach out to process to confirm that expectation.  FYI for now.
21: Client wanted map displayed: https://snipboard.io/3NjYal.jpg https://snipboard.io/sj5kd1.jpg ,"21. Upon receiving this website from the Copywriter, Contact page no longer include the map. https://my.websites.hibu.com/preview/fec096787f62aa90b0382025fa7ae267?device=desktop",,"This could have been FWR'd to Copy. The question is visible on the Build output, so it could have been updated. Will mark the error for both. "
"27: Social icons on Contact page have generic links and are not on Q, s/b deleted. https://snipboard.io/hvbTMn.jpg https://snipboard.io/tmDUcT.jpg","Upon checking Build's backup, social icons don't appear on website preview. It only shows on the editor. Build checked the site using the website preview. https://snipboard.io/RwnAUN.jpg
Build backup: https://my.websites.hibu.com/preview/e76c3f1ed0b614dddada5fbf3c10a538?device=desktop",Valid ,"Both versions of the site should be checked. If you're working in the editor, you should check the pages you're wokring on. "
Customer has supplied CCA. FWR to Build to utilize images from the customers website throughout the site rather than stock images.,No specific request was mentioned for the designer to pull images from their existing website. https://snipboard.io/A8MDBl.jpg,Updated,They have a signed content collection agreement. The expectation is that we will use their content. 
https://imgur.com/a/ezOPIYm The geo and the phone number in the header are not balanced.,Invalid: We checked the post FWR back up in that the geo and the phone number in the header are perfectly balanced.https://snipboard.io/NqMY0E.jpg,Updated,"Check the home page on the POST for the Build agent, it is a few pixels off."
July 4th 2027 is not listed on the holiday hours on the site. https://imgur.com/a/e9VwaQ7 ,"Invalid: When this site was written, it was before July 4, so July 4 2026 was included as a holiday on the CW backup. ",Valid,"But July 4th 2027 was on the holiday hours list in the questionnaire. 
https://snipboard.io/6QH0gJ.jpg"
Callouts mention estimates however on the Q under if estimates are free it says N/A. There is no where else on the Q that says they provide estimates. https://imgur.com/a/wgdh1nu,"Invalid: This business is an electrician, so the only way they'd be able to do service is by providing estimates. The CW backup doesn't say that the estimates are free, which would not necessarily be the case. But since they're selling a service, not a product, estimates are expected and standard.",Valid,"Agreed, however if we're supposed to go off the questionnaire, the businesses doesn't want estimates highlighted on their site. "
"Home: although the home copyblocks follow the guidelines for creating sections for better navigation, there are no sections on the menu marked for Dinner Menu, Happy Hour, or Drink Menu. There are beverages, but the Drink section refers to wine and pasta, which are not found on the menu. It seems the copyblocks will have to be adjusted to Event Rental, Large Orders, Take and Bake Pizza, and only one Menu block. ","Since the CW doesn't key in menu info or look at any attached menu files, the sections of the menu used for home page copy blocks were referenced from the Q231134. If they don't align with the menu the client provided, they should be removed from the site, but it shouldn't counted as a CW error.",Updated,Agreed 
"Heating Services page title tag ""Heating Services | Grovetown, GA | NorthStar"" CW should have removed unnecessary ""Services"" to allow for full NOB ""Heating | Grovetown, GA NorthStar Heating & Air Conditioning"" same was done with AC Services as per https://websitespec.hibuone.com/title-tags","Invalid: ""Services"" is not an unnecessary keyword in this instance. ""Heating"" by itself is too broad and doesn't accurately describe the content of the page. I think there's an argument that ""heating services"" could be expanded to ""heating service and repair"" but I don't think it should be shortened.",Valid,"The steps in shortening title tags is to remove Services, then use the shortened NOB. https://snipboard.io/3GvNu4.jpg"
"About and Contact page META Description over character limit (https://snipboard.io/daojyM.jpg).

Home, CAT, and Core page META Titles are all over character limit (https://snipboard.io/ckpUO1.jpg).","Invalid: On CW backup, the About page description is 157 characters. The contact page description is 129 characters. 

Invalid: On CW backup, Home page title is 60 characters. I think this might be due to the dynamic site issue, where the changes the CW made don't carry over to the version QAE sees.",Updated,"Dynamic page meta is a mess, but the pilot shouldn't affect their scores. "
SAP meta descriptions do not use the NOB https://snipboard.io/HuLr6S.jpg,"Invalid: Checked CW backup - ""Call Grease Tex Cooking Oil Collection for commercial cooking oil recycling. Same-day and emergency servies. Free quotes. Fast, clean solutions.""",Valid,"The post CW backup SAPs do not have that description in them. 
https://snipboard.io/XhNLbi.jpg
https://snipboard.io/XUbJyl.jpg"
Are the About page Content Library Fields correct per questionnaire and does the Open/Close widget appear in the hero of all pages?,Invalid - could not find error for this category.,Updated,Agreed - however pilot sites don't affect scores. 
Careers form template text https://snipboard.io/pUyfqi.jpg,Invalid - CW did not create the form fields; this was a build task.,Updated,Agreed 
"OUR COMPANIES tab - United Mutual is a dead link to GoDaddy  

IMT Insurance App link inexplicably directs to the company blog. The live site provides a dead link. https://website.imtins.com/blog/ ",Invalid - links were added by build.,Valid,"So, I was trying to find where on the questionnaire those logos were supplied or a request to link to those logos, but I can't find it anywhere. We appreciate the effort, but it seems that CW directed the Build team to look at the site for those logos and links without checking to see that they work. "
OUR COMPANIES tab - PDF document was omitted with no assumption as to why.,Invalid - no instruction on questionnaire regarding a PDF document.,Updated,Agreed 
"Geo in header - Proudly Serving Del City, OK | Oklahoma City, OK changed to Located in Del City, OK as this is a business where customers go for service  Geo in hero - Del City, OK | Oklahoma City, OK changed to Del City, OK as this is a business with a physical location where customers go for service ","Invalid - if a secondary geo is provided, it gets listed in the header/hero even for a location-based business.",Updated,Agreed 
Home: copyblocks not balanced https://snipboard.io/khb6zi.jpg,Invalid - balancing copy blocks is a build task.,Updated,Agreed 
Callouts: Are the callouts appropriate for the page and set up correctly?,Invalid - could not find an error for this category.,Updated,Agreed 
Almost all of the title tags are over 60 characters with no reductions  https://snipboard.io/TSbiZG.jpg https://snipboard.io/6iHuRU.jpg,Invalid - CW backup shows these title tags as under 60.,Updated,"With the confusion of how the SEO table works, understandable that someone is confused. "
"Emergency dental, teeth whitening, and veneers should have been added to the mega menu because the nav bar is too crowded and these also fall under the dental services category. https://snipboard.io/WIshH5.jpg ",Invalid - CW backup does use a mega menu.,Updated,Agreed - not sure why Build pulled everything out of the mega menu. 
"CW assumption is not wrong that this is a service-based business, but there's no clear reason the address cannot be displayed. however, this assumption: ""This doesn't appear to be a business that can be visited by customers."" is incorrect based on google maps. it's a building on a public street. Address needs to be added as per Q229913 and Q227560 and Q229691. ","Invalid — There is no signage for this company at this address. The only signage is for Corsa and Rox Coal, and there is nothing to indicate that this client has offices that would be visited here.
",Updated,"Agreed, the business should have signage to indicate they are at the location. "
Unused Gallery anchors should not appear on navbar .https://snipboard.io/pu3oTt.jpg ,Invalid — This is a Build issue.,,This is marked as a build error. https://snipboard.io/vVoTeZ.jpg
"All 3 SAP page descriptions do not follow current formatting .https://websitespec.hibuone.com/title-meta-sap-and-geo-pages GEO content not needed, should start with the CAT - in this case ""Call NOB"" and a second keyword/phrase should be added after the discounts. .https://snipboard.io/I5Agaq.jpg","Invalid — Descriptions have adequate pieces in them (NOBs, CTA, keyword, and mofac) to be acceptable descriptions even if the exact formatting in the Spec Site keeps changing. 
",Updated,"Agreed. But if the formatting is there, why not use it?"
"Exterior House Painting page title tag - ""Home Painting"" changed to ""House Painter"" .https://snipboard.io/YD7M63.jpg ","Invalid — ""House Paint___"" is the phrase right before this. Using ""Home"" broadens the visibility.",,"We'll FYI it, but Home Painting implies interior painting. We don't want to use varying terms for the same service. Since there are other meta errors, the score won't change."
 .https://snipboard.io/gdwrGe.jpg New SAPs should follow standard URL format for SAPs. .https://snipboard.io/yihs7A.jpg ,"Invalid — Per the dispatch from 6/8, new SAPs in Clones should follow the page slug format that's already established in the site, not the latest best practice.
",Updated,Agreed
"47: Special Offers button for page that doesn’t exist, redirects to Home. https://snipboard.io/EBgXd3.jpg ",I can't find this button on the post-CW backup: https://my.websites.hibu.com/preview/5a83dc52559126ba799f8dc43ede38c4?device=desktop,Updated,"It looks like build unhid that section, even thought the coupons were not being used. "
Is the Request Form set up correctly?,"CW Error marked, but form notes say na",Updated,
"49 For the CAT page meta description: Need to add more than one keyword: https://snipboard.io/U4kfgo.jpg  Residential Direct Services title tag, too general for SEO: https://snipboard.io/QJZdhA.jpg","1. We confirmed this is not and was not a rigid rule
2. CW used the page name","Due to multiple meta errors, the score won't change.","1. Fair. 
2. Direct Services is not a phrase that would be searched for. Using keywords of what a customer would use in a search is better SEO (Residential Construction Services, Residential Contractor Services, etc)"
Home H1 should not be the NOB https://snipboard.io/YFvtsG.jpg,"Invalid: We confirmed there has not been a rule against this. NOB contains the main keyword ""Assisted Living"" in this case",Valid,"The Home H1 should encompass the services offered by the business. This business also offers dementia care, personal grooming/daily living care, and and Alzheimer's care. The NOB itself doesn't cover the majority of those services. Assisted Living and Elderly Care Services encompasses more of the business. https://snipboard.io/Bq2DL8.jpg"
56: The client's original number wasn't added to the alternate numbers in KG per RCF normal process.  https://snipboard.io/Xpbs0F.jpg https://snipboard.io/ustBk2.jpg ,"Valid, but this pertains to the phone number category. The error was not in regards to handling the textable RCF.  ",Updated,
57: FWR: Remove invalid July 4th coupon as it’s not going to be live until after and it’s across body copy of site instead of as a coupon. https://snipboard.io/dEZBNs.jpg https://snipboard.io/ZXBiLP.jpg ,Site was written on 6/26; CW could not have known how soon the site would have been ready to go live. ,Valid,The biggest part of this error is that a 10% discount should have been an actual coupon rather than just in the last line of copy. 
49: SIPs EPS Dealer - Description - Spelling/Grammar Error - Use “an” before “SIPs” (should be “an SIPs EPS dealer”) https://snipboard.io/GlAZCV.jpg ,"Invalid: Makes sense to read an acronym like ""SIP"" the same way you would pronounce the word. 
If you disagree - could it be moved to spelling/grammar?",Valid,"We just go off of what the checker tells us based on standard grammar rules. And since this is in the meta and not body copy, it will need to be in the meta question. "
Name of Business: Is the business name spelled correctly?,"CW Error marked, but basic business info notes say n/a",,
 https://imgur.com/a/guB7IXJ Geo links on the contact page do not show in tablet or mobile,"I am seeing the same issue on the pre-clone site; I don't believe there is a known issue of these coming in hidden on the templates, so  CW would not necessarily have known to check whether these were hidden on other views. ",Valid,"This is an older Hibu One site, which was probably before the hidden sections on the Mobile and Tablet were fixed. It's necessary to double check things that are adjacent to the work you're doing. https://snipboard.io/96ywfg.jpg"
"Furniture Repair used repeatedly on meta titles. This info does not appear on several pages  Custom Furniture | Furniture Repair | Bedford, PA Furniture Repair has nothing to do with custom furniture builds. CHG TO - Custom Furniture | Design Consultations | Bedford, PA The ONLY place this term is found on the page is in the video description  Same with Trunk Restoration Trunk Restoration | Furniture Repair | Bedford, PA ",Invalid: Furniture repair is a logical second keyword for a buiness that does offer repairs,Valid,The second keyword needs to be relevant to the products and services on the page. 
GEO anchor inproperly directed to Locations tab. This should direct to the Contact tab.,Invalid: Geo anchor on nav is connected to Contact page on all views on post-CW backup: https://my.websites.hibu.com/preview/8c6f8997c1e6c2be1bc86aec7e33f4ed?device=desktop,Updated,Agreed. I can't find the error
47: The button for the coupon goes to a non-existent coupon page. It should be changed to /contact. https://snipboard.io/ZD4Y17.jpg,"Invalid: On post-CW backup, all coupon buttons are click-to-call https://snipboard.io/kfiag2.jpg",Updated,Agreed - link got switched during build
" 59: ""Copilot said"" wasn't removed from the paragraph. https://snipboard.io/qNx6Qd.jpg ","Could we please get an FYI on this? Cordell let the team know about the issue on 7/17, and this site was written on 7/13",Valid,CW should be checking the content for hallucinations.
"About page into copy includes ""Copilot said:"" before the beginning of the copy (https://snipboard.io/rR3Leu.jpg). Removed AI text. - Careers page into copy includes ""Copilot said:"" before the beginning of the copy (https://snipboard.io/k6w4lJ.jpg). ","Could we please get an FYI on this? Cordell let the team know about the issue on 7/17, and this site was written on 7/13",Valid,CW should be checking the content for hallucinations.
CW Meta Check was not uploaded to Salesforce (https://snipboard.io/c60BuG.jpg).,Invalid: CW uploaded meta check to DSC case - it's #4 showing in QAE's screenshot,Updated,
 https://imgur.com/a/9lrjAml Form title on Geo pages does not have the word Geo in it,"Could we please have an FYI on this? Neither the CW or I remembered this being a rule on Geo pages, only SAPs. Now I see that it's on the spec site for both, but the instruction in the HOFO is only present for SAPs, this isn't in the HOFO for Geos - which makes me wonder if this appeared for Geos as the spec site was being written? I reached out to Kim to ask for this to be added to the manual for Geos. ",Valid,We've always referenced the spec site for meta info as that's where it's updated first. 
57: https://snipboard.io/70WmEM.jpg Copy repeats twice on Packing and Unpacking Services page. https://snipboard.io/3pLwgb.jpg ,"Invalid: This is a known issue and we are working with Andrew on it. The content for the site essentially re-generated due to a technical issue, and CW didn't catch it because she had already edited the pages",Updated,
"Serving area in header and hero - ""Chester County, PA | Montgomery County, PA"" changed to ""Chester and Montgomery Counties, PA"" https://snipboard.io/VkWRsJ.jpg","Invalid: This has been updated, when a client has 2 main service areas we are still supposed to use this format, in my understanding.",,There are other errors that will not change the score.
"All Core pages - the ""Contact Us"" text appeared to be linked, but was not actually linked to the Contact page https://snipboard.io/NVlYZL.jpg ","Could we please FYI this? This is a pilot site, and this appears to be a unique issue to dynamic sites, possibly a technical issue",,We still count the errors. But you all decide how to use the scores from the sites. 
Get directions button is missing from footer and contact page: https://snipboard.io/XvEwU1.jpg,Invalid: Q231296 Client asked to remove map; 'get directions' button links to map and the two typically go hand-in-hand on our sites,Valid,"This question is in regards to upsells. If the customer has a radius or service area map that we no longer offer, they can opt to not use the existing map. This isn't the same as not displaying the Get Directions/Map question. Since this is a place where customers only visit, having a Get Directions button is important. "
FWR to CW: -Change any mention of “Greater Portland metro” to “the Greater Portland metro area” as otherwise it sounds like you’re talking about the public transport system (including FAQs).,"Invalid: No one is going to assume that in this context; Portland has specific names for their different types of transit (none of which include the word ""metro""). There is also no rule about having to say ""area"" after ""Metro"" ",Valid,Questionnaire indicates that they want to reference the Greater Portland Metro area. https://snipboard.io/e76rNh.jpg
SAP meta descriptions don’t fit correct format.,Invalid: I have no screenshot to verify this & no detail to know what error was made. ,Valid,"Post CW Meta: https://snipboard.io/tniGj5.jpg
Spec Site options: https://snipboard.io/qK0PIH.jpg"
" 60. Q229347 Instructions were not followed and no assumption left. QA changed the Gallery page name to Our Work, left url as-is. The info for Bermuda Grass FAQs and Drainage System Info documents were very long and could not be easily worked into a page, so CW could have just left an assumption. QA made them pdfs and linked Bermuda Grass FAQs pdf on the Sod page and the drainage pdf on the Drainage CAT page, left assumption for DSC. Again, instructions were not that clear about what to do with info, but still CW should leave an assumption so DSC knows notes were not ignored.","Invalid: CWs do not have access to Sharefile at all, and Build is now responsible for all Blog elements. ",Valid,"The note in the questionnaire indicates the folder is attached to the DSC Case. CW should have access to that. 
https://snipboard.io/MbJ3l0.jpg
DSC Case Files List: https://snipboard.io/6qIgF0.jpg"
Does the navigation follow best practices for the page order?,"CW Error marked, but navigation is not mentioned in QAE feedback",Updated,
"1. Home H1 should not include ""power words"" https://snipboard.io/H2m8EK.jpg ",There's not a rule against using the word reliable. It's not like it's plastered on every heading or even every page.,Valid,Power words have been removed since the intro of Hibu One. They usually cannot be quantified.
"3. Q231496 specifies ""liability insurance"" but site only says ""insured,"" please adjust for accuracy ","Invalid: CW used ""fully insured"" which almost always indicates liability insurance https://snipboard.io/FL2f9X.jpg",Valid,"To the average person not versed in insurace lingo, they may not know that. If the specific information is on the questionnaire, it should be included. This could even be a Mo Fac."
2. Walk-In Showers and Tubs H1 and H3 should not be identical https://snipboard.io/c6xIvR.jpg ,Invalid: I cannot find any rule against this,,"Agreed, but it's better practice to have a variety of info on the page for SEO. Repetitive information reduces the opportunity for more keywords on the site. 
With other errors on this question, the score won't change."
"1. Exterior Maintenance Plan should be a utility page, thin hero, and include only the maintenance plans with the coupons instead of the usual Why Choose and other content.",Invalid: Maintenance plans are a service they offer. I'm not seeing anything indicating that this must be a utility page.,Updated,"It's not strictly a service as they are plans that are an optional add on to their actual services. These kinds of pages are usually utility pages as writing a bunch of copy blocks is less usefull than bullet points that explain what each plan includes. 
This is the ideal formatting: https://my.websites.hibu.com/site/69a9308a42274e66b7366baf1be26f08/exterior-maintenance-plans?preview=true&insitepreview=true&dm_device=desktop"
2. mobile engagement menu request button 404 error https://snipboard.io/xwoeP0.jpg ,2. Link correction on the engagement menu is not part of Build's process. ,Updated,I cannot find an updated process anywhere. Asked process and training for clarificaiton. 
Callouts - bolded call to action text so it stands out from body copy https://snipboard.io/ThHNvX.jpg,"Bolding the CTA lead-in-text is not a requirement since the font is already larger than the callout body text.
https://snipboard.io/T5gSyP.jpg",Updated,
"75. As client wants SMS texting, the linked number s/b for their mobile phone number not the LM RCF. Questionnaire states not to enable texting for RCF though RCF view does not reflect this. QA used client's mobile phone.","75. EM link is connected via KG, Build's process does not include link corrections for EM buttons.",Updated,I cannot find an updated process anywhere. Asked process and training for clarificaiton. 
"1. Intro/Why Choose image - was missing alt text https://snipboard.io/HBVCZX.jpg
 2. Callouts - bolded call to action text so it stands out from body per best practice https://snipboard.io/DSFWG0.jpg","1. Alt text is present per QA's pre-backup.
https://snipboard.io/jexcOH.jpg
https://my.websites.hibu.com/preview/f8d165d4e77a640a20f9d11ed7b5fdb0?device=desktop
2. Dynamic page callouts are presented exactly as they are received. We have raised this issue with Andrew, as the lead-in text is expected to be set in a larger font than the callout body text. Since the training did not cover this change in the new callout widget, identifying and modifying the lead-in text size is not currently part of the team's process.
https://snipboard.io/Q9RcWD.jpg
https://my.websites.hibu.com/preview/7e0811a47e6d88cfc5ca3313a0674513?device=desktop",Updated,Fair
"Callout - bolded call to action text so it stands out from body copy https://snipboard.io/FotAVM.jpg
Tablet - changed Home and CAT page layout to stacked columns for better aesthetics https://snipboard.io/ld1sDm.jpg",This seems to be a template issue that has not been relayed to us and would request an FYI on this error.  The tablet issue seems to be a template issues that needs to be reviewed and will be discussed with the process team.,Updated,FYI
"1. Serving Area page NOB should not include period after Inc https://snipboard.io/NGPlkn.jpg 

2. All SAPs - NOB first use should include Inc https://snipboard.io/VbW1Ra.jpg ","1: Invalid - the directory page was not added by CW; this was a clone-to-add.
2: Invalid - Per the spec site, ""Use the full NOB with extensions (e.g. LLC, PLL, Inc, etc.) once per site."" The extension does not have to appear on every page.",Updated,Adjusted
Serving Area page missing from navbar https://snipboard.io/n6dxEW.jpg,"Invalid - this was a clone-to-add for SAPs; per the 6/8 dispatch, the SAP directory page should not be moved to top-level nav on clone SAPs.",Updated,Adjusted
58: InstagramGallery anchor s/b Instagram Gallery. https://snipboard.io/Jn8wQW.jpg,Invalid - gallery anchor was created and named by build.,Updated,"Agree, Build issue"
"Q233323 on Q states  ""Concrete Floors Parking Lots Roads & Pavement"" I see Roads & Pavement applied to the COMMERCIAL FLATWORK CAT page, but no page is constructed. (404 error) I've also noted that Page Review omitted this without any indication as to why. There are no CW assumptions either.",Invalid - The Roads & Pavement page was not on the original DSC page structure doc or the page reviewer's document. It was most likely added to the Q in error during consultation and the page reviewer did not remove it from the content instructions. The CW was correct to omit this page.,Updated,Adjusted
SAP page meta description didn't follow the specifications https://snipboard.io/Hviw0n.jpg,Invalid - the meta description follows the  'Primary CTA opening' format.,Invalid,"The concept is close, it falls apart with the usage of the SAP KW.  We didn't integrate it properly to form a natural sounding sentance. Maybe ""call Ozark Painters for expert painting contractors..."" or something and you are back in the game. "
Is the Contact/Location page set up correctly?,Invalid - could not find an error for this category.,Updated,Agreed.
About: additional payment type has unnecessary space https://snipboard.io/uAZcxI.jpg,Invalid - alignment/padding is a build task; the copy block beneath connected data should have padding removed.,Inavlid,That is a text formatting error opposed to spacing or alignment; Build wouldn't adjust that.
"Heather and Furnace Repair and Heather and Furnace Installation are misfires for service relevance. Repair shows a thermostat, and Installation shows maintenance being done.","The selected images are relevant to the services they represent. The Heating and Furnace Repair image shows a thermostat, which is a key component commonly inspected, diagnosed, and adjusted during furnace repair services. The Heating and Furnace Installation image depicts a technician performing work on an HVAC system, representing the installation process. While the images do not show the entire furnace unit, they are contextually appropriate and effectively convey professional heating service.",Valid/Invalid,"Fair: Repair is flimsy, but I'll take it.  ideally we'd show someone working on the actual unit instead of just the thermostat.  Invalid: Installation, they are adding coolant to a clearly used unit (the inside of the door they removed is dirty and weathered).  This would work for repair, or perfect if there was a coolant page.  Just add a clean looking unit and that is an easy win. "
 FWR: Please add Manufacturer blocks to Home page given that they are stand-alone pages. https://snipboard.io/5CJx9u.jpg ,"Invalid: I spoke to James before we built the site and we decided NOT to add copy blocks for the manufacturers' pages, as they are utility pages",Updated,Fair enough. Please have the CW Include that information in their assumptions to avoid the FWR and the rebuttal process. 
Callouts: Are the callouts appropriate for the page and set up correctly?,"CW Error marked, but Callout section notes say n/a",Updated,
55: https://snipboard.io/IdvQKo.jpg Flagstone Patio Installation: First H3 is the same as the H1 and page URL. Same as Gravel Patio Installation. https://snipboard.io/Fncjew.jpg Patio Pavers Installation: https://snipboard.io/ORVnGx.jpg,Invalid: I can't find a rule against this. ,Updated,"Agreed, but it's better practice to have a variety of info on the page for SEO"
Does the navigation follow best practices for the page order?,"CW Error marked, but no design or copy section notes provided",Updated,
"47 - CW: Since some of the URLs were updated to include -and-, this change wasn’t made in the FAQs collection and therefore the FAQs were not visible on those pages. - https://snipboard.io/yGMxFT.jpg; https://snipboard.io/xTaX19.jpg",Dynamic issue specific to Pilot - can we FYI please? ,,We still count the errors. But you all decide how to use the scores from the sites. 
 https://imgur.com/a/W23MnTv IG widget was not added to the Gallery page.,Invalid: Build error,,"This is marked as a Build error
https://snipboard.io/vwotJ8.jpg"
 https://imgur.com/a/fyM1Jjs Business hours do not match what is on the questionnaire. ,Invalid: Hours on post-CW backup match questionnaire: https://my.websites.hibu.com/preview/e521c3ff07babf2c8e5bda624e65e3e6?device=desktop,Valid,"It looks like CW updated the business hours in the Business Info seciton of the site rather than in Yext. If they do this, the field will revert when anything in Yext is updated. On 7/16, CW updated the phone number and then on 7/19 another user updated the hours in Yext, which refreshed everything in the Business Info section on the site, including the mismatched business hours. This pushed the mismatch to the site. 
https://snipboard.io/TiVUrq.jpg

There was a dispatch on 7/13 about updating Yext instead of the business info. (but it used additional payment types as an example)
https://snipboard.io/ZyWgEz.jpg"
 https://imgur.com/a/qHHrrCc The title hero does not apply to senior citizens. ,"It could! But seriously, that's not a real title, and the coupon is logical enough as written. ",Updated,"Ehhh. It could I suppose, but the term ""hero"" seems to apply to all the others listed in the coupon. A better option would be ""Select 10% Discounts"""
" SAP descriptions, incorrect format, should begin with CTA and NOB https://snipboard.io/PRpaeS.jpg","Invalid: CW used ""Schedule/Request opening"" which does not include the NOB in the formula: https://websitespec.hibuone.com/title-meta-sap-and-geo-pages#:~:text=factor%20or%20phrase.-,Schedule%20/%20request%20opening,-%3A%C2%A0%20Schedule%20/%20request",Updated,Agreed
per Q231988 hero forms were to be removed,Invalid: Q231988 was asking to have three different forms instead of one. This was against best practices and so I advised CW to consolidate them into one form. CW left an assumption about this and should not be penalized for following AM's interpretation of an unfulfillable request.,Updated,"Agreed, the agent isn't the catalyst in this case and the request is odd."
NOB missing form SAP descriptions: https://snipboard.io/U1xiAH.jpg,"Invalid: CW used ""Schedule/Request opening"" which does not include the NOB in the formula: https://websitespec.hibuone.com/title-meta-sap-and-geo-pages#:~:text=factor%20or%20phrase.-,Schedule%20/%20request%20opening,-%3A%C2%A0%20Schedule%20/%20request",Updated,Agreed
"27: No links provided, generic social icons s/b deleted. https://snipboard.io/JW6mqG.jpg https://snipboard.io/ky0snO.jpg 
 3. Images/icons/logos - no error mentioned","27. Regarding the social icon, I only see the social media placeholder widget in the editor, but it does not appear in the preview. I'm basing my observation on the preview since that's what users will actually see. 
3. No errors mentioned for Images/icons/logos category.",Updated,"Must have been a glitch, I see them on the shot, not on the backup"
66: OpenGraph generic placeholder image on Home Service and Repairs SEO section. https://snipboard.io/Y3yvoa.jpg,Build is only required to remove the generic Open Graph placeholder for the website's Home page.,Updated,Adjusted
Auto Body SAP content repeated https://snipboard.io/yiE5ln.jpg ,Invalid - content is not repeated on CW backup: https://snipboard.io/FatBYk.jpg,,That was a Build error
"Live site has 3 distinct coupons - new build has redundant offers for Cash Discounts and a combo of previously separate ""Military"" and ""First Responder"" coupons.","Invalid - coupons match the old site, I'm not sure where the distinct coupons are because they're not on the core, CAT, or special offers pages - all of these match the new site.",Valid,"I see it on the new ""Screen Repairs"" cat he added.  Pre QAE https://my.websites.hibu.com/preview/1c3518883107a7c85b03ca58cc0cfc5b?device=desktop and Post CW: https://my.websites.hibu.com/preview/dae9f7e3cdca1e51727194922853c665?device=desktop"
Live site has numerous spacing issues in body text on service tabs. These should be checked for and cleaned up. Please see ABC Screen Masters QAE NOTES doc on Build case for screen shots.,Invalid - cannot find spacing issues and there are no QAE screenshots or notes regarding this on the build case.,Updated,Agreed
Is the SEO indexing blocked for the blog and ecommerce pages?,Invalid - no notes for this category,Updated,Agreed
"Business name is Tri Stone Masonry & Restoration vs TRISTONE. It appears two different ways on Q and is represented on van images and logo as ""Tri Stone"". ""Tristone"" was placed on every layer of site build.","Invalid: CWs use the question ""I have your business name as _____. Is that the way you want it to appear on your digital advertising?"" for the NOB. The Q was answered: ""Tristone Masonry & Restoration."" It's outside of the process for CWs to check images or logos to compare the NOB.",Updated,Understood
There is no request for social icons on questionnaire. Should be hidden.,"Invalid: Not sure where QAE is looking. There are no social icons in CW backup footer, About page, or Contact page. ",Updated,"I have seen a few of these, I think there is something odd going pn in the footer."
Video widget template element https://snipboard.io/Ajr9GQ.jpg,"This is an upsell, so the writer needs to only enter the NOB and the video description. The video summary is skipped. ",Valid,"This error is a little different, she left the template text in the scrpt field instead of either deleting it out or adding the old script. "
47: Quarterly Pest Control SAP: Related Services widget s/b deleted. https://snipboard.io/1QYT8F.jpg ,Invalid - the related services widget does not appear on CW backup.,Updated,"Agreed, introduced by Build"
"1. Infinity Pool Design image: florida has no mountains https://snipboard.io/fxXplH.jpg
2. Hot Tub Installation image: florida has no mountains https://snipboard.io/3FLnqP.jpg
3. Saltwater Pool Installation image: florida has no mountains https://snipboard.io/zmre0d.jpg
","1-3. Can this be reconsidered as feedback? The mountains are not the subject of the images and are only faintly visible in the background. Build was unaware that Florida has no mountains. Training focused on using Florida-appropriate imagery, particularly the inclusion of palm trees, and did not include identifying subtle mountain backgrounds. Reminder has been sent to the team about this fact.",Updated,"Fair, FYI"
1. Tablet and Mobile navbar: Serving Area incorrectly place https://snipboard.io/VSclfX.jpg 2. Mobile engagement menu: Request button 404 error https://snipboard.io/VIRMGU.jpg,Invalid: 1. Adjusting the page order in navigation is not a build task. 2. The Request button within the mobile engagement menu is connected through Collections and is not manually mapped. We assumed the 404 error shown in Preview was due to the Preview environment and the link should function correctly and navigate to the request page after the site goes live. can this be treated as feedback.,Updated/Q,"1. Fair, CW Error
2. You guys don't confirm the EM components work after addition?"
78. Missing Banner - added missing announcements banner on home and CAT pages per questionnaire,"Invalid: After checking the backup, we confirmed that the announcement banner was not included. CW had not added it. According to the process, once CW adds the banner to the homepage, the Build Team will design it and replicate it across the other CAT pages",Updated,"Fair, CW error"
66: OpenGraph placeholder images on SEO sections. https://snipboard.io/wmIJva.jpg https://snipboard.io/Q1vXWk.jpg https://snipboard.io/gT3PJ6.jpg ,"As per the process, we only Check and remove Open Graph images on the homepage. We have not received any new update to review Open Graph images on the other pages. https://snipboard.io/1GlDvy.jpg",Updated,Agreed
66: OpenGraph generic placeholder image on standalone page. https://snipboard.io/ZYCqeo.jpg ,"As per the dispatch we are checking the Open graph images only in home pages, we don't have any additional communications on checking in all the other pages https://snipboard.io/1GlDvy.jpg
",Updated,Agreed
"66: OpenGraph generic placeholder image on Commercial Awnings SEO section. https://snipboard.io/RZd5it.jpg 
","1. As per the dispatch we are checking the Open graph images only in home pages, we don't have any additional communications on checking in all the other pages https://snipboard.io/1GlDvy.jpg
",Updated,Agreed
"1. Mobile and tablet menus, Serving Area incorrectly placed https://snipboard.io/RsXvSw.jpg 2. Gas Water Heater image indistinguishable https://snipboard.io/wda6Q5.jpg ","Invalid: 1. Adjusting the page order in navigation is not a build task. 
2. Valid",Updated,"Fair, CW error"
"https://imgur.com/a/7dycCQt This is a rebuild and we did not use their old images. 
https://imgur.com/a/l3ivxw9 For example the old site video script image does not match the new site. 
https://imgur.com/a/cbvWj1l Pies icon shows a piece of pizza this is on the baked goods CAT.  
https://imgur.com/a/1qTmXBA Italian pies hero image shows a calzone it is under the baked goods CAT.","1. Valid
2.As per the standard process, all videos should be added using the VideoSplash widget. However, on the existing site, the video has been added directly on the page, which displays a frame from the video as the thumbnail. Since we are unable to save or reuse that thumbnail image, the artist used a business-related image as the VideoSplash thumbnail instead.
3. Valid
4. Valid",Updated,"Removed the text, other image issues remain"
"Design Section Notes:
na","No error description mentioned in the Design Section Notes but build score is showing as 93.55%. We noticed that the build points were reduced in ""Hero Images Build Score""",Updated,"Good call, adjusted"
"Same keyword for all core pages. “Paving”  The 50-60 character count required has not been fulfilled for meta titles  Paver Walkways | Paving | Austin, TX (36) Paver Driveways | Paving | Austin, TX (37) Paver Repairs | Paving | Austin, TX (35) Permeable Pavers | Paving | Austin, TX (38) Paver Pool Decks | Paving | Austin, TX (38) Paver Patios | Paving | Austin, TX (34) Retaining Walls | Paving | Austin, TX (37) Hardscaping Installation | Paving | Austin, TX (46) Paver Steps and Stairs | Paving | Austin, TX (44) ","Invalid: Paving is a relevant second keyword for all of these pages. We don't want an entire title tag to completely match from one page to another, but the same second keyword is fine as far as I'm aware. 50+ characters is not strictly required.",Valid,The issue here is that the second keyword isn't relatable to those pages. We don't want someone looking for paving to end up on the pool deck page. The second keyword needs to be relevant. 
55: Exhaust Installation and Repair: H3 same as the page name and H1. https://snipboard.io/4UNsrb.jpg ,Invalid: I cannot find a rule against this,Valid,The headlines are used for SEO. Having the same phrase repeated on the page several times reduces the range of terms that can be used to find that service. They should not match. 
2. Custom Pool Builder SAP 1st paragraph text link missing https://snipboard.io/8045jm.jpg ,Invalid: It's present in the post-CW backup: https://snipboard.io/CLqI1p.jpg,Updated,"Agreed - because it was a dark blue, it was hard to pick out of the black text. "
 Footer: hybrid version needed,"Invalid: This is clearly a service area business. Even though questionnaires relentlessly claim that customers go visit everyone's contractor business, the address is a home; there's no showroom, clients can't go visit them to pick up their swimming pool, a service area footer makes perfect sense here. ",Updated,Agreed.
Desktop and mobile request call back CTA button led to homepage.,Invalid: They both work properly on post-CW backup: https://my.websites.hibu.com/preview/eea3bb16dc25bbc5d44ac9f52fa3a5f3?device=desktop,Updated,Couldn't recreate it. 
Residential painting page wasn’t on mega menu,"Normally we see this feedback under ""Does the navigation follow best practices for the page order"" - Can we move it there please? The page was built.",Updated,
"1. Multiple Cooling CAT pages: new pages missing from Related Services links https://snipboard.io/cq4xIk.jpg although the new pages are really created under a different CAT and copied to both CATS, it's still technically part of thef Cooling CAT just as much as the Heating CAT and should appear to mimic the navbar. attempt to edit creates pop-up that says the related links only show what's actually in the CAT but also that it can be edited. QA prefers not to mess with this complicated site at this time. if DSC wants and adjustment, they can reach out to Amends","Invalid: The pre-clone save shows pages that are under multiple CATs but only in the page links for one. If CW had added them manually to related links this would require breaking functionality of related links, and CW would have had to do so on multiple pages that weren't otherwise part of the clone-to-add request. AM advised CW on how to handle this and did not include related links in my instructions; since there is no rule for this out-of-spec situation, CW should not be penalized here.",Valid,"If pages are created under a CAT, then all of the steps should be followed, regardless of how much time it takes. If the pages should appear on the related services, then they should be updated to fit the website specs. We update other things like the Home page and Cat Pages if new pages are added, so this should follow the same process. I'm not sure how this is out of spec since there are no assumptions on the Build case. "
27: Linkedin s/b on site. https://snipboard.io/uLW7HI.jpg https://snipboard.io/MaqblB.jpg,Invalid: LinkedIn is present on post-CW backup: https://my.websites.hibu.com/preview/3428702614332c4816445936b731ce9e?device=desktop,Updated,Agreed.
"Footer should be hybrid, address needed https://snipboard.io/GlOubQ.jpg","Invalid: They build on-site, meaning they are a service area business; the customer does not have to visit them. It's common to display addresses only on the contact page for service area businesses.",Updated,Agreed.
Home H1 should not be the NOB https://snipboard.io/2uFYLi.jpg,Invalid: This has never been a rule. The NOB contains the main keyword for the business.,Updated,"It less of a rule and more of whether it makes sense. Yeah, using the NOB is fine, but if you can offer better SEO by using keywords, that's better for the customer. For example, ""Plumbing and Water Heater Services"" gives more keywords to show up on searches. Just using the NOB is not helpful. When looking for a plumber, we don't search specific business names. "
"all CORE page titles should fall within 50-60 characters. Also, the repetition of the word ""repair"" is excessive and doesn't describe what is on the page.  Muffler Replacement | Auto Repair | Norfolk, VA (47) Tire Patching | Auto Repair | Norfolk, VA (41) Wiring Issue Repair | Auto Repair | Norfolk, VA (47) Battery Replacement | Auto Repair | Norfolk, VA (47) Engine Replacement | Auto Repair | Norfolk, VA (46) Tire Rotation Service | Auto Repair | Norfolk, VA (49) Gearbox Repair | Auto Repair | Norfolk, VA (42) Wheel Alignment | Auto Repair | Norfolk, VA (43) Exhaust Inspection | Auto Repair | Norfolk, VA (46) Axle Repair | Auto Repair | Norfolk, VA (39) Auto Diagnostics | Auto Repair | Norfolk, VA (44) Clutch Repair | Auto Repair | Norfolk, VA (41) Exhaust Leak Repair | Auto Repair | Norfolk, VA (47) Engine Repair | Auto Repair | Norfolk, VA (41) Flat Tire Repair | Auto Repair | Norfolk, VA (44) Differential Service | Auto Repair | Norfolk, VA (48) Oil Change | Auto Repair | Norfolk, VA (38) Driveline Repair | Auto Repair | Norfolk, VA (44) Car Radiator Service | Auto Repair | Norfolk, VA (48) State Inspections | Auto Repair | Norfolk, VA (45) CVT Repair | Auto Repair | Norfolk, VA (38) ","Invalid: Auto repair is a relevant second keyword for all of these pages. We don't want an entire title tag to completely match from one page to another, but the same second keyword is fine as far as I'm aware. 
50+ characters is not strictly required.",Valid,"The effort on that one is a bit troublesome. Repeating ""Auto Repair"" 20+ times can make it look like we didn't really try for this client, and isn't a perfect descriptor for every service. Some alternatives could be:

Muffler Replacement | Car Exhaust Service | Norfolk, VA
Wheel Alignment | Tire & Alignment Shop | Norfolk, VA
Oil Change | Auto Maintenance | Norfolk, VA
State Inspections | Vehicle Inspection Station | Norfolk, VA"
" https://imgur.com/a/ltSV7pU According to the page review, the finance page should be named financing","Invalid: In the questionnaire it is named ""finance""",Valid,"The page review is law, IIRC"
27: Generic social links/icons s/b removed. https://snipboard.io/SZMFdK.jpg https://snipboard.io/lsw62q.jpg,"Upon checking build's post backup, social icons widget doesn't show up in preview.
Build Post Backup Link: https://my.websites.hibu.com/preview/195c6b9dd4757807e3de1ecbed0d659a?device=desktop
https://snipboard.io/OGx5D9.jpg
https://snipboard.io/iUJVur.jpg",Agree,"Weird, fair"
"1. previous site had 5 SAPs including Kitchen Remodeling .https://snipboard.io/lY5nT6.jpg 

2. current site has only 4 SAPs, Kitchen page now hidden .https://snipboard.io/PkdYc4.jpg 

3. no instructions found requesting this change 

4. no assumption found addressing this change
",All Invalid — James and I went over this on 7/15. The site is consistent with its Case Subs.,Updated,I hate that guy!
LP Smartside -  Title - ? Casing Error - “Smartside” should be “SmartSide”,"Invalid — Questionnaire provides ""Smartside"": https://hibu--c.vf.force.com/apex/HibuVFPageContentOutput?id=500VN0000105jDiYAI&ObjectType=case",updated,Fair
Description - ? Spelling/Grammar Error - “Smartside” should be “SmartSide”  .https://snipboard.io/WurTEs.jpg   ,"Invalid — Questionnaire provides ""Smartside"": https://hibu--c.vf.force.com/apex/HibuVFPageContentOutput?id=500VN0000105jDiYAI&ObjectType=case
",updated,Fair
"Gallery – NOB even if shortened s/b consistent, other tags have Eagle Siding only. .https://snipboard.io/Gis8hM.jpg",Invalid — CW doesn't do Gallery metas.,updated,QAE duty
"Our Team -  Description - ? Spelling/Grammar Error - “in the Twin Cities, MN” is awkward; use “in Twin Cities, MN” or “in the Twin Cities” .https://snipboard.io/McU120.jpg","Invalid — CW used the best option. ""in Twin Cities, MN"" sounds like Twin Cities is the name of a town or city, and ""in the Twin Cities"" is missing the ST information. ",Updated,Agreed.
"Join Our Team page, NOB should not include period after ""Co"" .https://snipboard.io/c4mwJg.jpg
","Invalid — CW handled the NOB the way it's handled in the rest of the live, pre-clone site per process. Also, this NOB has a lot of periods in it, and at some point, we'd no longer be removing one at the end of the abbreviation — we'd be changing the NOB. ",Updated,Consistency is a fair argument
" Join Our Team page, job titles should be lowercase .https://snipboard.io/c4mwJg.jpg","Invalid — These appear to be proper noun job titles in this case because they're so elaborate. It's not just a ""repair person."" They're full, formal titles.",Updated,Fair argument
" Serving Area directory should stay under Contact, not move to main navbar .https://snipboard.io/m3Oauk.jpg  ","Invalid — Since this is a Clone to Add, per the June 8 dispatch, CW correctly left the Serving Area page under Contact as it is on the original site: https://snipboard.io/ENRhvS.jpg.  Then Build moved it: https://snipboard.io/ERnCA2.jpg.",Updated,Build error
CTA in all core page meta descriptions are missing a CTA. .https://snipboard.io/mb6qe4.jpg,"Invalid — Per Spec Site, CTAs in core page descriptions are not required but can be used if space permits. https://websitespec.hibuone.com/title-meta-core-product-service-page#:~:text=Meta%20Description%20%E2%80%94%20All%20Business%20Types",Updated,Fair
"Images Related: Tire Balancing page - hero image shows motorcycles, there is no indication that the business does motorcycle repair, changed hero image to one that shows cars https://imgur.com/a/xBJWJre  ","The hero pic is showing tire balancing machines with tires on them, those are not rear motorcycle fenders",Updated,"I'll update this, but the image does look like motorcycles to someone who doesn't know what they are looking for. The image that replaced it was more clearly a tire balancing machine. https://snipboard.io/ljydk7.jpg"
Image Clarity: adjusted size of copy block images to see more of the image on desktop,"Feels subjective since the template has a set height and the image itself related to the service, is this actually an error? ",Valid,"If the full image isn't displayed on the site, the image should be adjusted. I don't believe there is a guideline that says the images can't be resized to look better. 
It's difficult to tell what the image on the right is supposed to be showing. https://snipboard.io/o72sQp.jpg
"
Visit Us button isn't supposed to be on the engagement menu. Request button is just supposed to be hidden. https://snipboard.io/FtLcEO.jpg,"why is the ""visit us"" button supposed to be hidden if there is Visit Us in the header and this has a location that you would go visit? Is there a rule here that we are not aware of? ",Valid,"The Visit Us button leads to the Contact page, which is not needed on the EM. The Get Directions button is for visits."
Is the primary and secondary CTA set up correctly?,"CW Error marked, but call to action section notes say ""na""",Updated,
"2. Home and CAT coyblocks never have only one page-wide block. please restructure to 2 x 2 https://snipboard.io/lMoYcC.jpg
3. Hardscaping CAT copyblock imbalance, image placeholder needed https://snipboard.io/l0ysUx.jpg 4. Landscape Design CAT copyblock imbalance, image placeholder needed https://snipboard.io/jeOy7g.jpg
",These are Build's responsibility,Updated,
"SHORT META TITLES (under 50-60 characters) Indoor Air Quality | Pittsburgh, PA (35)   Basement Drying Service | Pittsburgh, PA (40)   Insurance Claims Support | Pittsburgh, PA (41)   Structural Drying | Pittsburgh, PA (34)   Flood Damage Restoration | Pittsburgh, PA (41)   Mold Inspection | Pittsburgh, PA (32)   Water Extraction | Pittsburgh, PA (33)   Wind Damage Restoration | Pittsburgh, PA (40)   Crawl Space Encapsulation | Pittsburgh, PA (42)   Mold Removal | Pittsburgh, PA (29)   Smoke And Soot Cleanup | Pittsburgh, PA (39)   Fire Damage Restoration | Pittsburgh, PA (40)   Smoke Odor Removal | Pittsburgh, PA (35)   Radon Mitigation | Pittsburgh, PA (33) ","This seems excessive. I'm not seeing deductions for short title tags from anyone else and not even consistently from this specific QAE. Could we have an FYI on this, please? ",Valid,"If they aren't consistently low, then we wouldn't see errors on it. The spec site says the writer should target 55 characters for the title tags. There are also instructions for adding more content if there is room. 
https://snipboard.io/jD93U8.jpg"
"""View More Projects"" button on site linked to hidden Gallery page. https://snipboard.io/TBPnr8.jpg",Invalid - CWs do not edit gallery buttons; this is a build task.,Valid,Agreed. I see it listed as a Build error.
"55 - CW: The first copy section on the Landscape Plantings (https://snipboard.io/GJ9Enk.jpg)  page was a duplicate of the first paragraph of the Landscape Design (https://snipboard.io/LFxpy2.jpg) page, which is not how the content was generated according to the pre-CW back up (https://snipboard.io/vqpKk0.jpg). ",Invalid - CW's post-editing backup shows unique content on each page.,Updated,I think the Dynamic site just went mad.
42 - CW: Open/Close widget is missing on a physical location site (Q235855). https://snipboard.io/npJGkY.jpg,Invalid - widget was removed by build; CW backup shows the widget is there but needed a resync.,Updated,"Agreed, I think they thought it was dead opposed to needed a sync"
Phone Number: Are the phone numbers listed correctly?,Invalid - no notes for this category.,Updated,"Agreed, seems like an accidential toggle"
FWR to CW: 1. Water Quality Testing CAT menu only shows one page but copyblocks include two other pages https://snipboard.io/GHlXdw.jpg ,"Invalid - The page was like this when CW worked the clone to add, and CW does not work on pages that are not part of the clone.",Updated,Fair
"1. Specialized Towing CAT page copyblock imbalance, image placeholder needed https://snipboard.io/Fa6jcP.jpg 2. Auto Repair Shop CAT page copyblock imbalance, image placeholder needed https://snipboard.io/qPyn1p.jpg 3. Car Maintenance CAT page copyblock imbalance, image placeholder needed https://snipboard.io/qvtPhb.jpg ",Invalid - balancing copy blocks is a build task.,Updated,Agree
None of the new hyperlinks were set to match pre-existing hyperlinks on current service/core pages. They were left white and nearly invisible.,Invalid - the links are visible on CW backup.,Updated,Build duty
"41 - Build: Since there were client supplied images and a valid CCA, a gallery page should’ve been built. - https://snipboard.io/zu3jQC.jpg; https://snipboard.io/5ESOL9.jpg; https://snipboard.io/k8IAZ0.jpg; https://snipboard.io/fFSGej.jpg; https://snipboard.io/mN78cY.jpg",41. There is no specific request to pull images from client's existing website. https://snipboard.io/5xHLN1.jpg,Updated,Agreed
menu: -Call us button led to incorrEngagement ect number.,Build's process does not include correcting Engagement menu links since this is connected in KG.,Updated,Known issue. This has been fixed on the template
"1. Build: https://imgur.com/a/cGHnXna Images were supplied there was not a gallery page created. 
 2. https://imgur.com/a/1urqh0f Google blue can only be used if their brand colors do not pass contrast. Their green passes.
4. https://imgur.com/a/FWyj4oA Text in the header is not balanced. ","1. Images supplied did not match the minimum image size hence they were not used.
2. Can this be treated as feedback? Build focused on the blue color and used the default when the client's blue did not pass.
4. Text is balanced on our end.
https://snipboard.io/Rr2VnH.jpg",Valid,"1. I don't see an assumption regarding the images not meeting the size requirement. https://snipboard.io/Ohjuvd.jpg
2. The green on the site still passes. That should have been used rather than the Google blue
4. Due to other alignment issues, the score will remain the same"
"1. Engagement menu: -Call and text buttons weren’t linked to any number.
2. FWR to Build: -The alignment is way off for the warranty callout on home and CAT pages on mobile. ","1. Build received this website with the buttons not linked. A known issue with Dynamic page websites. As per clarification, this issue is being fixed at the moment. 
2. Found no alignment issue in the mobile callout.",Updated/Valid,"1. Fair.
2. I see it.  https://snipboard.io/7oU5Hh.jpg"
Engagement menu: -Call and text buttons weren’t linked to a number.,"Build received this website with the buttons not linked. A known issue with Dynamic page websites. As per clarification, this issue is being fixed at the moment. ",Updated,Agreed - known issue
1. Flat Tire Assistance image is a driver servicing their own car https://snipboard.io/8oWlwi.jpg 2. Commercial Vehicle Towing image is not a commercial vehicle https://snipboard.io/uL9Tcx.jpg,"
1. Can this be tagged as a suggestion? The image used is a commonly used image for flat-tire assistance services, and there is no evidence to support the QA’s conclusion that the image shows the driver servicing their own vehicle. Build is also not very familiar with this type of image when it comes to determining whether the person shown is the driver or simply someone providing assistance.
2. Can this be tagged as suggestion the image used was an image of a van. And van vehicle was mentions on the commercial towing page content.
","1. Agreed
2. Valid","1. Fair. The man is in dress shoes and a suit jacket, which are not worn by roadside assistance workers. 
2. A commercial vehicle is a work truck, or a company-labeled vehicle. This van is a personal vehicle."
The note about calling being the quickest was not added to the request page. https://imgur.com/a/Pgk4fRu,Invalid - the text was added beneath the form: https://snipboard.io/AvEnt4.jpg,Updated,"Agreed, but why wouldn't it be added to the rest of the text at the top of the form?"
"Footer: Visit Us not needed, customers do not visit https://snipboard.io/vNuHQj.jpg ",Invalid - client answered Yes to Q235855 so the address was displayed across the website.,Updated,
Is the Request Form set up correctly?,Invalid - no notes for this category.,Updated,
Chimney Services CAT: copyblock missing for Level 1 and 2 inspections https://snipboard.io/jq9K3P.jpg,Invalid - there is a limit of 10 copy blocks.,Updated,
Was inaccurate information removed as needed?,Invalid - no notes for this category.,Updated,
"phone number on header not connected  https://snipboard.io/X4Cxpb.jpg 

cta button on heros throughout site not connected https://snipboard.io/Szm1sp.jpg ",Invalid - CW backup shows header phone and hero CTA button were connected: https://snipboard.io/R4TbiP.jpg,Updated,Known issue with disconnections
57: Placeholder Gallery text. https://snipboard.io/gxof23.jpg ,Invalid - this is a build task.,Updated,
47 - CW: Breadcrumbs weren't hidden on the home page. https://snipboard.io/v2WlAb.jpg,Invalid - breadcrumbs do not appear on CW backup: https://snipboard.io/vXdpC8.jpg,Updated,
Holiday Hours are not on the contact page.   https://imgur.com/a/vlKSu59 ,Invalid - this was a known HWP error and CW left an assumption.,Updated,
Grammar/Spelling: Is all copy grammatically correct and is it spelled correctly?,Invalid - no notes for this category.,Updated,
"1. Contact: current policy is follow the questionnaire for address, maps, etc. please add a map and Get Directions button 

2. Mobile engagement menu: Get Directions missing. although this is normally a Build task, they didn't include the button due to CW incorrect assumption regarding service-based business. CW should add this to avoid further delay going to Build. https://snipboard.io/ynIQJq.jpg ",Invalid - address error was already deducted in the footer section and CWs do not handle the engagement menu.,Valid,"The error is because the CW didn't add the Get Directions button to the footer, so Build didn't add it to the EM. "
22 - CW: Phone numbers weren't inputted in the header or the footer. https://snipboard.io/qDCoys.jpg,Invalid - this was a polysync issue.,Valid,"The Post CW backup was not connected, either. CW should check and reconnect before sending to Build. https://snipboard.io/VEdMmr.jpg"
Service page reviews widget contrast issue https://snipboard.io/oiNOJp.jpg ,Invalid - Assumption was made on website build case - Reviews widget on core page would not change from white text to black even though it is showing in the editor as black.,FYI'd.,"While we appreciate the assumption, if there are issues with the editor while working on the site, a ticket should be opened to resolve the issue before moving the site forward."
Engagement menu phone is not connected: https://snipboard.io/suIrRT.jpg,"Build received this website with the buttons not linked. A known issue with Dynamic page websites. As per clarification, this issue is being fixed at the moment.",Updated,
Long list of duplicate images used on different Hero image spaces,"Invalid - while the duplicate images are a problem, he is getting deducted points for both the Hero Image points and the Images Relate to Page Content.  Feels as those the point deductions are double dipping against the artist.",Updated,
"Category: Are the hero images clear and appropriate for the business
Error Note: na",No error note,Updated,
Contact: social media missing https://snipboard.io/4WG5ph.jpg,Invalid - this is a template error. Discussed in the 8/18 dynamic meeting.,Updated,Agreed - known issue
"Contact page, social media missing https://snipboard.io/bzFqfL.jpg",Invalid - this is a template error. Discussed in the 8/18 dynamic meeting.,Updated,Agreed - known issue
Contact: social media missing https://snipboard.io/wbdi1U.jpg ,Invalid - this is a template error. Discussed in the 8/18 dynamic meeting.,Updated,Agreed - known issue
Contact: social media missing https://snipboard.io/uESAzp.jpg ,Invalid - this is a template error. Discussed in the 8/18 dynamic meeting.,Updated,Agreed - known issue
Contact: social media missing https://snipboard.io/3sxNig.jpg,Invalid - this is a template error. Discussed in the 8/18 dynamic meeting.,Updated,Agreed - known issue
.https://imgur.com/a/QJ9cMAl FB link does not match what is on the Q. ,Invalid — FB link in the footer opens to the correct page. https://snipboard.io/67Jh8g.jpg,,Same error as line 41
"Looks like the headers was missing certain elements such as the phone number and button on desktop or mobile. Looks like the phone numbers were added on the CTAs on the callouts, but not the header on the desktop or mobile version. .https://imgur.com/a/5Wvf6M3","Invalid — These are missing on the last backup before the Clone, so it can be assumed that the client had them removed and they should not have been restored. https://snipboard.io/jJuy7g.jpg ",Updated,Agreed - 
.https://imgur.com/a/9o0eQr4 FB link does not match what is on the Q.,Invalid — FB link in the footer opens to the correct page. https://snipboard.io/67Jh8g.jpg,Updated,"That's really strange. It's right everywhere but the link itself. I guess as long as it goes to the right place, it's fine. "
" Also - the Hero buttons state ""Label CTA"" vs connected content.",Invalid — Unclear which hero buttons these are. The main hero CTA looks fine in the CW backup. https://snipboard.io/nCT27k.jpg,Valid,"The other error on this section indicates SAPs, then states ""Also..."" so I would assume it's still discussing the SAPs. Post CW CTAs on restored backup. https://snipboard.io/nCT27k.jpg"
.https://imgur.com/a/r1amnYi The gold text in the coupons do not pass contrast.,Invalid — Not a copywriter error.,Updated,Agreed - should have been a build error
Social media missing from contact page .https://snipboard.io/d2B1ue.jpg,Invalid — This is a template error that we are discovering.,Updated,Agreed - known issue
Wrong Phone # on Call/Text Popup. .https://snipboard.io/LcrHy8.jpg Buttons redirect to Home. .https://snipboard.io/XWLOkB.jpg ,"Invalid — CW does not work the Call/Text popup.
",Valid,"CW doesn't add it, but they should definitely check to make sure it's right. "
Generic button text on form fill. .https://snipboard.io/EGCUA7.jpg ,Invalid — This is not an SEO issue and was already counted under the Request Form column.,Updated,I think this was an error on the paste. 
Contact page: social media icons missing .https://snipboard.io/78lQkK.jpg,Invalid — This is a template error that we are discovering.,Updated,Agreed - known issue
Send Message button in footer; client didn’t want email displayed. .https://snipboard.io/KBdowx.jpg .https://snipboard.io/9BygrU.jpg,This is a Build responsibilitiy.,,This is marked as a build error. https://snipboard.io/eTPpam.jpg
.https://snipboard.io/LaCPfz.jpg Placeholder # on Call/Text Pop Up. ,"CW does not check/adjust this - this may be a template issue, it should automatically pull in the phone #.",Valid,"CW doesn't add it, but they should definitely check to make sure it's right. "
The blog wasn't set to publish after it was imported. .https://snipboard.io/IckNDt.jpg  ,Not a CW task,,This is marked as a build error https://snipboard.io/sXK4rS.jpg
 Social media icons are missing from the Contact page and footer - .https://snipboard.io/KOBmWb.jpg ,Multiple location footer does not have social icons -and Dynamic contact page was missing them at the template level.,Updated,Agreed - known issue
 Careers page was still set to draft/hidden so it does not appear in the navigation - .https://snipboard.io/jNSAlG.jpg ,Checked CW backup - Careers page was not set at draft/hidden. https://snipboard.io/FaEfq9.jpg,Updated,Agreed - happened during build
Coupon: incorrect comma .https://snipboard.io/U9kW7Q.jpg ,Valid punctuation error but incorrect category.,,This is the error we use for punctuation. 
 Contact: social media from footer missing from contact page .https://snipboard.io/5ULzBk.jpg ,This was missing at the template level from dynamic templates for a while.,Updated,Agreed - known issue
Contact: social media missing .https://snipboard.io/EmaOQN.jpg ,Invalid — This is a template error that we are discovering.,Updated,Agreed - known issue
Request form: practice area and message fields s/b removed .https://snipboard.io/wmx1Xv.jpg ,"Invalid — Request Page form is a Build task.
",Valid,Request forms are a CW responsibility https://snipboard.io/twAGx6.jpg
Missing hero images for Water Well Companies service area pages .https://snipboard.io/1QMo5P.jpg,Invalid — Not a CW issue.,Updated,
" Image was supplied, but hero was not connected to it, causing heros to have missing image. .https://snipboard.io/uKXQzb.jpg
",Invalid - Not a CW issue.,Updated,
"2nd CTA link missing on the Hardscaping page. .https://snipboard.io/TpbzlM.jpg

2nd CTA link missing on the Quartz page. .https://snipboard.io/S7PQry.jpg

2nd CTA link missing on the Kitchen Countertops page. .https://snipboard.io/VG9do8.jpg

2nd CTA link missing on the Fireplace Surrounds page. .https://snipboard.io/SiGYph.jpg

2nd CTA link missing on the Shower Wraps page. .https://snipboard.io/BfzlyL.jpg
",Invalid — Template issue.,Valid,It was my understanding that the CW team was made aware of the issue with the CTA link and were instructed to remove the line break and check the link to make sure it was accurate. 
"Social media missing from contact page, additional sites not included in footer",Invalid — This is a template error that we are discovering.,Updated,Agreed - known issue
"IG was misspelled so CW should try the correct spelling .https://snipboard.io/s32qoX.jpg
",Invalid — CW is not expected to track down the correct socials. ,Updated,Agreed. QAE checks the links
"All service pages title tags, format doesn't include NOB .https://snipboard.io/u8p6Ly.jpg",Invalid — SAP title tag format does include NOB. https://snipboard.io/F7xJ3M.jpg,Valid,"Core pages do not unless there is still room after a secondary keyword is added. The error is for service pages, not SAPs https://snipboard.io/dwj5YL.jpg"
"Blog was imported, should be visible on navbar .https://snipboard.io/uSt4rm.jpg ",Not a CW task,,This is marked as a Build Error. https://snipboard.io/QnVNPx.jpg
"Contact page: social media in footer, should be on contact also .https://snipboard.io/qnCT8j.jpg ",This was a template issue with Dynamic sites,Updated,Agreed - known issue
Gallery: Shotcrete anchor not linked .https://snipboard.io/BnSVe1.jpg  ,"Build set up these anchors, not CW",,This is marked as a Build Error. https://snipboard.io/QnVNPx.jpg
Hot Tub pages should not have swimming pool gallery .https://snipboard.io/lEUTbH.jpg,Build error,,This is marked as a Build Error. https://snipboard.io/QnVNPx.jpg
Contact: social media missing .https://snipboard.io/VwY1mk.jpg ,"This is a Dynamic template issue, the widget was missing.",Updated,Agreed - known issue
Gallery: no reason found for this to be set as draft .https://snipboard.io/ry5KY7.jpg ,Build task,,This is marked as a Build error https://snipboard.io/GhmaIK.jpg
CW forgot to input holiday hours in business data as well as adding them to the contact page.,"Invalid — Holiday hours were in Yext at the time of QAE and should load into t Business Data automatically, and the widget doesn't always show them. https://snipboard.io/N5f98D.jpg",Updated,Agreed - known issue
 Contact and footer social media icons inconsistent .https://snipboard.io/aSQhs6.jpg ,"Build did this - on the CW backup, there is FB & IG in the footer, and no socials on Contact page due to Dynamic template error.",Updated,Agreed
https://imgur.com/a/Uuo6WaW For pest control SAP the worker is in their socks.,"Could this be tagged as a reminder for now? Build is mainly focused on the service being performed, which is spraying. The man’s dark socks blended with his shoes and protective pants, making them difficult to notice. Since removing shoes when entering the home is common in many Asian households, could this also be tagged as cultural-difference knowledge for now?",Valid,Those are very clearly socks. We don't build websites for Asian homes. Our work laws in the US would consider this unsafe and against the law. 
2. Engagement menu not connected: https://snipboard.io/3EmDeB.jpg ,"2. Build received this website with the buttons not linked. A known issue with Dynamic page websites. As per clarification, this issue is being fixed at the moment.",Updated,Agreed - known issue
"Post FWR: as per CW assumption ""2. Per Q235855, client answered yes to displaying address"" correct, but that is not the same as having customers visit the location. the address could be only for mailing purposes. therefore, it's not needed. also because ""no"" to a pinpoint map.","Invalid - CWs are instructed to follow the Q. The client answered yes to 
Does your business have a physical location that customers can visit, with permanent signage and staff available during business hours?, so it was included on the website.",Updated,
22 - Call and Text buttons on the Engagement Menu were not connected / left as template numbers. - https://snipboard.io/AbEoOw.jpg; https://snipboard.io/zqXYW0.jpg,Invalid - CWs do not handle the engagement menu.,,This is a peer review entry. https://snipboard.io/pHnZ7R.jpg
47 - CW: Mobile header Order Online button is linked to the Home page instead of the third-party ordering site - https://snipboard.io/VQu7cz.jpg,Invalid - the link goes to the ordering site on CW backup.,Valid,The mobile button goes to the Home page. https://snipboard.io/yDwaLW.jpg
Home breadcrumbs should be removed: https://snipboard.io/gbBHar.jpg,Invalid - there are no breadcrumbs on CW backup.,Updated,
Do the headlines and body copy follow the writing style guidelines and best practices?,Invalid - no notes for this category.,Updated,
1. Contact: social media missing https://snipboard.io/g0oAyR.jpg  ,Invalid - this is a known template issue.,Updated,
Is the meta description set up for each page?,Invalid - no notes for this category.,Updated,
"Footer content missing, doesn't appear on any backups, does not seem to be a yext/listings glitch as all other listings content is visible https://snipboard.io/4FjAV2.jpg ",Invalid - the site just needed a resync.,Valid,It looks like the content was missing from the Post CW version as well. 
Home and CAT pages Title tags are over 60 characters with the pipes and comma in them. https://imgur.com/a/ktht2GB ,Invalid - the metas reverted back to the unedited AI versions after the site was submitted; known template issue brought up in the dynamic meeting on 8/25.,Valid,The meta on the post QAE backup is the same as what CW has in the uploaded meta doc. They are over the character count. https://snipboard.io/qa9Ni0.jpg
Insect Control H1 has new title in it. https://imgur.com/a/Otu7Uar ,Invalid - does not appear on CW backup: https://snipboard.io/HpoCnY.jpg,Updated,
All CAT pages retained pipes and commas while exceeding the 60-character count. All CORE titles are improperly blown out above the 60-character count.,Invalid - the metas reverted back to the unedited AI versions after the site was submitted; known template issue brought up in the dynamic meeting on 8/25.,Valid,These are the post CW Home and Cat pages. https://snipboard.io/UpjM5B.jpg
37: Request forms weren't completed. https://snipboard.io/MX2qoO.jpg,Invalid - request forms on both location pages were completed on CW backup.,Updated,Looks like build may have replaced the form 
CTA should be call or text as their number is a mobile and they want to give people the option to text them.,Invalid - we only use Call or Text when they have a Listings RCF with texting enabled.,Updated,
Comma missing on the NOB.  https://imgur.com/a/PB5yHBL ,Invalid - this is a DSC error - it was entered in Yext that way.,Valid,I thought the NOB is based on the questionnaire. There is a comma in the questionnaire. https://snipboard.io/mQU9Vj.jpg
"22: Phone button on mobile header says Call/Text, should just be phone #. https://snipboard.io/ckXM1H.jpg Client doesn’t want to be texted either.   ",Invalid - the button is just the phone number on CW backup: https://snipboard.io/tNPHmT.jpg,Updated,Looks like the button was changed during build
49: Team -  Description - ? Formatting Error - Meta description should include the business name. https://snipboard.io/cEVqWa.jpg,"Invalid - the spec site does not include the NOB in the description format as ""Our team/ technicians, trainers offer / provide / serve / specialize in, etc. [Core business keyword (or phrase)] [City, ST or serving area]. Motivating factor. Motivating factor (space permitting). Motivating factor (space permitting).""  ",Updated,Agreed - has this been escalated to Jess Trevino to update prompts?
"1. Gallery page hidden as it doesn't have minimum 6 images https://snipboard.io/GyscVK.jpg
2. Home and CAT page galleries can have only 3 images but buttons to Gallery page need to be hidden https://snipboard.io/eNKb4j.jpg","1-2. Minimum client supplied images has been changed to 3 per the updated spec site.
https://snipboard.io/euB1GE.jpg
https://websitespec.hibuone.com/photo-galleries",,"There are other errors, so the score won't change. "
"1. Gallery page should have already been staged for publish https://snipboard.io/dkRGnc.jpg
2. Auto Repair and Tire CAT galleries should not 9 or fewer images https://snipboard.io/GedJ9T.jpg ","1. Requesting this to be treated as feedback. Upon checking, Gallery page was already drafted when Build received the website. The expectation is that Gallery page will be ready for Publish when Build receives the website from Copy. 
2. Per spec site, allowed image is 3-9 for CAT pages.",Valid,"1. CW does not do any work on the Gallery page, so it is up to the Build artist to publish it. 
2. The Auto Repair Shop Cat page has a full gallery, when it should be 9 or less. https://my.websites.hibu.com/site/1a97be8b5c8a6008eb21d4dda1be4b44/what-we-do/auto-repair-shop?showOriginal=true&preview=true&insitepreview=true&dm_device=desktop&t=11111"
Engagement menu not connected https://snipboard.io/83ILqN.jpg," Build received this website with the buttons not linked. A known issue with Dynamic page websites. As per clarification, this issue is being fixed at the moment.",Updated,
Engagement menu not connected: https://snipboard.io/jrhyO5.jpg," Build received this website with the buttons not linked. A known issue with Dynamic page websites. As per clarification, this issue is being fixed at the moment.",Updated,
Phone Number: Are the phone numbers listed correctly?,Invalid — No error reported for this category.,Updated,
Contact: social media missing .https://snipboard.io/TPxNog.jpg ,Invalid — This is a template error that we are discovering.,,"There are other errors, so the score won't change"
Contact: social media missing .https://snipboard.io/QV68pL.jpg,Invalid — This is a template error that we are discovering.,,"There are other errors, so the score won't change"
mega menu has missing pages according to page converter document .https://snipboard.io/AqMvGD.jpg .https://snipboard.io/w1NR2r.jpg,"Invalid — Pages are present in the site (on the CAT), so this looks like an issue with the mega menu presenting them, which is a Build issue.",,"There are other errors, so the score won't change"
Contact: social media missing .https://snipboard.io/LF4gqP.jpg,Invalid — This is a template error that we are discovering.,Updated,
Contact: social media missing .https://snipboard.io/LnmGqh.jpg ,Invalid — This is a template error that we are discovering.,Updated,
Is the meta description set up for each page?,Invalid — No errors reported in this category.,Valid,https://snipboard.io/n3KbjN.jpg
Do the headlines and body copy follow the writing style guidelines and best practices?,Invalid - No error reported for this category.,Valid,This is the error we use for punctuation and copy accuracy.
Contact: social media missing .https://snipboard.io/zRHidM.jpg ,Invalid — This is a template error that we are discovering.,,"There are other errors, so the score won't change"
Footer request Q241343 is reasonable. CW should copy/paste email from contant page to footer,"Invalid — There is an assumption for this. QAE can disagree and change the button, but this is not an error.",Updated,
Repeating Gallery CAT/Home sections also appearing on Gallery page. .https://snipboard.io/hTZjWR.jpg  ,Invalid - Build issue.,,There are other errors so the score won't change.
Team -  Title - ? No Error Description - ? Formatting Error - Missing the name of business in the description. .https://snipboard.io/OSuoHg.jpg,Invalid — Team pages do not require the NOB in the description. https://websitespec.hibuone.com/title-meta-out-of-norm-pages#:~:text=Meet%20Our%20(or%20Your)%20Team%2C%20Technicians%2C%20Trainers%2C%20Attorneys%2C%20etc,Updated,Agreed - has this been escalated to Jess Trevino to update prompts?
The client didn't request texting and the RCF isn't set up for texting. The button wasn't changed to just click to call. .https://snipboard.io/xsXDrI.jpg  .https://snipboard.io/y1erHR.jpg,Invalid — This is correct in the CW backup. https://snipboard.io/liwZj2.jpg,Updated,I wonder if this was a connection error of some kind. I can't find the Call or Text button 
Social Media missing from contact page,Invalid — This is a template error that we are discovering.,Updated,
- Casement Window Installation hero image does not properly represent the service (image is of a bay window - https://snipboard.io/4HGxlI.jpg). FWR to Build to replace hero image. - Window Glass Replacement hero image does not properly represent the service (image focuses on blinds - https://snipboard.io/RdVa39.jpg). FWR to Build to replace hero image. - Egress Window Installation hero image does not properly represent the service (image is of car windshield replacement - https://snipboard.io/3aD1sy.jpg). FWR to Build to replace hero image. - Furniture Mirror Replacement hero image does not properly represent the service (image is of exterior windows - https://snipboard.io/3i0sL1.jpg). FWR to Build to replace hero image. - Windowsill Repair hero image does not properly represent the service (image is of a car sunroof - https://snipboard.io/07lndT.jpg). FWR to Build to replace hero image. - Emergency Commercial Glass Repair hero image does not properly represent the service (image is of residential home with shades - https://snipboard.io/F5s2H6.jpg). FWR to Build to replace hero image. - Glass Shower Enclosures hero image does not properly represent the service (image is of a bathroom mirror and does not show a shower - https://snipboard.io/j5cfbB.jpg). FWR to Build to replace hero image. - Storefront Glass Installation Services hero image does not properly represent the service (image is of glass railing wall - https://snipboard.io/n6LdC1.jpg). FWR to Build to replace hero image. - Transom Window Installation hero image does not properly represent the service (image is of a shattered car windshield - https://snipboard.io/bvTApa.jpg). FWR to Build to replace hero image.,Technical issue. This case was submitted with a different set of images. The change happened after Build submitted the case. We have raised this issue in the group chat since a couple of websites were affected with reverting images and content.,Updated,Please make sure that tickets are being opened for these issues so the systems and product team can research the cause. 
"1. Home page - icon for Upholstery Cleaning didn't accurately represent the subject https://snipboard.io/10Uw6n.jpg, replaced icon",1. Icon used appears appropriate for upholstery cleaning since it shows a furniture vacuum being used. https://snipboard.io/qdj4vx.jpg,Updated,I can't tell what that image is. An icon of a vaccuum or just an armchair would be better. 
75: The call us button wasn't connected to the correct phone number. https://snipboard.io/WZThr1.jpg ,"The Engagement Menu buttons are intended to be connected automatically through Yext data and button collections, as outlined in the documentation. Also we have noticed the all the phone number and CTA links are getting disconnecting, we have notified this in the weekly Dynamic Site Touchpoint call, Assuming this is an technical issue not a build error.",Updated,
"
75: The request button wasn't removed from the engagement menu. This client only has one CTA.  https://snipboard.io/gjfTwq.jpg
","Based on our understanding, the Engagement Menu buttons are intended to be connected automatically through Yext data and button collections, as outlined in the documentation. Also we have noticed the all the phone number and CTA links are getting disconnecting, we have notified this in the weekly Dynamic Site Touchpoint call, Assuming this is an technical issue not a build error.",Valid,"It's a Build responsibility to remove buttons that aren't used. Since the Request button wasn't used, it should have been removed from the EM."
75 - Build: Engagement menu Call Us button is not connected to the business phone so it shows and is connected to a template number - https://snipboard.io/KsIHSP.jpg Engagement menu Visit Us button is linked to the unused request form page instead of the Contact page - https://snipboard.io/yfENjS.jpg,"The Engagement Menu buttons are intended to be connected automatically through Yext data and button collections, as outlined in the documentation. Also we have noticed the all the phone number and CTA links are getting disconnecting, we have notified this in the weekly Dynamic Site Touchpoint call, Assuming this is an technical issue not a build error.",Valid,"That button was originally the Request Button, but it was updated to Visit Us. Since the Get Direction button already exists, the Visit Us button is not needed. 
Post Build: https://snipboard.io/7J3kSz.jpg
Post CW: https://snipboard.io/niob8J.jpg"
"75: Call us phone number on the engagement menu wasn't changed to the correct number. https://snipboard.io/SlYmgL.jpg 
41: The gallery page was not set to publish after images were added. https://snipboard.io/W8tV2m.jpg 
","1. The Engagement Menu buttons are intended to be connected automatically through Yext data and button collections, as outlined in the documentation. Also we have noticed the all the phone number and CTA links are getting disconnecting, we have notified this in the weekly Dynamic Site Touchpoint call, Assuming this is an technical issue not a build error.
2. Valid",1. Updated,
"75: The phone number wasn't selected for the engagement menu. https://snipboard.io/vlh5z2.jpg 
","the Engagement Menu buttons are intended to be connected automatically through Yext data and button collections, as outlined in the documentation. Also we have noticed the all the phone number and CTA links are getting disconnecting, we have notified this in the weekly Dynamic Site Touchpoint call, Assuming this is an technical issue not a build error.",1. Updated,
https://imgur.com/a/ptQ8LIe Text in the header is not balanced.   https://imgur.com/a/flSg7h0 Texting is not in the EM.,"1.In the post build backup header text alignment looks fine: https://snipboard.io/EZ2x0X.jpg
2. Based on our understanding, the Engagement Menu buttons are intended to be connected automatically through Yext data and button collections, as outlined in the documentation. Also we have noticed the all the phone number and CTA links are getting disconnecting, we have notified this in the weekly Dynamic Site Touchpoint call, Assuming this is an technical issue not a build error.",1. Updated,
Door Painting image is an unpainted door https://snipboard.io/Lbq20a.jpg,"Invalid: The background image shows a stained wood door, not an unpainted or completely raw door, Many homeowners choose stained wood doors over solid paint because wood stain highlights natural textures",Valid,But the page is about painting. It doesn't mention staining.
"
67: The default blue was used on the related services menu and this doesn't go with the rest of the website theme. https://snipboard.io/6jpdLq.jpg   

","1. The related service underline color was not changing, there was an issue with that widget, we have mentioned this in the dynamic site traing aswell, can we consider this as feedback for now. ",Updated,"We can FYI for now, but please open tickets on any site issues you can't resolve. "
75: The Call and text buttons weren't connected to the correct phone number.  https://snipboard.io/jRCBQ7.jpg  https://snipboard.io/5S2G6i.jpg  ,"Based on our understanding, the Engagement Menu buttons are intended to be connected automatically through Yext data and button collections, as outlined in the documentation. Also we have noticed the all the phone number and CTA links are getting disconnecting, we have notified this in the weekly Dynamic Site Touchpoint call, Assuming this is an technical issue not a build error.",Updated,
"https://imgur.com/a/iV29d5v Google blue was used for the linked text when their blue will pass contrast.  
https://imgur.com/a/I2GeOHC The text in the header is not balanced; it is off by one or two pixels.   
https://imgur.com/a/rPrMxx5 The Mother of the Bride Hero image shows the bride.  
https://imgur.com/a/PN7A3BS EM phone number is not linked on the call button. 
","1. Valid
2. In the post build backup header text alignment looks fine: https://snipboard.io/IWU3ha.jpg
3. Valid
4. The Engagement Menu buttons are intended to be connected automatically through Yext data and button collections, as outlined in the documentation. Also we have noticed the all the phone number and CTA links are getting disconnecting, we have notified this in the weekly Dynamic Site Touchpoint call, Assuming this is an technical issue not a build error.",Updated,
"75: Buttons on the engagement menu weren't connected. https://snipboard.io/76HIas.jpg  https://snipboard.io/YLNgE4.jpg 
","The Engagement Menu buttons are intended to be connected automatically through Yext data and button collections, as outlined in the documentation. Also we have noticed the all the phone number and CTA links are getting disconnecting, we have notified this in the weekly Dynamic Site Touchpoint call, Assuming this is an technical issue not a build error.",Updated,
">>Design Section Notes:
https://imgur.com/a/L1MyIEe The text in the header is not balanced it is off by one or two pixels.  https://imgur.com/a/L7XUnFE EM call and text buttons are not connected to the phone number.","1. In the post build backup header text alignment looks fine: https://snipboard.io/jvSWe9.jpg
2. The Engagement Menu buttons are connected automatically through Yext data and button collections. We have noticed that phone numbers and CTA links are getting disconnected even after being reconnected manually. The post-build backup shows the EM buttons were connected correctly, so this appears to be a technical issue rather than a build-related error.",Updated,
"
Engagement menu: -Call us button was linked to wrong number.","the Engagement Menu buttons are connected automatically through Yext data and button collections. We have noticed that phone numbers and CTA links are getting disconnected even after being reconnected manually. The post-build backup shows the EM buttons were connected correctly, so this appears to be a technical issue rather than a build-related error",Updated,
"
70: FWR: Related Services Widget for some Criminal Defense child pages is so long that the widget gets cut off, not showing all pages on some of the childs. https://snipboard.io/blWvmA.jpg Extra column space on Harassment Defense page. https://snipboard.io/n7iMNI.jpg Same with Domestic Violence: https://snipboard.io/iOBXz0.jpg Juvenile Crimes Defense: https://snipboard.io/0dN3Ek.jpg Menacing Defense: https://snipboard.io/qj1Zl3.jpg Violent Crimes Defense: https://snipboard.io/SY5EGU.jpg Child Abuse Defense: https://snipboard.io/u8G9cX.jpg Vehicular Assault Defense: https://snipboard.io/KcqvS8.jpg White Collar-Crimes Defense: https://snipboard.io/dSvIbp.jpg Property Crimes Defense: https://snipboard.io/d0j576.jpg Slip and Fall: https://snipboard.io/Li0dAp.jpg Computer Crimes Defense: https://snipboard.io/gnFtZS.jpg Vehicular Homicide Defense: https://snipboard.io/1TEqO7.jpg Drug Trafficking Defense: https://snipboard.io/gYAbWv.jpg Weapons Charges Defense: https://snipboard.io/Xx20f4.jpg Robbery and Burglary: https://snipboard.io/SMFoDb.jpg   Thin hero font color has low CCR, please fix. https://snipboard.io/pmk8so.jpg  ","Upon reviewing the post-build backup, the spacing and alignments appears fine on both the QA-reported pages and the other pages we checked.  it appears to be a dynamic sites technical glitch rather than a build error.
Post Build Back-up: https://my.websites.hibu.com/preview/293f621f0784ac72025ab6e42eba77ac?device=desktop",Updated,
"75: Call button wasn't connected to the correct phone number. https://snipboard.io/KNuAbe.jpg 
","Based on our understanding, the Engagement Menu buttons are intended to be connected automatically through Yext data and button collections, as outlined in the documentation. Also we have noticed the all the phone number and CTA links are getting disconnecting, we have notified this in the weekly Dynamic Site Touchpoint call, Assuming this is an technical issue not a build error.",Updated,
"https://imgur.com/a/r4MpAfF Text in the header is not balanced.  
https://imgur.com/a/b5DcbzD Phone number is not connected on the call button on the EM. 

","1.Valid
2. The Engagement Menu buttons are connected automatically through Yext data and button collections. We have noticed that phone numbers and CTA links are getting disconnected even after being reconnected manually.  so this appears to be a technical issue rather than a build-related error.
3. Vaid
",Updated,
"75: The call and text buttons weren't set up on the engagement menu. https://snipboard.io/iPOzmk.jpg 
","Based on our understanding, the Engagement Menu buttons are intended to be connected automatically through Yext data and button collections, as outlined in the documentation. Also we have noticed the all the phone number and CTA links are getting disconnecting, we have notified this in the weekly Dynamic Site Touchpoint call, Assuming this is an technical issue not a build error.",Updated,
Engagement menu call and text buttons not connected https://snipboard.io/S5soGv.jpg Call or text pop is not connected https://snipboard.io/vFJ8MY.jpg ,"The Engagement Menu buttons are intended to be connected automatically through Yext data and button collections, as outlined in the documentation. Also we have noticed the all the phone number and CTA links are getting disconnecting, we have notified this in the weekly Dynamic Site Touchpoint call, Assuming this is an technical issue not a build error.",,This is a Peer Review Entry
"71: Coupon/Callout Headline Colors have low CCR. https://snipboard.io/jNShGp.jpg   
75: EM Call and Text buttons go to blank text. https://snipboard.io/mRG46a.jpg https://snipboard.io/adHNz4.jpg  ","1. Valid
2. The Engagement Menu buttons are intended to be connected automatically through Yext data and button collections, as outlined in the documentation. Also we have noticed the all the phone number and CTA links are getting disconnecting, we have notified this in the weekly Dynamic Site Touchpoint call, Assuming this is an technical issue not a build error.",Updated,
"75: EM has blank Call/Text buttons. https://snipboard.io/1ApxRW.jpg https://snipboard.io/n2YHF6.jpg 
","Based on our understanding, the Engagement Menu buttons are intended to be connected automatically through Yext data and button collections, as outlined in the documentation. Also we have noticed the all the phone number and CTA links are getting disconnecting, we have notified this in the weekly Dynamic Site Touchpoint call, Assuming this is an technical issue not a build error.",Updated,"There's no need to add the Valid errors to the error column. To avoid confusion, please only add errors and notes for the items you are rebutting. https://snipboard.io/FWL0md.jpg
https://snipboard.io/WNMjpK.jpg"
"
https://imgur.com/a/sR5LEtY The text in the header is not balanced.  https://imgur.com/a/TaSV8nh Call on the EM is not connected to the phone number.
","2. The Engagement Menu buttons are connected automatically through Yext data and button collections. We have noticed that phone numbers and CTA links are getting disconnected even after being reconnected manually. The post-build backup shows the EM buttons were connected correctly, so this appears to be a technical issue rather than a build-related error. Post Build: https://snipboard.io/FZbNmq.jpg",Updated,
"
Engagement menu: -Call and text buttons weren’t connected to a number.","The Engagement Menu buttons are intended to be connected automatically through Yext data and button collections, as outlined in the documentation. Also we have noticed the all the phone number and CTA links are getting disconnecting, we have notified this in the weekly Dynamic Site Touchpoint call, Assuming this is an technical issue not a build error.",Updated,
Mobile engagement menu template button https://snipboard.io/7FiWkp.jpg,"we have noticed the all the phone number and CTA links are getting disconnecting, we have notified this in the weekly Dynamic Site Touchpoint call, Assuming this is an technical issue not a build error.",Updated,
"https://imgur.com/a/eaBYhFP EM does not have the phone number connected. 

","Based on our understanding, the Engagement Menu buttons are intended to be connected automatically through Yext data and button collections, as outlined in the documentation. Also we have noticed the all the phone number and CTA links are getting disconnecting, we have notified this in the weekly Dynamic Site Touchpoint call, Assuming this is an technical issue not a build error.",Updated,
"Call and text buttons missing from engagement menu: https://snipboard.io/gJ67oS.jpg Call or text pop not connected: https://snipboard.io/P4KLVM.jpg 
","the Engagement Menu buttons are connected automatically through Yext data and button collections. We have noticed that phone numbers and CTA links are getting disconnected even after being reconnected manually. The post-build backup shows the EM buttons were connected correctly, so this appears to be a technical issue rather than a build-related error",Updated,
"Engagement menu/call or text pop not connected: https://snipboard.io/SREnLX.jpg 
Slate roofing hero shows asphalt shingles: https://snipboard.io/4havVd.jpg ","1. The Engagement Menu buttons are intended to be connected automatically through Yext data and button collections, as outlined in the documentation. Also we have noticed the all the phone number and CTA links are getting disconnecting, we have notified this in the weekly Dynamic Site Touchpoint call, Assuming this is an technical issue not a build error.
2. Valid",Updated,
75: Call/Text buttons on EM have placeholder #s. https://snipboard.io/yqiaoF.jpg ,"The Engagement Menu buttons are intended to be connected automatically through Yext data and button collections, as outlined in the documentation. Also we have noticed the all the phone number and CTA links are getting disconnecting, we have notified this in the weekly Dynamic Site Touchpoint call, Assuming this is an technical issue not a build error.",Updated,
"1. Gallery page requested. Build assumption says social media has no images, but instagram has plenty of images that can be used: https://www.instagram.com/ridenow_autogroup  1. Contact: social media missing https://snipboard.io/LnmGqh.jpg ",Invalid: In the questioner there is no instruction to take images from the FB or any social media. as per the process customer should specify which images we need to use from the FB,Updated,
Enagement menu and call or text pop ups were not connected: https://snipboard.io/yTGcoZ.jpg,"The Engagement Menu buttons are intended to be connected automatically through Yext data and button collections, as outlined in the documentation. Also we have noticed the all the phone number and CTA links are getting disconnecting, we have notified this in the weekly Dynamic Site Touchpoint call, Assuming this is an technical issue not a build error.",Updated,
75 - Build: Engagement Menu click to call button is not properly connected to the phone number. It is showing a template phone number - https://snipboard.io/Fzbycu.jpg,"75. EM - Invalid - The button is linked properly. Please find the attached screenshot. https://snipboard.io/9VvDIY.jpg
Post build Preview: https://my.websites.hibu.com/preview/da41d3a1717997ce0a9e5db099c6c134?device=desktop",Updated,
Call or text pop was not connected&#58; https&#58;//snipboard.io/NKieLA.jpg,"2. the Engagement Menu buttons are connected automatically through Yext data and button collections. We have noticed that phone numbers and CTA links are getting disconnected even after being reconnected manually. The post-build backup shows the EM buttons were connected correctly, so this appears to be a technical issue rather than a build-related error. Post Build: https://snipboard.io/KHbS6Q.jpg
",Updated,
Engagement menu not connected https&#58;//snipboard.io/ZvVBsc.jpg,"Based on our understanding, the Engagement Menu buttons are intended to be connected automatically through Yext data and button collections, as outlined in the documentation. Also we have noticed the all the phone number and CTA links are getting disconnecting, we have notified this in the weekly Dynamic Site Touchpoint call, Assuming this is an technical issue not a build error.",Updated,
"1. the Auto repair shop dropdown in the mega Menu doesn’t show all the items even when You scroll down. a few are cut off.
2. the text is not at all balanced on a lot of pages on Mobile, and words are cut off.","1. All pages in the mega menu navigation are visible on our end. Also, adding or removing pages from the mega menu is a not a build task https://snipboard.io/hqC83l.jpg
2. In the post-build backup, everything looks fine, not sure where the issue originated. Below is the post-build backup link for reference.
Post Build: https://my.websites.hibu.com/preview/cc9c2a8e794baa1c44798d341e5f7e2f?device=desktop
Since this is a dynamic site, modifying the text alignment on one page would impact all pages that use the same component/template. Therefore, this does not appear to be a build issue. assuming that either someone attempted to adjust the hero text, or this is a technical issue rather than a build error.",Updated,
Call or text pop not connected&#58; https&#58;//snipboard.io/7ChlPv.jpg,"the Engagement Menu buttons are connected automatically through Yext data and button collections. We have noticed that phone numbers and CTA links are getting disconnected even after being reconnected manually. The post-build backup shows the EM buttons were connected correctly, so this appears to be a technical issue rather than a build-related error",Updated,
"1. Home&#58; Muffler and Exhaust has a copyblock but not found in menu https&#58;//snipboard.io/Gw74Lq.jpg
2. Service page H3s are black text on black background https&#58;//snipboard.io/NQsMcg.jpg","1. Not a build task.
2. After reviewing the post-build backup, all fonts are visible across all pages. This appears to have been a dynamic site loading or technical issue rather than a build-related problem. Please refer the post build backup below:
https://my.websites.hibu.com/preview/6cca16628928e640ee65dce82d0fe2e3?device=desktop",Valid,"1. This is marked as a CW Error
2. H3s are still missing on the Post Build Backup. https://snipboard.io/LRCsov.jpg"
Engagement menu not connected&#58; https&#58;//snipboard.io/ZWESOp.jpg,"The Engagement Menu buttons are intended to be connected automatically through Yext data and button collections, as outlined in the documentation. Also we have noticed the all the phone number and CTA links are getting disconnecting, we have notified this in the weekly Dynamic Site Touchpoint call, Assuming this is an technical issue not a build error.",Updated,
">>Design Section Notes:
Call or text pop up not connected&#58; https&#58;//snipboard.io/8YfZaI.jpg
>>Basic Business Information Section Notes:
na
>>Call to Action Section Notes:
na
>>Video Splash Section Notes:
na
>>Callouts,Testimonials and Coupons Section Notes:
na
>>Request,Custom and Contact Form Section Notes:
na
>>Pages Section Notes:
na
>>SEO Section Notes:
na","All the phone number and CTA links are getting disconnecting automatically, we have notified this in the weekly Dynamic Site Touchpoint call, Assuming this is an technical issue not a build error.
",Updated,FYI - There's no need to add the n/a sections in the error column. Please only include the error that you are rebutting. https://snipboard.io/7EXdjO.jpg
Engagement menu not connected https&#58;//snipboard.io/KlL8z5.jpg,"Based on our understanding, the Engagement Menu buttons are intended to be connected automatically through Yext data and button collections, as outlined in the documentation. Also we have noticed the all the phone number and CTA links are getting disconnecting, we have notified this in the weekly Dynamic Site Touchpoint call, Assuming this is an technical issue not a build error.",Updated,
"Call or Text Pop-Up - the phone number was not correct https&#58;//snipboard.io/0IS71o.jpg
","All the phone number and CTA links are getting disconnecting automatically, we have notified this in the weekly Dynamic Site Touchpoint call, Assuming this is an technical issue not a build error.
",Updated,
Engagement menu not connected https&#58;//snipboard.io/yIrpVC.jpg,"The Engagement Menu buttons are intended to be connected automatically through Yext data and button collections, as outlined in the documentation. Also we have noticed the all the phone number and CTA links are getting disconnecting, we have notified this in the weekly Dynamic Site Touchpoint call, Assuming this is an technical issue not a build error.",Updated,
"1. Engagement menu text button, incorrect phone https&#58;//snipboard.io/BoDybM.jpg","1. The Engagement Menu buttons are intended to be connected automatically through Yext data and button collections, as outlined in the documentation. Also we have noticed the all the phone number and CTA links are getting disconnecting, we have notified this in the weekly Dynamic Site Touchpoint call, Assuming this is an technical issue not a build error.",Updated,
https&#58;//imgur.com/a/M7tISPG The text in the header is not balanced.,In the post build backup header text alignment looks fine: https://snipboard.io/aIedz0.jpg,Updated," There's no need to include n/a sections in the error column. To prevent confusion, please only includ the error you're rebutting. https://snipboard.io/Q8nc2i.jpg"
"1. Engagement menu not connected https&#58;//snipboard.io/OymUpf.jpg
2. Check engine light hero shows Kilometers per hour https&#58;//snipboard.io/vZCcnU.jpg","1. Based on our understanding, the Engagement Menu buttons are intended to be connected automatically through Yext data and button collections, as outlined in the documentation. Also we have noticed the all the phone number and CTA links are getting disconnecting, we have notified this in the weekly Dynamic Site Touchpoint call, Assuming this is an technical issue not a build error.
2. Invalid: This image is suitable for the keyword ""Check Engine Light Diagnostics"".The image prominently features a check engine warning icon, which is the most recognizable symbol associated with check engine light diagnostics.
https://snipboard.io/xtjzm9.jpg",Updated,Agreed
"
Home page - replaced the image for Artisanal Craft Margaritas as the image is not of a margarita https&#58;//snipboard.io/iemvM8.jpg

Engagement Menu - Call Us button was not linked to correct phone number https&#58;//snipboard.io/J4is2V.jpg

Payment Options did not include Google Pay as listed on questionnaire https&#58;//snipboard.io/5Nt9Tg.jpg; selected Google Pay in listings https&#58;//snipboard.io/C1YQEw.jpg
","1. Valid
2. Based on our understanding, the Engagement Menu buttons are intended to be connected automatically through Yext data and button collections, as outlined in the documentation.(https://snipboard.io/ofbEU1.jpg). Also we have noticed the all the phone number and CTA links are getting disconnecting, we have notified this in the weekly Dynamic Site Touchpoint call, Assuming this is an technical issue not a build error.
3. Valid",Updated,Agreed
"1. Concrete Joint Sealing image is asphalt, not concrete https://snipboard.io/GEStZC.jpg
2. Concrete Repair image is asphalt, not concrete https://snipboard.io/g91Ari.jpg
3. Navbar doesn't fit 1366 view https://snipboard.io/dGgqcZ.jpg needs page folder as shown in page review document","Requesting to be classified as technical. This is the website where the original backups were unknowingly deleted. The website also experienced connection issues and problems with reverting images. As proof, the images seen by QA still have the reference number, signifying that these images were pulled by AI.
https://snipboard.io/Hwxbi1.jpg",Updated,Fair
"67 - Build: Geo Areas Served section was hidden on the Contact page after CW built it and it was needed - https://snipboard.io/yzhagL.jpg Areas Served anchor link was hidden from the nav bar after CW added it - https://snipboard.io/jMY2an.jpg
75 - Build: Engagement menu phone buttons are not properly linked - https://snipboard.io/O14Xox.jpg ","67. Areas Served was linked to multiple location pages hence, Build removed it from the navigation since it appears incorrect. Please see CW post backup:
https://my.websites.hibu.com/preview/485416f432731de3ca4a0831d8a216dc?device=desktop
https://snipboard.io/cDvGtr.jpg
75.  Build received this website with the buttons not linked. A known issue with Dynamic page websites. As per clarification, this issue is being fixed at the moment.",Updated,67: That is the Geo Page product.  Looks normal minus a typo.  75 - Adjusted
Current site has multiple galleries and there is a signed CCA. Gallery images from current site should have been added to new site as headings were added to gallery page.,"There were no specific instructions in the questionnaire to pull images from the existing website, nor were there any instructions to create a gallery using images from the existing website.
https://snipboard.io/mF1i7I.jpg",Updated,"Q242445: Website Build & QA:

If the client has an existing gallery on their Hibu site it should be added to their new Hibu One site."
21 -  CW: Violation of Protection… page was missing a hero geo. - https://snipboard.io/21YLmQ.jpg ,Invalid - CW backup has a geo: https://snipboard.io/hxAsE1.jpg,Updated,Build error
The pet preventative care page was not generated.,Invalid - the page exists on CW backup: https://snipboard.io/nsHq7Z.jpg,Updated,It appears to 404 after Build
1. SAP directory page: Landscape Contractor not linked https://snipboard.io/LuXlUq.jpg https://snipboard.io/IJ8YHC.jpg,Invalid - the links were connected on CW backup.,Updated,"Agreed, Build was responsible"
Contact: social media missing https://snipboard.io/7zTiRJ.jpg,Invalid - this is a template error.,,Q: Wasn't CW supposed to add it when MIA?   This was from 8/30
"1. Mega menu, Drains and Pipes has 5 pages, Related Services has 9 https://snipboard.io/1R9oaA.jpg 
2. Mega menu, Water Heater CAT has 2 pages, Related Services has 4 https://snipboard.io/FUVhb5.jpg 
3. Mega menu would be better if it weren't expanded fully on hover 4. Emergency Electric CAT title tag 63 char: remove unnecessary ""Services"" ","Invalid - the T2 pages were all included in the nav and the related services widgets
  https://snipboard.io/nrcJOs.jpg . CWs do not collapse mega menu - that is a build task.",Valid,"Agreed, but I don;t see an error for it, just the meta in the SEO section"
Contact: additional payment types should have been copied from About https://snipboard.io/oW98yT.jpg,Invalid - this is a build task.,Updated,
New parking lot copyblock buttons link to homepage https://snipboard.io/refiLO.jpg,Invalid - the buttons lead to the respective pages on CW backup.,Updated,System issue
"NOB inconsistent throughout site, includes full and short versions in places where it should be the full version https://snipboard.io/HiRO7M.jpg NOB on entire site needs to be reviewed, many pages have only the short version or occasionally have the long version after the short version has been used. This includes ALL pages includes SAPs as well as videoscript, H1s, etc https://snipboard.io/NAcdJ5.jpg  ","Invalid - There are conflicting rules on the spec site. The Business Name / NOB page says the common or shortened NOB must be used once on the page (in the intro on Home and CAT pages, anywhere on core pages), and full NOB is only required on the Contact page. The Common Things to Look For When Editing AI Content page says the full NOB without extensions should be used once per page. ",Updated,Is anyone working on this yet?
NOB was not listed as Superior Power Sweep.  https://imgur.com/a/byp3dZt ,"Invalid - this is a DSC error; CWs do not enter NOB in Yext, however, CW should have noticed and corrected.",Updated,
FB was not on the Q and the NOB on that link does not match the Q.  https://imgur.com/a/C3yLcdE ,"Invalid - if FB was filled out in yext, it auto-populates on the site.",Updated,
.https://imgur.com/a/PGcZlHt The address shows as the billing address instead of the physical address.  ,Invalid — Unclear what about this looks like a billing address. This is set up as a location in the questionnaire and the Web Writer site. https://snipboard.io/IWSqRH.jpg,Valid,"It should be Jefferson, LA instead of NOLA"
.https://imgur.com/a/HQ48h1u Specialties are not on the About page.,Invalid - This is a template issue.,Valid,Q: Wouldn't the CW add them if missing to About?  This is different than the contact page social issue.
missing .https://snipboard.io/7hJ9i4.jpg ,Invalid - Template error.,Updated,Updated
Is the Contact/Location page set up correctly?,Invalid — No CW error reported in this category.,Updated,Updated
Adjusted mobile CTA button call or text pop-up so that the text us button is linked to mobile number.,"Invalid: This isn't a Call or Text site - QAE swapped the phone # to the Call or Text button but that’s not what the customer asked for.
questionnaire: https://snipboard.io/uA5l6C.jpg
CW backup: https://snipboard.io/yzZIDv.jpg",Updated,Updated
Contact page: social media from footer missing .https://snipboard.io/nLf74G.jpg,Invalid — Known template problem. ,Updated,Updated
FWR to CW: Reviews weren’t connected. .https://snipboard.io/8pfjMV.jpg .https://snipboard.io/D8FuxY.jpg ,Invalid — CW doesn't connect Reviews.,Updated,Updated
"2. https://snipboard.io/meWKJa.jpg Multi-phone pop-up - was not formatted or linked correctly for the additional locations https://snipboard.io/GF4az6.jpg
 3. Per process when there are additional locations, there should not be an engagement menu https://snipboard.io/H1ym53.jpg","2. Multi-phone popup was not used in this website. Button in the header is linked to the Locations Landing page.
3. This process is currently being clarifed. No final process guide has been provided just yet.",Updated,"Per the new guidelines, the multiphone pop should be linked in the header, not the Locations page. https://snipboard.io/FnreWG.jpg
https://websitespec.hibuone.com/additional-location
New update to the process will be rolled out soon. "
Did not connect the engagement menu https://snipboard.io/5DalPb.jpg,"Build received this website with the buttons not linked. A known issue with Dynamic page websites. As per clarification, this issue is being fixed at the moment.",Updated,New update to the process will be rolled out soon. 
Gallery should not be subpage of Gallery https://snipboard.io/3SzFKv.jpg folder adjusted to Our Work,This setup was introduced by the CW when Build requested for the IG gallery to be created. Please see CW post FWR backup - https://my.websites.hibu.com/preview/13d02ab28b1bcae8e418c508b8db2a94?device=desktop,Updated,"Since there are no responsibilites on who creates the gallery pages, this has been FYI'd."
"1. Home page - alignment of section is incorrect, there is no spacing to the left of the copy block https://snipboard.io/fK8wZy.jpg
2. Engagement Menu - per Additional Locations specification, the engagement menu should be hidden from mobile https://snipboard.io/fzB7vG.jpg","1. Can this be considered a technical issue? Build returned this job to CW, and beforehand, the spacing and alignment of the homepage copy blocks were still correct. Build then returned the job and asked CW if it was possible to change the homepage copy block into a two-column layout since there were only two services. There might be a chance that CW edited the copy block section, which caused the spacing to be deleted and the alignment to be affected.
2. This process is currently being clarifed. No final process guide has been provided just yet.","Valid 
Updated",This is the Post Build backup alignment on the Home page. https://snipboard.io/akqdMb.jpg
"1. Engagement menu not connected https://snipboard.io/z8E3Iv.jpg
2. Breadcrumbs are not visible, needed to be set to white for the black background https://snipboard.io/pYzSab.jpg ","1. Build received this website with the buttons not linked. A known issue with Dynamic page websites. As per clarification, this issue is being fixed at the moment.
2. Can this be tagged as a technical issue? Based on the previous build process for breadcrumbs, the breadcrumb colors automatically adopt the colors used for the body text and links. However, on this job, the breadcrumbs did not adopt the white and orange colors specified by build for the body text and links. Because there was no build update indicating that the breadcrumb color connection or inheritance had changed, Build did not notice that the breadcrumbs were still displaying in black. Given that the breadcrumbs previously followed the body text and link color settings.  this appears to be a technical issue rather than a build oversight.","Updated 
","1. Agreed
2. If this didn't change with the theme color, it should have been caught before moving it forward. https://snipboard.io/I5KgzD.jpg"
"Q: Are the hero images clear and appropriate for the business
Error Note: n/a",No error mentioned.,Updated ,
70: Links on REQ form same color as background. https://snipboard.io/60SrPt.jpg Same with About page. https://snipboard.io/xPjmDa.jpg,"Can this be tagged as a technical issue? Based on the previous build process for breadcrumbs, the breadcrumb colors automatically adopt the colors used for the body text and links. However, on this job, the breadcrumbs did not adopt the white and orange colors specified by build for the body text and links. Because there was no build update indicating that the breadcrumb color connection or inheritance had changed, Build did not notice that the breadcrumbs were still displaying in black. Given that the breadcrumbs previously followed the body text and link color settings.  this appears to be a technical issue rather than a build oversight.",Updated ,"If this didn't change with the theme color, it should have been caught before moving it forward. "
70: https://snipboard.io/pgNODJ.jpg Typography color on mega menu has low CCR on orange background.,"70. Color combination passed the minimum CCR of 3.5.
https://snipboard.io/pgNODJ.jpg",Updated ,
Stock imagery cannot be used in the main gallery tab Deleted all but one of the images as Google Lens shows these are used across several businesses.,Photos used in the gallery are all from the client's website. Supplied images are not considered stock images.,Updated,"Correct. Regardless of image use, any images on the site are considered supplied images. "
70: https://snipboard.io/TzEJPG.jpg Mega menu typography has low CCR with white on green.,Color combination passed the minimum CCR of 3.5. https://snipboard.io/TzEJPG.jpg,Updated,
"Per assumptions - Copywriter removed alternate phone number from listings because it's the same as the main business phone as there is no RCF; however per Google requirements, the alternate number has to match the main business phone https://snipboard.io/TD3Fhw.jpg ","Invalid - an alternate number does not have to be listed if there is no RCF, only the main number.",Valid,"We've been told by Kim C. in the past that all numbers need to stay in the site/Yext in case they show on some listings and not others. If this was changed somewhere, please let us know. "
"Superhero request form title - ""Request Call Back"" changed to ""Request a Call Back"" to match what is on questionnaire per guidelines https://snipboard.io/4JTbtM.jpg   ",Invalid - the article is not required.,Updated,
About: payment types Q245985 do not match https://snipboard.io/cU8khG.jpg,Invalid - this is a known issue; Android Pay is what shows up when Google Pay is selected in Yext. ,Updated,
There appears to have been a copy/paste error with the meta. None of the title tag keywords are appropriate for the pages. https://snipboard.io/ljIWkR.jpg,Invalid - this account was affected by the meta reversion glitch.,Valid,There are other errors with an incomplete geo
"Upwards of 20 pages were still missing from the navigation IE clay tile installation, Residential roof repairs CAT etc. . https://snipboard.io/tqc5rL.jpg",Invalid - this was a technical error with the navmaster and ticket # 24104 was required to correct it.,Updated,
Request page still has three template elements https://snipboard.io/dJSGjy.jpg,Invalid - CW FWR backup shows the page was fully filled out.,Valid,This is on the original QAE. The Request form has template text. https://snipboard.io/or0N6M.jpg
21 - CW: Geo was misspelled in CO so it was misspelled throughout site. - https://snipboard.io/k51SAs.jpg; https://snipboard.io/yeEwBW.jpg,Invalid - this is a DSC error; CWs just follow the questionnaire.,Updated,
Has a backup of the site been saved in HWP by both copywriter and build teams?,Invalid - there are pre- and post-CW backups.,Updated,
Does the navigation follow best practices for the page order?,Invalid - no notes for this category.,Updated,
"1. Roof Repair CAT: copyblock for Wood Shake Repair missing https://snipboard.io/preRQi.jpg

2. Roof Installation CAT: copyblock for TPO Installation missing https://snipboard.io/l1SWBw.jpg ",Invalid - both copy blocks appear on CW backup.,Updated,
"Video widget: script not visible https://snipboard.io/rEmHGi.jpg CW assumption says ""A YOUTUBE VIDEO WAS INSERTED IN THERE BY BUILD, created hibu video above it"" this is incorrect because only hibu videos go in the hibu pop-up video. youtube videos need to be embedded in a different widget unless there is no hibu video, but there will be. also, there is a videoscript present to the left of the hibu video, and that needs to appear in the pop-up https://websitespec.hibuone.com/video","Invalid - the video script was set up correctly on original CW backup but build replaced it with a youtube video, so at the time of FWR, there was no longer a hibu video row. CW did not want to undo build's work.",Updated,
"Superhero request form - form title should be ""Request a Service"" per specification https://snipboard.io/W8qRhc.jpg ",Invalid - the article is not required.,Updated,
"49: Tree Removal Companies -  Title - ? No Error Description - ? Formatting Error - Missing the name of business in the description. https://snipboard.io/Ind0lL.jpg    

Tree Removal Companies -  Title - ? No Error Description - ? Formatting Error - Missing the name of business in the description. https://snipboard.io/ABTolF.jpg   

Tree Removal Companies -  Title - ? No Error Description - ? Formatting Error - Missing the name of business in the description. https://snipboard.io/vZEJkf.jpg   

Tree Removal Companies -  Title - ? No Error Description - ? Formatting Error - Missing the name of business in the description. https://snipboard.io/2PaMA6.jpg   

Tree Removal Companies -  Title - ? No Error Description - ? Formatting Error - Missing the name of business in the description. https://snipboard.io/xS62s1.jpg  ","Invalid - CW followed the ""schedule / request opening"" format which does not require NOB in the description per spec site.",Valid,"The SAP guidelines indicate the NOB is necessary. https://snipboard.io/VYt3jN.jpg
https://websitespec.hibuone.com/title-meta-sap-and-geo-pages"
53: Pruning and Trimming: Tri-state area s/b Tri-State area. https://snipboard.io/yZTzM5.jpg Same with Tree Felling. https://snipboard.io/1cuCEk.jpg ,"Invalid - in a sentence, ""tri-state area"" should be lowercase.",Valid,"The formatting matches the header in the spec site. https://snipboard.io/1NrJkO.jpg
https://websitespec.hibuone.com/geo-display-rules-coverage-area-and-organic-search-geo"
"Are all links for buttons, images and text linked correctly?",Invalid - I could not find notes for this category.,Updated,
"49: German Vehicle Specialist meta title over 60 characters, still has leftover pipe.  https://snipboard.io/oUdcSg.jpg ",Invalid - the meta title was exactly 60 characters: https://snipboard.io/mgqdLY.jpg,Updated,
"Request form: Re: CW assumption, QA unable to find any evidence DSC wants request form. neither detail CW included (Q242837 and https://snipboard.io/Yz3euy.jpg) show anything other than ""visits"" with no mention of wanting a form. unless there is other evidence in favor of a form, all request form elements should be removed.","Invalid - per FWR resolution, DSC suggested we use form fills at writer's discretion: https://snipboard.io/W6IlZY.jpg",Valid,"Based on the response from DSC, it sounds like that information was not available until after the FWR. Please remind CW to include all info and requests in initial assumptions. https://snipboard.io/Vb2Uyj.jpg"
Contact: Open/Close widget 24 hours shouldn't be used with location and get directions as it suggests their actual location is open 24/7,"Invalid - this is a plumber, so it makes sense to display 24 hours. It didn't make sense to display an address, but that's what the client requested.",Valid,We don't use the Open/Closed widget for 24/7 business hours. The intention of the widget is to show how long the business is open that day. It defeats the purpose for 24-hour businesses. 
Beer page description over 160 char: https://snipboard.io/78OkYo.jpg,Invalid - the description is exactly 160 characters: https://snipboard.io/3NaQKq.jpg,Updated,
 video widget: template content https://snipboard.io/Ued3bk.jpg,Invalid - this is not a CW task to remove.,Updated,
video widget contains template content https://snipboard.io/R7vCHF.jpg,Invalid - this is not a CW task to remove.,Updated,
video widget still has template content https://snipboard.io/LfHVtY.jpg CW assumption that this is a build task is incorrect according to my sources,Invalid - this is not a CW task to remove.,Updated,
Twice Build has refused to construct a gallery with images that are not the greatest quality but good enough to be used in a gallery where lesser quality can still be used.,"Images did not meet the recommended 1200px width dimension hence they were not used. An assumption was dropped about this.
https://snipboard.io/NVZAPR.jpg",Updated,Agreed - the images on the existing site were already blurry.
Engagement menu not connected https://snipboard.io/IyQDdC.jpg,"Build received this website with the buttons not linked. A known issue with Dynamic page websites. As per clarification, this issue is being fixed at the moment.",Updated,
Engagement menu not connected https://snipboard.io/zUkYGH.jpg,"Build received this website with the buttons not linked. A known issue with Dynamic page websites. As per clarification, this issue is being fixed at the moment.",Updated,
1. Footer - moved logo out of footer and into logo row above footer information per best practice https://snipboard.io/YdZ5kw.jpg,"1. Per our process, if the badge is singular, it should be placed in the footer column instead of its own section.
https://snipboard.io/7P0viM.jpg",Updated,
Engagement menu not connected https://snipboard.io/sHzk9n.jpg,"Build received this website with the buttons not linked. A known issue with Dynamic page websites. As per clarification, this issue is being fixed at the moment.",Updated,
75 - Build: Engagement menu does not have the call or text buttons properly connected - https://snipboard.io/jkt5Fi.jpg,"2. Build received this website with the buttons not linked. A known issue with Dynamic page websites. As per clarification, this issue is being fixed at the moment.",Updated,
"1. Off road recovery hero does not show a towing service. It shows an offroad truck that can't tow/isn't being towed. https://snipboard.io/sGxfYM.jpg
2. Engagement menu not connected https://snipboard.io/ABlL3X.jpg","1. Off road vehicle towing is not an image available in the library, instead of a generic towing image, Build decided to use a generic off road vehicle on solid ground instead. Requesting for this to be treated as feedback only.
https://snipboard.io/sGxfYM.jpg
2. Build received this website with the buttons not linked. A known issue with Dynamic page websites. As per clarification, this issue is being fixed at the moment.",Updated,
".https://imgur.com/a/XicByKN The address on the site shows as Jefferson, LA on the Q the physical address is New Orleans, LA. ",Invalid — Site said New Orleans in the pre-Build backup. https://snipboard.io/BYmIlZ.jpg,Updated,
Header: no phone number .https://snipboard.io/gUfiD4.jpg,"Invalid — Phone number is present in the CW backup that was sent to Build: https://snipboard.io/oQE6r0.jpg
Phone number disappeared in Build, but disappeared again after QAE handled it. I reached out to Amy and James about this, as the most recent Clone Preview is also missing that phone number.",Updated,I talked to Cordell about this one. There was some Dynamic funkiness going on with the site. 
"All SAPs and service pages, no sidebar content .https://snipboard.io/XdRNCZ.jpg","Invalid — These are also missing in the pre-Clone backup, so the client probably had them removed, and then we would not reinstall them in the Clone. https://my.websites.hibu.com/preview/7121246f314b4b639a1c640fa6311712?t=1789589744990",,No error marked for this. 
 Serving area directory page has no meta content .https://snipboard.io/IhJfc4.jpg, Serving area directory page has no meta content .https://snipboard.io/IhJfc4.jpg,Valid,
"All SAPs and service pages, no sidebar content .https://snipboard.io/XdRNCZ.jpg ",Invalid — Sidebars are not present in the last version of the original site and were presumably removed at the client's request.,Updated,
 No assumption as to why no sidebars. Should have been FWRd due to no assumption on this ,Invalid — Sidebars are not present in the last version of the original site and were presumably removed at the client's request.,Updated,
"Footer - business hours are missing; per guidelines, when there are multiple locations with different hours, the footer includes the hours of the main location .https://snipboard.io/xqyGs8.jpg  ","Invalid — This is not the guideline, and leaving one set of hours in the footer of a multi-location business is likely to confuse users.",,No error marked for this. 
"Per process when there are additional locations, there should not be an engagement menu .https://snipboard.io/H1ym53.jpg ",Invalid — This is not a CW error.,Updated,
".https://snipboard.io/0nE89Z.jpg Review widget wasn’t added, checked CW Backup. 
",Invalid — CWs do not add Reviews widgets. They should come in with the template.,Updated,
Grammar/Spelling: Is all copy grammatically correct and is it spelled correctly?,Invalid — No QAE notes for this category.,Updated,
.https://snipboard.io/1s0R7T.jpg Additional Hours placeholder text s/b removed.,"Invalid — This was a Clone to Add, and the CW did not handle this page as it was not part of the Clone assignment.",Updated,
Phone Number: Are the phone numbers listed correctly?,Invalid — No errors reported for this category.,Updated,
Are the About page Content Library Fields correct per questionnaire and does the Open/Close widget appear in the hero of all pages?,Invalid — No error reported in this category,Updated,
Was the content used in the site per questionnaire instructions?,Invalid — No error reported for this category.,Updated,
Was the content used in the site per questionnaire instructions?,Invalid — No error reported for this category.,Updated,
"Q245845 ""Only have form on Contact us page"" therefore the hero request form should be removed","Invalid — All instructions regarding forms on this site are confusing. Questionnaire has one thing ( https://snipboard.io/uY16eF.jpg ) and the FIR resolution has another ( https://snipboard.io/AO1uUd.jpg ). Writer assumed this to mean to keep the Request form ( https://snipboard.io/4kphKC.jpg ) and related hero forms per standard practice. It's better to err on the side of including the hero forms, as the DSC or client can remove them during proofing if they're truly not wanted. They're easier to remove than to add.",Updated,"Agreed - This is some DSC feedback if I've ever seen it. However, an assumption would have been helpful in moving it forward."
"CW assumption: ""Casual NOB version – per their FAQs, it is Thouro Kleen. I ended up using this in some meta titles to get under the character limit."" as my QA sources, a shortened NOB must be in the questionnaire. use of it in FAQs does not qualify as being used in places such as title tags.","Invalid — Finding the shorter version in the FAQs is fine, especially with this business's unique name.",Valid,We usually need the approval of the customer to use the shortened version of the name (on the Questionnaire as it's also recorded on the consultation). We shouldn't just shortend the name without that approval. 
"Bobcat Services: FYI, you can shorten titles by removing Services from meta: .https://snipboard.io/xFz6cR.jpg ","Invalid — Without the ""Services,"" it's not clear that this business performs services with a Bobcat. It could sound like they sell Bobcats, or even that they mean the animal. The description in the screencap would say ""We offer Bobcat, brush removal, driveway grading, and yard grading."" The title would just say ""Bobcat | Metro East IL,"" which sounds like they sell them.",Updated,
"1. Deleted text us button and linked call us button to the multi phone pop-up in the engagement menu. -Linked get directions button in engagement menu to locations page rather than just primary location. -Locations page needs to have dropdowns like best practices.
2. FWR to Build: -The spacing is off on the NAV between about and the dropdown arrow, and I don’t know how to fix it. -On laptop, a few of the fitness classes are cut off in the mega menu.","1. Build followed the old engagement menu process for this website. The updated process of deleting the engagement menu was only cascaded to the team this week as part of the dispatch.

2. Technical issue. There is currently no known or cascaded solution for addressing the spacing issue between the arrow and the navigation title: https://snipboard.io/Qe7Gvy.jpg
The mega menu also appears to be functioning correctly on our end at a 1366 × 768 resolution: https://snipboard.io/XODazg.jpg
It is also part of QAE’s process to ensure that there are no scroll bars in the mega menu and that no links are cut off.",Updated,The previous process had the call button on the engagement menu linking to the multi-pop. There's no mention in the error of deleting the engagement menu in the error. 
https://imgur.com/a/eWyZHbW Text in the header is not balanced. It is off by 1 or 2 pixels.,"Upon checking Build's backup, the header alignment is properly aligned. Please note that Build checks the alignment on website preview and not on the editor. 
https://my.websites.hibu.com/preview/0eff09c780583aaa977dc1c9bed8d4f1?device=desktop
https://snipboard.io/QD061W.jpg",Updated,
49: Blog post text is what was placed in the blog post meta descriptions. https://snipboard.io/xUf9IW.jpg ,Invalid - CWs do not import blog posts and only do meta on the main blog page. ,Updated,
"45: Venmo and CashApp not on Contact page.   https://snipboard.io/37rkQL.jpg 

47: Breadcrumbs on Home page desktop view.  https://snipboard.io/KkDhgY.jpg ","1: Invalid - CWs only add additional payments to About page; build should update Contact page.
2: Invalid - no breadcrumbs appear on CW backup.",Updated,"1. This is marked as a build error
2. Agreed"
Footer - hid service area since the business has a physical location where customers go https://snipboard.io/JEfOl0.jpg ,Invalid - it's fine to include service area because the business also offers towing.,Valid,"We don't use hybrid footers with the new Coverage Area and Organic Search policies. 
https://snipboard.io/MZYAlt.jpg
https://websitespec.hibuone.com/geo-display-rules-coverage-area-and-organic-search-geo"
Do the headlines and body copy follow the writing style guidelines and best practices?,Invalid - could not find an error for this category.,Updated,
36: Services field on form fill not connected to Services & Products form collection. https://snipboard.io/EkZvx3.jpg ,Invalid - the dropdown is connected on CW backup.,Updated,
"47: CTA links s/b Contact page, not the form fill, per Q245219. https://snipboard.io/U03jRf.jpg https://snipboard.io/R8wxDc.jpg https://snipboard.io/DQG5sI.jpg Some links to Contact, not form fill, please correct. ",Invalid - the primary CTA was form fills.,Updated,
"47: FWR: Dead Contact links on intro blocks of Home page, Gutter Services, Construction Services, Agricultural Services, Residential Roofing, and Commercial Roofing CATs: https://snipboard.io/GrWUXN.jpg https://snipboard.io/U6tHQN.jpg https://snipboard.io/zK5ami.jpg https://snipboard.io/cLE2Si.jpg https://snipboard.io/2zQxWT.jpg Dead Gutter Installations links: https://snipboard.io/T7fCtE.jpg https://snipboard.io/VOJzys.jpg  ",Invalid - already deducted in the linking category.,Updated,
47 - CW: Hero H2 was not connected to the collection on the 2 new SAPs - https://snipboard.io/kXUsK3.jpg,Invalid - all H2s look to be connected on CW backup.,Updated,
"49: https://snipboard.io/kghBCw.jpg Do the needful when it comes to reducing character count, esp. “Services.” https://snipboard.io/xTzDVA.jpg  

Specialty Roof Repairs: extra space in title. https://snipboard.io/9FVYJL.jpg  ","Invalid - it was fine to leave 'services' because it still met the 6- character limit. 

Invalid - no extra space in Specialty Roof Repairs title on CW backup. ",Updated,
Is the meta description set up for each page?,Invalid - could not find an error for this category.,Updated,
"3. E & O Insurance page content inconsistency includes ""E&O"" but page name is ""E and O"" https://snipboard.io/SLE8Yz.jpg ",Invalid - The page name was E&O Insurance  and all body copy had 'E&O insurance'- I'm not sure what the inconsistency is.,Valid,The inconsistency is the copy content and the related services page name don't match. 
"Footer: Is the footer set up correctly on all views: desktop, tablet and mobile",Invalid - could not find an error for this category.,Updated,
CAT meta titles can be reduced by removing “Services.” .https://snipboard.io/8pDitJ.jpg ,"Invalid — ""Commercial"" without services is not a functional meta.
FWIW, this is the same QAE who did line 58 above about the Bobcats with the same puzzling request to remove ""Services.""",Updated,We're on it. Not sure where this is coming from. 
The site was set up with a single copy block on the home page with the assumption that there is only 1 CAT. This is incorrect. Page review requests a second CAT page for Menus. Alternately all of the pages under the catering CAT could have been moved to t1 and had copy blocks on the home page. ,Invalid — This got complicated and we sorted it out with James.,Updated,Well this sounds fun. 
FAQs on Funeral & Memorial Catering weren’t connected. .https://snipboard.io/IukW1P.jpg ,Invalid — FAQs are connected in the CW backup. https://snipboard.io/nth3DF.jpg,Updated,Looks like this happened during build. 
"Geo ""Shelton, CT Area"" used throughout title tags. This should just be Shelton, CT. ","Invalid — This is a service area business - per the Spec Site, ""area"" is OK for meta title tags… it’s in all these examples: https://websitespec.hibuone.com/title-meta-core-product-service-page",Updated,
Stand-alone internal pages do not get the related services block.  https://imgur.com/a/g0WKZUl ,Invalid - neither of the standalone T1 pages have the related services widget on CW backup.,Updated,This was added during build
27: Yelp not included on social links. https://snipboard.io/stNZbE.jpg https://snipboard.io/ut0FzQ.jpg ,Invalid - this is a build task.,,I can't find anything that says this is a build task. Please supply that information. 
FWR to CW: Can you change any mention of Midshore to Mid-Shore.  ,Invalid - this is how it was entered on the questionnaire; DSC error.,Updated,
FWR to CW: The call or text pop-up is missing text us button.,"Invalid - this should come delivered on the template, CWs do not add or edit it.",Updated,"It was there on post CW backup, but missing on the post Build backup. https://my.websites.hibu.com/preview/2de86f04265a5b7c4a99393c51efdf51?device=desktop"
Yelp needs to be added.,Invalid - this is a build task.,,I can't find anything that says this is a build task. Please supply that information. 
27: Yelp was not added to links. https://snipboard.io/lGiwS3.jpg https://snipboard.io/lP7YCb.jpg  ,Invalid - this is a build task.,,I can't find anything that says this is a build task. Please supply that information. 
7: FWR TO COPY: Home page has breadcrumbs. https://snipboard.io/6wyYgv.jpg  ,Invalid - no breadcrumbs on CW backup.,Updated,
"Are all links for buttons, images and text linked correctly?",Invalid - could not find an error for this category.,Updated,
"54: Changed Free Estimates MoFac to Free Estimates Within 24 to 48 Hours for SQOT (SPEED, Quality, Offers, TIME).  ","Invalid - it's fine to just use ""free estimates"" in the hero and ""free estimates within 24 to 48 hours was used in the why choose section.",Valid,"The new roof completion time and years of experience are also in the Why Choose section. Consistency is better for the end user and ""within 24-48 hours"" is a part of the mo fac in the questionnaire, so it should have been used. "
22: Mobile header Call/Text button should redirect to the Call/Text pop up. https://snipboard.io/9wDW2l.jpg .,Invalid - the button links to the call/text popup on CW backup.,Updated,This happened during build
40: The specific links for Order Bread Online and Order Pastries Online both just have links for Google. https://snipboard.io/ltT3dz.jpg https://snipboard.io/UrzYne.jpg  Links were listed in their assumptions.  https://snipboard.io/IgGpzY.jpg,Invalid - the links go to the correct pages on CW backup. https://snipboard.io/falHNc.jpg https://snipboard.io/WIp3Cs.jpg,Updated,
27: Yelp link should have been added. https://snipboard.io/AykoMD.jpg https://snipboard.io/Obondv.jpg https://snipboard.io/lQ5qmV.jpg  ,Invalid - this is a build task.,,I can't find anything that says this is a build task. Please supply that information. 
Phone Number: Are the phone numbers listed correctly?,Invalid - could not find an error for this category.,Updated,
Business Hours: Are business hours and federal holidays listed correctly?,Invalid - could not find an error for this category.,Updated,
47 - CW: All body copy CTA links were broken - https://snipboard.io/gUrfZn.jpg,Invalid - the CTA links work on CW backup.,updated,Happened during build
"60: Q245802 states, ""BPA Certified"". CW's assumption states they assume this means ""BPA-Free Materials"" which isn't what was supplied. This question wouldn't be where you put that kind of information on the questionnaire. https://snipboard.io/duPOJx.jpg -Asking ""BPA Certified"" brings up several certifications and reading through them doesn't really help indicate what that means. https://snipboard.io/WSflIn.jpg  -Adding a little more info inadvertently pinpoints the BPA Certification to the exact business this site is for.  https://snipboard.io/fp4n5a.jpg","
Invalid - the CW was most likely correct in BPA free materials; the business creates signs and flags - a certification for Business Professionals of America does not make sense for this business. A BPA-free certification makes much more sense for this type of business.",Valid,"I think the point of the error is that CW should not have made an assumption without knowing what that term meant. It's better to ask the DSC to clarify during proofing than to include the wrong information. 

BPA-free usually refers to food safety. Water bottles, food storage containers, etc. Since there is no reason for signs and flags to be BPA free, that doesn't seem like an accurate assumption."
The team info pulled over from the old site was not asked for. https://imgur.com/a/NLV76er ,Invalid - CWs can bring over existing content if it matches the new site pages. It is assumed this is what they wanted for their Team page rather than generic team content.,Updated,"If there is no indication that the customer wants that info on the Teams page, we run the risk of including incorrect content such as an outdated employee list. "
Please balance the copy blocks on the Medications CAT page as a two-by-two structure instead of three-by-one to avoid as much blank space on the page. https://snipboard.io/90gUXD.jpg,Invalid - this is a build task.,Updated,
"In the drop-down, services or products is not listed. https://imgur.com/a/jqZHr3B ",Invalid - there is no request form on this site.,Updated,
47: Hot Tub Refresh FAQs not connected. https://snipboard.io/MEgbOp.jpg ,Invalid - the FAQs were connected on CW backup.,Valid,"After the FWR from Build, the connection was broken because the URL was updated. 
postfwrcontent2_lauranachman
Sep 28, 2026 14:44: https://my.websites.hibu.com/preview/f6154f3680903162560b31b630d63e82?device=desktop"
"49: FAQs: Description - ? **Consistency Error** - Mentions ""driveway sealing services,"" which is inconsistent with the site's gravel driveway and grading services. https://snipboard.io/uPz1DJ.jpg","Invalid - the client listed ""Driveway sealing"" as their business type.   ",Valid,All of the pages and services are Gravel Driveways. We should go off the site content instead of the business type. There are limited options in the business type question on the questionnaire. 
